symbol,name,ticktime,price,volume,prev_price,kind
sh600887,伊利股份,09:25:01,27.14,302300,0.0,U
sh600887,伊利股份,09:30:00,27.14,161748,27.14,D
sh600887,伊利股份,09:30:03,27.14,9000,27.14,D
sh600887,伊利股份,09:30:06,27.14,24800,27.14,D
sh600887,伊利股份,09:30:09,27.12,46452,27.14,D
sh600887,伊利股份,09:30:12,27.13,35200,27.12,U
sh600887,伊利股份,09:30:15,27.14,29600,27.13,U
sh600887,伊利股份,09:30:18,27.12,76100,27.14,E
sh600887,伊利股份,09:30:21,27.17,85600,27.12,U
sh600887,伊利股份,09:30:24,27.14,108900,27.17,D
sh600887,伊利股份,09:30:27,27.18,117700,27.14,U
sh600887,伊利股份,09:30:30,27.14,64800,27.18,U
sh600887,伊利股份,09:30:33,27.18,97700,27.14,U
sh600887,伊利股份,09:30:36,27.19,158100,27.18,U
sh600887,伊利股份,09:30:39,27.2,331300,27.19,U
sh600887,伊利股份,09:30:42,27.2,45400,27.2,U
sh600887,伊利股份,09:30:45,27.18,96100,27.2,U
sh600887,伊利股份,09:30:48,27.18,42200,27.18,D
sh600887,伊利股份,09:30:51,27.18,18300,27.18,U
sh600887,伊利股份,09:30:54,27.1,53500,27.18,D
sh600887,伊利股份,09:30:57,27.1,89100,27.1,U
sh600887,伊利股份,09:31:00,27.11,18000,27.1,U
sh600887,伊利股份,09:31:03,27.14,42800,27.11,U
sh600887,伊利股份,09:31:06,27.18,54700,27.14,U
sh600887,伊利股份,09:31:09,27.18,91200,27.18,U
sh600887,伊利股份,09:31:12,27.19,79300,27.18,U
sh600887,伊利股份,09:31:15,27.21,121400,27.19,U
sh600887,伊利股份,09:31:18,27.19,61200,27.21,D
sh600887,伊利股份,09:31:21,27.2,62600,27.19,D
sh600887,伊利股份,09:31:24,27.2,43100,27.2,U
sh600887,伊利股份,09:31:27,27.2,26000,27.2,D
sh600887,伊利股份,09:31:30,27.24,171500,27.2,U
sh600887,伊利股份,09:31:33,27.23,82500,27.24,D
sh600887,伊利股份,09:31:36,27.24,123700,27.23,U
sh600887,伊利股份,09:31:39,27.24,133700,27.24,D
sh600887,伊利股份,09:31:42,27.24,57500,27.24,D
sh600887,伊利股份,09:31:45,27.23,49000,27.24,D
sh600887,伊利股份,09:31:48,27.25,47900,27.23,U
sh600887,伊利股份,09:31:51,27.24,29500,27.25,D
sh600887,伊利股份,09:31:57,27.24,24300,27.24,D
sh600887,伊利股份,09:32:00,27.24,21600,27.24,U
sh600887,伊利股份,09:32:03,27.23,39100,27.24,D
sh600887,伊利股份,09:32:06,27.24,85600,27.23,U
sh600887,伊利股份,09:32:09,27.23,30100,27.24,D
sh600887,伊利股份,09:32:12,27.22,24500,27.23,D
sh600887,伊利股份,09:32:15,27.2,61300,27.22,D
sh600887,伊利股份,09:32:18,27.2,18317,27.2,E
sh600887,伊利股份,09:32:21,27.2,38800,27.2,D
sh600887,伊利股份,09:32:24,27.19,30400,27.2,D
sh600887,伊利股份,09:32:27,27.19,21500,27.19,D
sh600887,伊利股份,09:32:30,27.19,22000,27.19,D
sh600887,伊利股份,09:32:33,27.19,37200,27.19,D
sh600887,伊利股份,09:32:36,27.19,15100,27.19,U
sh600887,伊利股份,09:32:39,27.19,63000,27.19,U
sh600887,伊利股份,09:32:42,27.19,14900,27.19,U
sh600887,伊利股份,09:32:45,27.21,101200,27.19,U
sh600887,伊利股份,09:32:48,27.22,9700,27.21,E
sh600887,伊利股份,09:32:54,27.23,35000,27.22,U
sh600887,伊利股份,09:32:57,27.23,15200,27.23,U
sh600887,伊利股份,09:33:00,27.22,9900,27.23,D
sh600887,伊利股份,09:33:03,27.25,102600,27.22,U
sh600887,伊利股份,09:33:06,27.25,79800,27.25,U
sh600887,伊利股份,09:33:09,27.24,32600,27.25,D
sh600887,伊利股份,09:33:12,27.25,30000,27.24,U
sh600887,伊利股份,09:33:15,27.24,33200,27.25,D
sh600887,伊利股份,09:33:18,27.24,17200,27.24,U
sh600887,伊利股份,09:33:21,27.23,18600,27.24,D
sh600887,伊利股份,09:33:24,27.24,39600,27.23,U
sh600887,伊利股份,09:33:27,27.23,10700,27.24,D
sh600887,伊利股份,09:33:30,27.23,45300,27.23,D
sh600887,伊利股份,09:33:33,27.23,10000,27.23,U
sh600887,伊利股份,09:33:36,27.23,19400,27.23,U
sh600887,伊利股份,09:33:42,27.23,22800,27.22,U
sh600887,伊利股份,09:33:45,27.24,64300,27.23,U
sh600887,伊利股份,09:33:48,27.24,16200,27.24,D
sh600887,伊利股份,09:33:51,27.24,27400,27.24,D
sh600887,伊利股份,09:33:54,27.24,8700,27.24,U
sh600887,伊利股份,09:33:57,27.23,11800,27.24,D
sh600887,伊利股份,09:34:00,27.23,9900,27.23,D
sh600887,伊利股份,09:34:03,27.25,120700,27.23,U
sh600887,伊利股份,09:34:06,27.26,57700,27.25,E
sh600887,伊利股份,09:34:09,27.26,8700,27.26,D
sh600887,伊利股份,09:34:12,27.26,19200,27.26,D
sh600887,伊利股份,09:34:15,27.25,24100,27.26,D
sh600887,伊利股份,09:34:18,27.24,21200,27.25,D
sh600887,伊利股份,09:34:21,27.24,19300,27.24,D
sh600887,伊利股份,09:34:24,27.24,48000,27.24,U
sh600887,伊利股份,09:34:27,27.24,21000,27.24,U
sh600887,伊利股份,09:34:30,27.25,33700,27.24,U
sh600887,伊利股份,09:34:33,27.24,12800,27.25,D
sh600887,伊利股份,09:34:36,27.24,14200,27.24,D
sh600887,伊利股份,09:34:42,27.26,109200,27.23,U
sh600887,伊利股份,09:34:45,27.25,12800,27.26,D
sh600887,伊利股份,09:34:48,27.25,29400,27.25,D
sh600887,伊利股份,09:34:51,27.25,40700,27.25,U
sh600887,伊利股份,09:34:54,27.25,12800,27.25,U
sh600887,伊利股份,09:34:57,27.27,61300,27.25,U
sh600887,伊利股份,09:35:00,27.28,215300,27.27,U
sh600887,伊利股份,09:35:03,27.29,112800,27.28,U
sh600887,伊利股份,09:35:06,27.3,21600,27.29,U
sh600887,伊利股份,09:35:09,27.3,13900,27.3,U
sh600887,伊利股份,09:35:12,27.3,43000,27.3,U
sh600887,伊利股份,09:35:15,27.29,25500,27.3,D
sh600887,伊利股份,09:35:18,27.28,43700,27.29,D
sh600887,伊利股份,09:35:21,27.26,23800,27.28,D
sh600887,伊利股份,09:35:24,27.24,53700,27.26,D
sh600887,伊利股份,09:35:27,27.27,17500,27.24,E
sh600887,伊利股份,09:35:30,27.27,14500,27.27,U
sh600887,伊利股份,09:35:33,27.27,41900,27.27,D
sh600887,伊利股份,09:35:42,27.27,12200,27.26,U
sh600887,伊利股份,09:35:45,27.27,13600,27.27,D
sh600887,伊利股份,09:35:48,27.26,17200,27.27,D
sh600887,伊利股份,09:35:54,27.27,7700,27.26,U
sh600887,伊利股份,09:35:57,27.27,19000,27.27,U
sh600887,伊利股份,09:36:03,27.26,27200,27.26,U
sh600887,伊利股份,09:36:06,27.25,19100,27.26,D
sh600887,伊利股份,09:36:12,27.25,9800,27.25,D
sh600887,伊利股份,09:36:15,27.25,7600,27.25,U
sh600887,伊利股份,09:36:21,27.23,26000,27.24,D
sh600887,伊利股份,09:36:24,27.22,10600,27.23,D
sh600887,伊利股份,09:36:27,27.21,16400,27.22,D
sh600887,伊利股份,09:36:30,27.21,17900,27.21,D
sh600887,伊利股份,09:36:33,27.2,21900,27.21,D
sh600887,伊利股份,09:36:36,27.19,98300,27.2,D
sh600887,伊利股份,09:36:39,27.19,12600,27.19,U
sh600887,伊利股份,09:36:42,27.19,47000,27.19,U
sh600887,伊利股份,09:36:45,27.19,7700,27.19,U
sh600887,伊利股份,09:36:48,27.18,12500,27.19,D
sh600887,伊利股份,09:36:51,27.16,15600,27.18,D
sh600887,伊利股份,09:36:54,27.17,12200,27.16,E
sh600887,伊利股份,09:37:00,27.17,14900,27.16,E
sh600887,伊利股份,09:37:03,27.16,18200,27.17,D
sh600887,伊利股份,09:37:06,27.15,8200,27.16,D
sh600887,伊利股份,09:37:09,27.16,27600,27.15,E
sh600887,伊利股份,09:37:12,27.15,22700,27.16,D
sh600887,伊利股份,09:37:15,27.15,9000,27.15,U
sh600887,伊利股份,09:37:18,27.15,15800,27.15,U
sh600887,伊利股份,09:37:24,27.14,19400,27.15,D
sh600887,伊利股份,09:37:27,27.15,55100,27.14,U
sh600887,伊利股份,09:37:33,27.14,19100,27.14,D
sh600887,伊利股份,09:37:39,27.14,24600,27.15,D
sh600887,伊利股份,09:37:42,27.15,17100,27.14,U
sh600887,伊利股份,09:37:45,27.15,8200,27.15,U
sh600887,伊利股份,09:37:48,27.13,28000,27.15,D
sh600887,伊利股份,09:37:54,27.14,13100,27.13,U
sh600887,伊利股份,09:37:57,27.13,11300,27.14,D
sh600887,伊利股份,09:38:00,27.13,7400,27.13,D
sh600887,伊利股份,09:38:03,27.13,11800,27.13,D
sh600887,伊利股份,09:38:12,27.13,7400,27.13,D
sh600887,伊利股份,09:38:15,27.13,11600,27.13,D
sh600887,伊利股份,09:38:18,27.14,10500,27.13,U
sh600887,伊利股份,09:38:21,27.13,9900,27.14,D
sh600887,伊利股份,09:38:24,27.13,12100,27.13,D
sh600887,伊利股份,09:38:30,27.14,8400,27.14,U
sh600887,伊利股份,09:38:33,27.14,7900,27.14,U
sh600887,伊利股份,09:38:36,27.14,21200,27.14,U
sh600887,伊利股份,09:38:39,27.14,20300,27.14,U
sh600887,伊利股份,09:38:42,27.14,10700,27.14,D
sh600887,伊利股份,09:38:45,27.14,19700,27.14,D
sh600887,伊利股份,09:38:48,27.15,12100,27.14,U
sh600887,伊利股份,09:38:51,27.15,19800,27.15,U
sh600887,伊利股份,09:38:54,27.17,21600,27.15,U
sh600887,伊利股份,09:38:57,27.14,11500,27.17,D
sh600887,伊利股份,09:39:00,27.15,12000,27.14,D
sh600887,伊利股份,09:39:03,27.15,10300,27.15,D
sh600887,伊利股份,09:39:06,27.14,29600,27.15,D
sh600887,伊利股份,09:39:09,27.17,21900,27.14,U
sh600887,伊利股份,09:39:12,27.17,9500,27.17,D
sh600887,伊利股份,09:39:18,27.16,7900,27.17,D
sh600887,伊利股份,09:39:24,27.17,8000,27.17,U
sh600887,伊利股份,09:39:27,27.16,22800,27.17,D
sh600887,伊利股份,09:39:30,27.17,15700,27.16,U
sh600887,伊利股份,09:39:36,27.15,14500,27.17,D
sh600887,伊利股份,09:39:48,27.16,25000,27.17,D
sh600887,伊利股份,09:39:54,27.16,35500,27.15,U
sh600887,伊利股份,09:39:57,27.14,18900,27.16,D
sh600887,伊利股份,09:40:00,27.16,9700,27.14,U
sh600887,伊利股份,09:40:03,27.16,8200,27.16,U
sh600887,伊利股份,09:40:06,27.16,13400,27.16,U
sh600887,伊利股份,09:40:12,27.16,12800,27.16,U
sh600887,伊利股份,09:40:15,27.15,12900,27.16,D
sh600887,伊利股份,09:40:18,27.16,20500,27.15,U
sh600887,伊利股份,09:40:21,27.17,15100,27.16,U
sh600887,伊利股份,09:40:24,27.19,19000,27.17,U
sh600887,伊利股份,09:40:27,27.17,7400,27.19,D
sh600887,伊利股份,09:40:33,27.18,15000,27.17,U
sh600887,伊利股份,09:40:36,27.17,12700,27.18,D
sh600887,伊利股份,09:40:42,27.18,17300,27.19,U
sh600887,伊利股份,09:40:48,27.18,9900,27.18,D
sh600887,伊利股份,09:40:54,27.18,12500,27.18,U
sh600887,伊利股份,09:41:06,27.17,8700,27.17,U
sh600887,伊利股份,09:41:12,27.18,20800,27.18,U
sh600887,伊利股份,09:41:15,27.18,28200,27.18,D
sh600887,伊利股份,09:41:18,27.18,16500,27.18,D
sh600887,伊利股份,09:41:21,27.2,8800,27.18,E
sh600887,伊利股份,09:41:24,27.18,8400,27.2,D
sh600887,伊利股份,09:41:36,27.19,12300,27.2,E
sh600887,伊利股份,09:41:39,27.19,14800,27.19,U
sh600887,伊利股份,09:41:42,27.19,8500,27.19,U
sh600887,伊利股份,09:41:45,27.19,12100,27.19,U
sh600887,伊利股份,09:41:48,27.18,7400,27.19,D
sh600887,伊利股份,09:41:51,27.19,7600,27.18,U
sh600887,伊利股份,09:41:54,27.19,14600,27.19,U
sh600887,伊利股份,09:41:57,27.18,34700,27.19,D
sh600887,伊利股份,09:42:03,27.19,23700,27.19,D
sh600887,伊利股份,09:42:06,27.2,36900,27.19,U
sh600887,伊利股份,09:42:09,27.22,53700,27.2,U
sh600887,伊利股份,09:42:12,27.22,30800,27.22,D
sh600887,伊利股份,09:42:18,27.22,7700,27.22,U
sh600887,伊利股份,09:42:21,27.23,18800,27.22,U
sh600887,伊利股份,09:42:27,27.24,32500,27.23,U
sh600887,伊利股份,09:42:30,27.23,11800,27.24,D
sh600887,伊利股份,09:42:33,27.24,43400,27.23,U
sh600887,伊利股份,09:42:36,27.23,13900,27.24,D
sh600887,伊利股份,09:42:42,27.22,9700,27.24,D
sh600887,伊利股份,09:42:45,27.24,13500,27.22,U
sh600887,伊利股份,09:42:48,27.24,17300,27.24,U
sh600887,伊利股份,09:42:51,27.24,15600,27.24,U
sh600887,伊利股份,09:42:54,27.22,12100,27.24,D
sh600887,伊利股份,09:42:57,27.22,9000,27.22,D
sh600887,伊利股份,09:43:00,27.22,15900,27.22,D
sh600887,伊利股份,09:43:03,27.23,14800,27.22,U
sh600887,伊利股份,09:43:06,27.25,48500,27.23,U
sh600887,伊利股份,09:43:09,27.23,22800,27.25,D
sh600887,伊利股份,09:43:12,27.23,22500,27.23,U
sh600887,伊利股份,09:43:15,27.23,8900,27.23,U
sh600887,伊利股份,09:43:21,27.24,13400,27.23,U
sh600887,伊利股份,09:43:24,27.23,9700,27.24,D
sh600887,伊利股份,09:43:27,27.23,8400,27.23,U
sh600887,伊利股份,09:43:36,27.23,14700,27.23,U
sh600887,伊利股份,09:43:39,27.23,16700,27.23,U
sh600887,伊利股份,09:43:42,27.23,8000,27.23,D
sh600887,伊利股份,09:43:45,27.23,13300,27.23,U
sh600887,伊利股份,09:43:48,27.23,7800,27.23,U
sh600887,伊利股份,09:43:51,27.23,9100,27.23,D
sh600887,伊利股份,09:43:54,27.22,27200,27.23,D
sh600887,伊利股份,09:43:57,27.22,14000,27.22,U
sh600887,伊利股份,09:44:00,27.22,12200,27.22,U
sh600887,伊利股份,09:44:03,27.22,9100,27.22,U
sh600887,伊利股份,09:44:06,27.24,61300,27.22,U
sh600887,伊利股份,09:44:09,27.24,120600,27.24,D
sh600887,伊利股份,09:44:12,27.24,38300,27.24,U
sh600887,伊利股份,09:44:15,27.24,36300,27.24,U
sh600887,伊利股份,09:44:18,27.25,50300,27.24,U
sh600887,伊利股份,09:44:21,27.25,14300,27.25,D
sh600887,伊利股份,09:44:24,27.25,7800,27.25,D
sh600887,伊利股份,09:44:30,27.24,48300,27.25,D
sh600887,伊利股份,09:44:33,27.25,12769,27.24,U
sh600887,伊利股份,09:44:36,27.24,17931,27.25,D
sh600887,伊利股份,09:44:39,27.25,26069,27.24,U
sh600887,伊利股份,09:44:45,27.24,18700,27.24,U
sh600887,伊利股份,09:44:48,27.23,64600,27.24,D
sh600887,伊利股份,09:44:51,27.23,35200,27.23,D
sh600887,伊利股份,09:44:54,27.23,9600,27.23,U
sh600887,伊利股份,09:44:57,27.25,13600,27.23,U
sh600887,伊利股份,09:45:03,27.23,24000,27.23,D
sh600887,伊利股份,09:45:06,27.23,13100,27.23,D
sh600887,伊利股份,09:45:12,27.24,7900,27.24,D
sh600887,伊利股份,09:45:15,27.25,27500,27.24,U
sh600887,伊利股份,09:45:18,27.26,37500,27.25,U
sh600887,伊利股份,09:45:21,27.25,42900,27.26,D
sh600887,伊利股份,09:45:24,27.25,8700,27.25,D
sh600887,伊利股份,09:45:27,27.25,17700,27.25,D
sh600887,伊利股份,09:45:33,27.25,12300,27.26,D
sh600887,伊利股份,09:45:36,27.25,16500,27.25,U
sh600887,伊利股份,09:45:39,27.26,55200,27.25,U
sh600887,伊利股份,09:45:42,27.27,32700,27.26,U
sh600887,伊利股份,09:45:45,27.27,50800,27.27,U
sh600887,伊利股份,09:45:48,27.27,21500,27.27,U
sh600887,伊利股份,09:45:51,27.27,49700,27.27,U
sh600887,伊利股份,09:45:54,27.27,117700,27.27,D
sh600887,伊利股份,09:45:57,27.28,59100,27.27,D
sh600887,伊利股份,09:46:00,27.3,99600,27.28,U
sh600887,伊利股份,09:46:03,27.3,279100,27.3,U
sh600887,伊利股份,09:46:06,27.29,185900,27.3,D
sh600887,伊利股份,09:46:09,27.3,12600,27.29,D
sh600887,伊利股份,09:46:12,27.29,50900,27.3,D
sh600887,伊利股份,09:46:15,27.3,26600,27.29,U
sh600887,伊利股份,09:46:18,27.3,26800,27.3,D
sh600887,伊利股份,09:46:21,27.29,38000,27.3,E
sh600887,伊利股份,09:46:24,27.29,60500,27.29,U
sh600887,伊利股份,09:46:27,27.29,29700,27.29,U
sh600887,伊利股份,09:46:30,27.29,25700,27.29,U
sh600887,伊利股份,09:46:33,27.28,20300,27.29,D
sh600887,伊利股份,09:46:36,27.27,14200,27.28,D
sh600887,伊利股份,09:46:39,27.27,10700,27.27,D
sh600887,伊利股份,09:46:42,27.27,18200,27.27,U
sh600887,伊利股份,09:46:51,27.26,27000,27.26,D
sh600887,伊利股份,09:46:54,27.26,20300,27.26,D
sh600887,伊利股份,09:46:57,27.26,20400,27.26,D
sh600887,伊利股份,09:47:00,27.29,8200,27.26,U
sh600887,伊利股份,09:47:03,27.26,21900,27.29,D
sh600887,伊利股份,09:47:06,27.25,15000,27.26,D
sh600887,伊利股份,09:47:09,27.26,15800,27.25,U
sh600887,伊利股份,09:47:12,27.26,30500,27.26,U
sh600887,伊利股份,09:47:18,27.26,11600,27.26,D
sh600887,伊利股份,09:47:24,27.26,17500,27.26,D
sh600887,伊利股份,09:47:27,27.26,12100,27.26,U
sh600887,伊利股份,09:47:30,27.25,9100,27.26,D
sh600887,伊利股份,09:47:33,27.25,11300,27.25,D
sh600887,伊利股份,09:47:36,27.24,18600,27.25,D
sh600887,伊利股份,09:47:39,27.22,34400,27.24,D
sh600887,伊利股份,09:47:42,27.22,27800,27.22,D
sh600887,伊利股份,09:47:45,27.22,13200,27.22,D
sh600887,伊利股份,09:47:48,27.25,35400,27.22,U
sh600887,伊利股份,09:47:51,27.23,9400,27.25,D
sh600887,伊利股份,09:47:57,27.24,22200,27.24,D
sh600887,伊利股份,09:48:00,27.23,9000,27.24,D
sh600887,伊利股份,09:48:03,27.23,26300,27.23,E
sh600887,伊利股份,09:48:06,27.22,28000,27.23,D
sh600887,伊利股份,09:48:09,27.22,8800,27.22,E
sh600887,伊利股份,09:48:12,27.21,11300,27.22,D
sh600887,伊利股份,09:48:24,27.22,25600,27.21,U
sh600887,伊利股份,09:48:27,27.21,14400,27.22,D
sh600887,伊利股份,09:48:33,27.21,15100,27.22,D
sh600887,伊利股份,09:48:36,27.21,13100,27.21,D
sh600887,伊利股份,09:48:42,27.21,14500,27.21,U
sh600887,伊利股份,09:48:48,27.2,63100,27.21,D
sh600887,伊利股份,09:48:54,27.19,15900,27.2,D
sh600887,伊利股份,09:49:00,27.19,18900,27.19,U
sh600887,伊利股份,09:49:06,27.19,17800,27.19,U
sh600887,伊利股份,09:49:09,27.18,19100,27.19,D
sh600887,伊利股份,09:49:12,27.15,93200,27.18,D
sh600887,伊利股份,09:49:15,27.15,56500,27.15,D
sh600887,伊利股份,09:49:18,27.14,73700,27.15,D
sh600887,伊利股份,09:49:21,27.13,17400,27.14,D
sh600887,伊利股份,09:49:24,27.14,8600,27.13,U
sh600887,伊利股份,09:49:27,27.14,22600,27.14,U
sh600887,伊利股份,09:49:39,27.15,10700,27.14,U
sh600887,伊利股份,09:49:42,27.15,14600,27.15,U
sh600887,伊利股份,09:49:48,27.15,12000,27.15,U
sh600887,伊利股份,09:49:54,27.15,17000,27.16,D
sh600887,伊利股份,09:49:57,27.14,13700,27.15,D
sh600887,伊利股份,09:50:06,27.15,16200,27.16,D
sh600887,伊利股份,09:50:09,27.15,8900,27.15,U
sh600887,伊利股份,09:50:12,27.15,8500,27.15,U
sh600887,伊利股份,09:50:15,27.15,27200,27.15,U
sh600887,伊利股份,09:50:18,27.15,22400,27.15,U
sh600887,伊利股份,09:50:21,27.15,10300,27.15,D
sh600887,伊利股份,09:50:27,27.16,11400,27.15,U
sh600887,伊利股份,09:50:30,27.16,13500,27.16,U
sh600887,伊利股份,09:50:36,27.16,8800,27.16,U
sh600887,伊利股份,09:50:39,27.15,15500,27.16,D
sh600887,伊利股份,09:50:45,27.16,21200,27.16,U
sh600887,伊利股份,09:50:48,27.16,14600,27.16,U
sh600887,伊利股份,09:50:51,27.16,14700,27.16,U
sh600887,伊利股份,09:51:00,27.17,8500,27.16,U
sh600887,伊利股份,09:51:06,27.16,15000,27.17,D
sh600887,伊利股份,09:51:12,27.17,11500,27.17,U
sh600887,伊利股份,09:51:15,27.17,8300,27.17,U
sh600887,伊利股份,09:51:18,27.17,8600,27.17,U
sh600887,伊利股份,09:51:21,27.17,24200,27.17,U
sh600887,伊利股份,09:51:39,27.18,23300,27.17,U
sh600887,伊利股份,09:51:42,27.18,13400,27.18,D
sh600887,伊利股份,09:51:45,27.18,14100,27.18,D
sh600887,伊利股份,09:52:00,27.2,12800,27.2,D
sh600887,伊利股份,09:52:03,27.21,11900,27.2,U
sh600887,伊利股份,09:52:06,27.22,37900,27.21,U
sh600887,伊利股份,09:52:09,27.21,12100,27.22,D
sh600887,伊利股份,09:52:12,27.2,61100,27.21,D
sh600887,伊利股份,09:52:15,27.2,13700,27.2,U
sh600887,伊利股份,09:52:27,27.2,21400,27.2,U
sh600887,伊利股份,09:52:42,27.21,7800,27.2,U
sh600887,伊利股份,09:52:51,27.21,10200,27.22,D
sh600887,伊利股份,09:52:57,27.22,11400,27.22,U
sh600887,伊利股份,09:53:06,27.2,9300,27.21,D
sh600887,伊利股份,09:53:12,27.22,17800,27.21,U
sh600887,伊利股份,09:53:21,27.22,7400,27.23,D
sh600887,伊利股份,09:53:27,27.22,7700,27.23,D
sh600887,伊利股份,09:53:33,27.23,63800,27.23,U
sh600887,伊利股份,09:53:45,27.25,53200,27.25,U
sh600887,伊利股份,09:53:54,27.25,10600,27.25,D
sh600887,伊利股份,09:54:00,27.26,17800,27.26,U
sh600887,伊利股份,09:54:06,27.25,28600,27.25,D
sh600887,伊利股份,09:54:09,27.25,51200,27.25,D
sh600887,伊利股份,09:54:15,27.26,35900,27.25,U
sh600887,伊利股份,09:54:18,27.26,15900,27.26,U
sh600887,伊利股份,09:54:21,27.26,14500,27.26,D
sh600887,伊利股份,09:54:24,27.27,8700,27.26,U
sh600887,伊利股份,09:54:27,27.27,22500,27.27,U
sh600887,伊利股份,09:54:33,27.27,8000,27.27,D
sh600887,伊利股份,09:54:36,27.28,50700,27.27,U
sh600887,伊利股份,09:54:42,27.28,15700,27.28,D
sh600887,伊利股份,09:54:45,27.3,313900,27.28,U
sh600887,伊利股份,09:54:48,27.3,54600,27.3,D
sh600887,伊利股份,09:54:51,27.3,11500,27.3,U
sh600887,伊利股份,09:55:00,27.3,15600,27.3,D
sh600887,伊利股份,09:55:06,27.3,28800,27.3,U
sh600887,伊利股份,09:55:09,27.3,20600,27.3,U
sh600887,伊利股份,09:55:12,27.31,14300,27.3,U
sh600887,伊利股份,09:55:15,27.31,9200,27.31,U
sh600887,伊利股份,09:55:18,27.33,184900,27.31,U
sh600887,伊利股份,09:55:21,27.34,254600,27.33,U
sh600887,伊利股份,09:55:24,27.35,174800,27.34,U
sh600887,伊利股份,09:55:27,27.35,88000,27.35,D
sh600887,伊利股份,09:55:30,27.35,15600,27.35,D
sh600887,伊利股份,09:55:33,27.36,21400,27.35,D
sh600887,伊利股份,09:55:39,27.37,8000,27.36,U
sh600887,伊利股份,09:55:42,27.36,22900,27.37,U
sh600887,伊利股份,09:55:45,27.37,72000,27.36,U
sh600887,伊利股份,09:55:48,27.37,35300,27.37,D
sh600887,伊利股份,09:55:51,27.37,10900,27.37,U
sh600887,伊利股份,09:55:54,27.36,93400,27.37,E
sh600887,伊利股份,09:55:57,27.37,12700,27.36,U
sh600887,伊利股份,09:56:03,27.36,9600,27.36,D
sh600887,伊利股份,09:56:06,27.36,12500,27.36,D
sh600887,伊利股份,09:56:09,27.36,9700,27.36,U
sh600887,伊利股份,09:56:15,27.35,22700,27.35,D
sh600887,伊利股份,09:56:18,27.36,37500,27.35,U
sh600887,伊利股份,09:56:24,27.34,21400,27.36,D
sh600887,伊利股份,09:56:27,27.34,46400,27.34,D
sh600887,伊利股份,09:56:33,27.34,10000,27.34,D
sh600887,伊利股份,09:56:36,27.34,16900,27.34,D
sh600887,伊利股份,09:56:42,27.34,12400,27.33,U
sh600887,伊利股份,09:56:45,27.33,56600,27.34,E
sh600887,伊利股份,09:56:48,27.35,33900,27.33,U
sh600887,伊利股份,09:56:51,27.35,19300,27.35,U
sh600887,伊利股份,09:56:57,27.34,19500,27.35,D
sh600887,伊利股份,09:57:00,27.35,7900,27.34,U
sh600887,伊利股份,09:57:06,27.34,11800,27.34,U
sh600887,伊利股份,09:57:09,27.34,30500,27.34,U
sh600887,伊利股份,09:57:15,27.35,95800,27.34,U
sh600887,伊利股份,09:57:18,27.34,14700,27.35,D
sh600887,伊利股份,09:57:21,27.34,22400,27.34,D
sh600887,伊利股份,09:57:24,27.34,29400,27.34,D
sh600887,伊利股份,09:57:27,27.34,9600,27.34,D
sh600887,伊利股份,09:57:33,27.35,31100,27.35,U
sh600887,伊利股份,09:57:36,27.35,8300,27.35,U
sh600887,伊利股份,09:57:39,27.34,12300,27.35,D
sh600887,伊利股份,09:57:42,27.34,9800,27.34,D
sh600887,伊利股份,09:57:48,27.34,8500,27.34,U
sh600887,伊利股份,09:57:54,27.34,7600,27.34,D
sh600887,伊利股份,09:58:03,27.34,32300,27.34,U
sh600887,伊利股份,09:58:06,27.35,29700,27.34,U
sh600887,伊利股份,09:58:09,27.34,17700,27.35,E
sh600887,伊利股份,09:58:18,27.35,41600,27.34,U
sh600887,伊利股份,09:58:21,27.33,19900,27.35,D
sh600887,伊利股份,09:58:24,27.33,12700,27.33,D
sh600887,伊利股份,09:58:27,27.32,8800,27.33,D
sh600887,伊利股份,09:58:36,27.32,36500,27.32,D
sh600887,伊利股份,09:58:42,27.31,9500,27.31,D
sh600887,伊利股份,09:58:45,27.32,13800,27.31,U
sh600887,伊利股份,09:58:48,27.32,8200,27.32,U
sh600887,伊利股份,09:58:51,27.32,19500,27.32,U
sh600887,伊利股份,09:58:54,27.31,12800,27.32,D
sh600887,伊利股份,09:58:57,27.31,13900,27.31,D
sh600887,伊利股份,09:59:03,27.3,7900,27.31,D
sh600887,伊利股份,09:59:06,27.31,10300,27.3,U
sh600887,伊利股份,09:59:18,27.29,30000,27.31,D
sh600887,伊利股份,09:59:21,27.3,52800,27.29,U
sh600887,伊利股份,09:59:24,27.3,19600,27.3,U
sh600887,伊利股份,09:59:27,27.32,36500,27.3,U
sh600887,伊利股份,09:59:30,27.33,14400,27.32,U
sh600887,伊利股份,09:59:36,27.35,20400,27.34,U
sh600887,伊利股份,09:59:42,27.35,240200,27.35,U
sh600887,伊利股份,09:59:45,27.35,58400,27.35,D
sh600887,伊利股份,09:59:48,27.37,16400,27.35,U
sh600887,伊利股份,09:59:51,27.37,16700,27.37,U
sh600887,伊利股份,09:59:57,27.36,8400,27.37,D
sh600887,伊利股份,10:00:00,27.36,12600,27.36,D
sh600887,伊利股份,10:00:03,27.36,8100,27.36,U
sh600887,伊利股份,10:00:06,27.36,12700,27.36,D
sh600887,伊利股份,10:00:09,27.36,15000,27.36,D
sh600887,伊利股份,10:00:12,27.36,9600,27.36,D
sh600887,伊利股份,10:00:24,27.36,37000,27.35,U
sh600887,伊利股份,10:00:27,27.35,29100,27.36,D
sh600887,伊利股份,10:00:30,27.35,8900,27.35,D
sh600887,伊利股份,10:00:33,27.39,281400,27.35,U
sh600887,伊利股份,10:00:36,27.38,8800,27.39,E
sh600887,伊利股份,10:00:39,27.39,15000,27.38,U
sh600887,伊利股份,10:00:42,27.39,10400,27.39,U
sh600887,伊利股份,10:00:45,27.39,14600,27.39,U
sh600887,伊利股份,10:00:48,27.39,35200,27.39,U
sh600887,伊利股份,10:00:51,27.4,99400,27.39,U
sh600887,伊利股份,10:00:54,27.4,22800,27.4,U
sh600887,伊利股份,10:00:57,27.4,40200,27.4,U
sh600887,伊利股份,10:01:00,27.4,9300,27.4,D
sh600887,伊利股份,10:01:03,27.41,33300,27.4,U
sh600887,伊利股份,10:01:06,27.41,12400,27.41,D
sh600887,伊利股份,10:01:09,27.41,30400,27.41,D
sh600887,伊利股份,10:01:12,27.41,15600,27.41,D
sh600887,伊利股份,10:01:15,27.41,25200,27.41,D
sh600887,伊利股份,10:01:18,27.41,42900,27.41,U
sh600887,伊利股份,10:01:21,27.42,25500,27.41,U
sh600887,伊利股份,10:01:24,27.41,16900,27.42,D
sh600887,伊利股份,10:01:27,27.42,26400,27.41,U
sh600887,伊利股份,10:01:30,27.41,21700,27.42,D
sh600887,伊利股份,10:01:33,27.42,29500,27.41,U
sh600887,伊利股份,10:01:36,27.41,19800,27.42,D
sh600887,伊利股份,10:01:39,27.42,36500,27.41,U
sh600887,伊利股份,10:01:42,27.42,28300,27.42,U
sh600887,伊利股份,10:01:45,27.42,21500,27.42,U
sh600887,伊利股份,10:01:48,27.42,27900,27.42,U
sh600887,伊利股份,10:01:51,27.43,34600,27.42,U
sh600887,伊利股份,10:01:54,27.44,15500,27.43,U
sh600887,伊利股份,10:01:57,27.43,16300,27.44,D
sh600887,伊利股份,10:02:00,27.44,17100,27.43,U
sh600887,伊利股份,10:02:03,27.45,35800,27.44,U
sh600887,伊利股份,10:02:06,27.45,91500,27.45,U
sh600887,伊利股份,10:02:09,27.46,50100,27.45,U
sh600887,伊利股份,10:02:12,27.48,45600,27.46,U
sh600887,伊利股份,10:02:15,27.47,34600,27.48,D
sh600887,伊利股份,10:02:18,27.48,25400,27.47,U
sh600887,伊利股份,10:02:21,27.47,20900,27.48,D
sh600887,伊利股份,10:02:24,27.47,25700,27.47,E
sh600887,伊利股份,10:02:27,27.47,21500,27.47,D
sh600887,伊利股份,10:02:30,27.47,16400,27.47,U
sh600887,伊利股份,10:02:33,27.47,38400,27.47,D
sh600887,伊利股份,10:02:39,27.47,28000,27.47,U
sh600887,伊利股份,10:02:45,27.47,55000,27.47,U
sh600887,伊利股份,10:02:48,27.46,27200,27.47,D
sh600887,伊利股份,10:02:51,27.47,16000,27.46,U
sh600887,伊利股份,10:02:54,27.47,9800,27.47,U
sh600887,伊利股份,10:02:57,27.47,16700,27.47,U
sh600887,伊利股份,10:03:00,27.47,7300,27.47,U
sh600887,伊利股份,10:03:03,27.45,34900,27.47,D
sh600887,伊利股份,10:03:06,27.45,7800,27.45,D
sh600887,伊利股份,10:03:09,27.45,12400,27.45,U
sh600887,伊利股份,10:03:12,27.45,32600,27.45,D
sh600887,伊利股份,10:03:15,27.44,12800,27.45,D
sh600887,伊利股份,10:03:18,27.44,23700,27.44,D
sh600887,伊利股份,10:03:21,27.45,7500,27.44,U
sh600887,伊利股份,10:03:24,27.44,13200,27.45,D
sh600887,伊利股份,10:03:27,27.45,15700,27.44,U
sh600887,伊利股份,10:03:30,27.45,18700,27.45,U
sh600887,伊利股份,10:03:33,27.44,31400,27.45,D
sh600887,伊利股份,10:03:39,27.44,29100,27.44,U
sh600887,伊利股份,10:03:42,27.45,138700,27.44,U
sh600887,伊利股份,10:03:45,27.45,51900,27.45,D
sh600887,伊利股份,10:03:48,27.45,36800,27.45,D
sh600887,伊利股份,10:03:51,27.45,24500,27.45,D
sh600887,伊利股份,10:03:54,27.45,7500,27.45,D
sh600887,伊利股份,10:04:00,27.44,35200,27.44,D
sh600887,伊利股份,10:04:03,27.44,10800,27.44,D
sh600887,伊利股份,10:04:06,27.44,10000,27.44,U
sh600887,伊利股份,10:04:15,27.44,22700,27.44,D
sh600887,伊利股份,10:04:18,27.45,28600,27.44,U
sh600887,伊利股份,10:04:21,27.45,8800,27.45,U
sh600887,伊利股份,10:04:27,27.45,15700,27.45,U
sh600887,伊利股份,10:04:30,27.44,19400,27.45,D
sh600887,伊利股份,10:04:33,27.45,20700,27.44,U
sh600887,伊利股份,10:04:36,27.45,11000,27.45,U
sh600887,伊利股份,10:04:39,27.45,7500,27.45,U
sh600887,伊利股份,10:04:42,27.45,8800,27.45,U
sh600887,伊利股份,10:04:45,27.45,16600,27.45,U
sh600887,伊利股份,10:04:51,27.44,20200,27.44,D
sh600887,伊利股份,10:04:54,27.46,147200,27.44,U
sh600887,伊利股份,10:04:57,27.47,30500,27.46,U
sh600887,伊利股份,10:05:00,27.49,275600,27.47,U
sh600887,伊利股份,10:05:03,27.48,44400,27.49,E
sh600887,伊利股份,10:05:06,27.49,24300,27.48,U
sh600887,伊利股份,10:05:09,27.49,12500,27.49,U
sh600887,伊利股份,10:05:15,27.48,25100,27.49,D
sh600887,伊利股份,10:05:18,27.48,19300,27.48,D
sh600887,伊利股份,10:05:21,27.48,15100,27.48,D
sh600887,伊利股份,10:05:24,27.48,10800,27.48,D
sh600887,伊利股份,10:05:27,27.48,34700,27.48,D
sh600887,伊利股份,10:05:30,27.48,14500,27.48,U
sh600887,伊利股份,10:05:33,27.49,12700,27.48,U
sh600887,伊利股份,10:05:36,27.48,9200,27.49,U
sh600887,伊利股份,10:05:42,27.48,12500,27.48,U
sh600887,伊利股份,10:05:45,27.48,16200,27.48,U
sh600887,伊利股份,10:05:51,27.48,8700,27.48,D
sh600887,伊利股份,10:05:54,27.48,18000,27.48,D
sh600887,伊利股份,10:05:57,27.48,8600,27.48,U
sh600887,伊利股份,10:06:00,27.48,24100,27.48,D
sh600887,伊利股份,10:06:03,27.49,31400,27.48,U
sh600887,伊利股份,10:06:06,27.48,18700,27.49,U
sh600887,伊利股份,10:06:12,27.49,29300,27.48,U
sh600887,伊利股份,10:06:18,27.48,14800,27.49,D
sh600887,伊利股份,10:06:21,27.48,19500,27.48,D
sh600887,伊利股份,10:06:24,27.48,12700,27.48,D
sh600887,伊利股份,10:06:27,27.48,25200,27.48,D
sh600887,伊利股份,10:06:30,27.49,18400,27.48,U
sh600887,伊利股份,10:06:33,27.48,215500,27.49,D
sh600887,伊利股份,10:06:36,27.48,13200,27.48,U
sh600887,伊利股份,10:06:39,27.48,18500,27.48,D
sh600887,伊利股份,10:06:42,27.48,16800,27.48,U
sh600887,伊利股份,10:06:48,27.49,26000,27.47,U
sh600887,伊利股份,10:06:51,27.48,11800,27.49,D
sh600887,伊利股份,10:06:54,27.48,9000,27.48,D
sh600887,伊利股份,10:06:57,27.48,10800,27.48,D
sh600887,伊利股份,10:07:00,27.48,16100,27.48,D
sh600887,伊利股份,10:07:09,27.48,19100,27.47,U
sh600887,伊利股份,10:07:12,27.47,14400,27.48,D
sh600887,伊利股份,10:07:15,27.48,11200,27.47,U
sh600887,伊利股份,10:07:27,27.47,7500,27.47,D
sh600887,伊利股份,10:07:30,27.45,103200,27.47,D
sh600887,伊利股份,10:07:33,27.43,7500,27.45,D
sh600887,伊利股份,10:07:36,27.42,36900,27.43,D
sh600887,伊利股份,10:07:39,27.43,8900,27.42,U
sh600887,伊利股份,10:07:45,27.42,20100,27.41,U
sh600887,伊利股份,10:07:48,27.44,18800,27.42,U
sh600887,伊利股份,10:07:51,27.42,7600,27.44,U
sh600887,伊利股份,10:07:54,27.41,11100,27.42,D
sh600887,伊利股份,10:07:57,27.44,34200,27.41,U
sh600887,伊利股份,10:08:00,27.42,17900,27.44,E
sh600887,伊利股份,10:08:03,27.43,11400,27.42,U
sh600887,伊利股份,10:08:06,27.44,10100,27.43,U
sh600887,伊利股份,10:08:12,27.45,8500,27.44,U
sh600887,伊利股份,10:08:15,27.43,17100,27.45,D
sh600887,伊利股份,10:08:18,27.44,14500,27.43,U
sh600887,伊利股份,10:08:21,27.43,11800,27.44,D
sh600887,伊利股份,10:08:24,27.43,29400,27.43,U
sh600887,伊利股份,10:08:30,27.41,61800,27.43,D
sh600887,伊利股份,10:08:33,27.41,56200,27.41,U
sh600887,伊利股份,10:08:36,27.39,32400,27.41,D
sh600887,伊利股份,10:08:45,27.4,16200,27.39,U
sh600887,伊利股份,10:08:48,27.39,16600,27.4,U
sh600887,伊利股份,10:08:51,27.39,30600,27.39,U
sh600887,伊利股份,10:08:57,27.39,20700,27.39,U
sh600887,伊利股份,10:09:09,27.37,26100,27.37,U
sh600887,伊利股份,10:09:27,27.36,12000,27.37,D
sh600887,伊利股份,10:09:30,27.37,39100,27.36,D
sh600887,伊利股份,10:09:39,27.37,11100,27.37,U
sh600887,伊利股份,10:09:48,27.36,29400,27.37,D
sh600887,伊利股份,10:09:51,27.36,21800,27.36,U
sh600887,伊利股份,10:10:18,27.39,38500,27.38,U
sh600887,伊利股份,10:10:24,27.38,10000,27.39,D
sh600887,伊利股份,10:10:30,27.41,50200,27.39,U
sh600887,伊利股份,10:10:33,27.42,18800,27.41,E
sh600887,伊利股份,10:10:36,27.43,16900,27.42,D
sh600887,伊利股份,10:10:42,27.44,13700,27.43,U
sh600887,伊利股份,10:10:48,27.42,9000,27.45,D
sh600887,伊利股份,10:10:51,27.43,19000,27.42,U
sh600887,伊利股份,10:11:06,27.42,20900,27.42,D
sh600887,伊利股份,10:11:09,27.42,12600,27.42,D
sh600887,伊利股份,10:11:12,27.44,31700,27.42,U
sh600887,伊利股份,10:11:15,27.41,8000,27.44,D
sh600887,伊利股份,10:11:18,27.42,22000,27.41,U
sh600887,伊利股份,10:11:24,27.42,9200,27.41,U
sh600887,伊利股份,10:11:30,27.42,12300,27.41,U
sh600887,伊利股份,10:11:33,27.42,75600,27.42,U
sh600887,伊利股份,10:11:36,27.42,44200,27.42,U
sh600887,伊利股份,10:11:39,27.44,158700,27.42,U
sh600887,伊利股份,10:11:42,27.42,8700,27.44,E
sh600887,伊利股份,10:11:45,27.46,35200,27.42,U
sh600887,伊利股份,10:11:54,27.42,9800,27.43,D
sh600887,伊利股份,10:12:00,27.43,7300,27.42,D
sh600887,伊利股份,10:12:03,27.42,18300,27.43,D
sh600887,伊利股份,10:12:09,27.43,17000,27.43,D
sh600887,伊利股份,10:12:12,27.42,32500,27.43,D
sh600887,伊利股份,10:12:15,27.45,31000,27.42,U
sh600887,伊利股份,10:12:18,27.46,28400,27.45,U
sh600887,伊利股份,10:12:24,27.43,11900,27.43,E
sh600887,伊利股份,10:12:30,27.42,8900,27.42,U
sh600887,伊利股份,10:12:33,27.42,13400,27.42,U
sh600887,伊利股份,10:12:42,27.41,12600,27.41,D
sh600887,伊利股份,10:12:48,27.4,13800,27.41,D
sh600887,伊利股份,10:12:51,27.41,12000,27.4,U
sh600887,伊利股份,10:13:00,27.39,146300,27.4,D
sh600887,伊利股份,10:13:03,27.38,25200,27.39,D
sh600887,伊利股份,10:13:06,27.37,57700,27.38,D
sh600887,伊利股份,10:13:12,27.36,62000,27.37,D
sh600887,伊利股份,10:13:18,27.35,30900,27.36,D
sh600887,伊利股份,10:13:21,27.35,16700,27.35,D
sh600887,伊利股份,10:13:30,27.35,13800,27.34,U
sh600887,伊利股份,10:13:33,27.35,16900,27.35,U
sh600887,伊利股份,10:13:36,27.34,9100,27.35,E
sh600887,伊利股份,10:13:42,27.34,7600,27.34,D
sh600887,伊利股份,10:13:45,27.34,16900,27.34,D
sh600887,伊利股份,10:13:48,27.34,10300,27.34,D
sh600887,伊利股份,10:14:03,27.33,10800,27.34,D
sh600887,伊利股份,10:14:06,27.33,10400,27.33,D
sh600887,伊利股份,10:14:09,27.33,26900,27.33,D
sh600887,伊利股份,10:14:15,27.33,18100,27.33,U
sh600887,伊利股份,10:14:18,27.32,7600,27.33,D
sh600887,伊利股份,10:14:30,27.32,12000,27.31,U
sh600887,伊利股份,10:14:42,27.31,15800,27.32,D
sh600887,伊利股份,10:14:45,27.31,8800,27.31,D
sh600887,伊利股份,10:14:48,27.31,11000,27.31,D
sh600887,伊利股份,10:15:03,27.34,32700,27.33,U
sh600887,伊利股份,10:15:15,27.35,21400,27.34,U
sh600887,伊利股份,10:15:33,27.36,66200,27.35,U
sh600887,伊利股份,10:15:36,27.36,23800,27.36,U
sh600887,伊利股份,10:15:39,27.36,25100,27.36,D
sh600887,伊利股份,10:15:42,27.36,42000,27.36,D
sh600887,伊利股份,10:15:45,27.36,13700,27.36,D
sh600887,伊利股份,10:15:48,27.37,15700,27.36,U
sh600887,伊利股份,10:15:51,27.36,7600,27.37,E
sh600887,伊利股份,10:15:57,27.35,28300,27.36,D
sh600887,伊利股份,10:16:06,27.35,13800,27.35,D
sh600887,伊利股份,10:16:09,27.34,12300,27.35,D
sh600887,伊利股份,10:16:12,27.34,8400,27.34,D
sh600887,伊利股份,10:16:24,27.35,8900,27.35,D
sh600887,伊利股份,10:16:30,27.35,9300,27.35,U
sh600887,伊利股份,10:16:39,27.36,8800,27.35,U
sh600887,伊利股份,10:16:54,27.36,9400,27.36,D
sh600887,伊利股份,10:17:00,27.36,19900,27.36,D
sh600887,伊利股份,10:17:06,27.37,9100,27.36,U
sh600887,伊利股份,10:17:12,27.37,15400,27.36,U
sh600887,伊利股份,10:17:24,27.37,12300,27.37,U
sh600887,伊利股份,10:17:36,27.37,10000,27.38,D
sh600887,伊利股份,10:17:42,27.37,10400,27.37,U
sh600887,伊利股份,10:17:45,27.38,8400,27.37,U
sh600887,伊利股份,10:18:00,27.39,23400,27.37,U
sh600887,伊利股份,10:18:03,27.39,18100,27.39,D
sh600887,伊利股份,10:18:06,27.42,52800,27.39,U
sh600887,伊利股份,10:18:09,27.42,12300,27.42,D
sh600887,伊利股份,10:18:18,27.43,30400,27.44,E
sh600887,伊利股份,10:18:24,27.42,9500,27.43,D
sh600887,伊利股份,10:18:27,27.42,8600,27.42,D
sh600887,伊利股份,10:18:30,27.42,10000,27.42,D
sh600887,伊利股份,10:18:33,27.43,8500,27.42,U
sh600887,伊利股份,10:18:36,27.42,12400,27.43,D
sh600887,伊利股份,10:18:48,27.43,14100,27.43,D
sh600887,伊利股份,10:19:06,27.43,15700,27.42,U
sh600887,伊利股份,10:19:15,27.42,18100,27.43,D
sh600887,伊利股份,10:19:18,27.42,20300,27.42,D
sh600887,伊利股份,10:19:30,27.41,11400,27.41,D
sh600887,伊利股份,10:19:33,27.41,9100,27.41,D
sh600887,伊利股份,10:20:06,27.41,13100,27.41,U
sh600887,伊利股份,10:20:12,27.4,9300,27.4,D
sh600887,伊利股份,10:20:21,27.41,55600,27.4,U
sh600887,伊利股份,10:20:33,27.41,10600,27.41,D
sh600887,伊利股份,10:20:51,27.4,10800,27.4,D
sh600887,伊利股份,10:20:57,27.4,11100,27.4,D
sh600887,伊利股份,10:21:09,27.39,10900,27.39,D
sh600887,伊利股份,10:21:12,27.39,78700,27.39,D
sh600887,伊利股份,10:21:18,27.41,17600,27.4,E
sh600887,伊利股份,10:21:21,27.41,34300,27.41,D
sh600887,伊利股份,10:21:27,27.42,8100,27.42,D
sh600887,伊利股份,10:21:30,27.43,8700,27.42,U
sh600887,伊利股份,10:21:36,27.41,9300,27.42,D
sh600887,伊利股份,10:21:45,27.42,10800,27.42,U
sh600887,伊利股份,10:21:48,27.41,42200,27.42,D
sh600887,伊利股份,10:21:57,27.44,27800,27.43,U
sh600887,伊利股份,10:22:03,27.44,44400,27.43,U
sh600887,伊利股份,10:22:06,27.44,15400,27.44,U
sh600887,伊利股份,10:22:12,27.44,17600,27.44,D
sh600887,伊利股份,10:22:18,27.44,9300,27.45,D
sh600887,伊利股份,10:22:24,27.44,12200,27.44,U
sh600887,伊利股份,10:22:27,27.45,7300,27.44,U
sh600887,伊利股份,10:22:39,27.45,50100,27.44,U
sh600887,伊利股份,10:22:42,27.44,21400,27.45,D
sh600887,伊利股份,10:23:03,27.45,10200,27.45,U
sh600887,伊利股份,10:23:06,27.45,27100,27.45,U
sh600887,伊利股份,10:23:12,27.45,12600,27.44,D
sh600887,伊利股份,10:23:15,27.45,16300,27.45,U
sh600887,伊利股份,10:23:27,27.43,37300,27.44,D
sh600887,伊利股份,10:23:42,27.44,8500,27.44,D
sh600887,伊利股份,10:23:48,27.44,7900,27.44,D
sh600887,伊利股份,10:24:00,27.44,13800,27.44,D
sh600887,伊利股份,10:24:03,27.45,23000,27.44,U
sh600887,伊利股份,10:24:06,27.45,12100,27.45,U
sh600887,伊利股份,10:24:09,27.45,12800,27.45,U
sh600887,伊利股份,10:24:24,27.43,11100,27.45,D
sh600887,伊利股份,10:24:30,27.43,12600,27.43,D
sh600887,伊利股份,10:24:33,27.44,11500,27.43,U
sh600887,伊利股份,10:24:42,27.43,27200,27.43,D
sh600887,伊利股份,10:24:45,27.43,21900,27.43,D
sh600887,伊利股份,10:24:57,27.43,10900,27.43,D
sh600887,伊利股份,10:25:00,27.43,17800,27.43,D
sh600887,伊利股份,10:25:09,27.43,10300,27.44,D
sh600887,伊利股份,10:25:12,27.44,22100,27.43,U
sh600887,伊利股份,10:25:21,27.43,24900,27.43,D
sh600887,伊利股份,10:25:36,27.44,7300,27.44,U
sh600887,伊利股份,10:25:39,27.44,10300,27.44,U
sh600887,伊利股份,10:25:42,27.44,24300,27.44,U
sh600887,伊利股份,10:25:45,27.44,20900,27.44,U
sh600887,伊利股份,10:25:48,27.45,75200,27.44,U
sh600887,伊利股份,10:25:51,27.45,40000,27.45,U
sh600887,伊利股份,10:25:54,27.46,63100,27.45,U
sh600887,伊利股份,10:25:57,27.47,11000,27.46,U
sh600887,伊利股份,10:26:03,27.46,17600,27.47,D
sh600887,伊利股份,10:26:06,27.47,61200,27.46,U
sh600887,伊利股份,10:26:09,27.48,136300,27.47,U
sh600887,伊利股份,10:26:12,27.47,25900,27.48,D
sh600887,伊利股份,10:26:15,27.48,13200,27.47,U
sh600887,伊利股份,10:26:21,27.48,59600,27.49,D
sh600887,伊利股份,10:26:27,27.48,36100,27.48,D
sh600887,伊利股份,10:26:30,27.49,421000,27.48,U
sh600887,伊利股份,10:26:33,27.48,22500,27.49,D
sh600887,伊利股份,10:26:36,27.44,135500,27.48,D
sh600887,伊利股份,10:26:39,27.44,22200,27.44,D
sh600887,伊利股份,10:26:48,27.45,14400,27.46,D
sh600887,伊利股份,10:26:51,27.47,17300,27.45,U
sh600887,伊利股份,10:27:06,27.46,20500,27.47,D
sh600887,伊利股份,10:27:09,27.46,24800,27.46,E
sh600887,伊利股份,10:27:15,27.46,11900,27.46,U
sh600887,伊利股份,10:27:18,27.44,9000,27.46,D
sh600887,伊利股份,10:27:24,27.45,44400,27.45,U
sh600887,伊利股份,10:27:27,27.45,16200,27.45,D
sh600887,伊利股份,10:27:30,27.45,15400,27.45,D
sh600887,伊利股份,10:27:33,27.44,7600,27.45,D
sh600887,伊利股份,10:27:36,27.44,9000,27.44,D
sh600887,伊利股份,10:27:39,27.45,11600,27.44,U
sh600887,伊利股份,10:27:42,27.46,12100,27.45,U
sh600887,伊利股份,10:27:45,27.46,7800,27.46,U
sh600887,伊利股份,10:27:48,27.46,8200,27.46,U
sh600887,伊利股份,10:27:51,27.46,8200,27.46,U
sh600887,伊利股份,10:27:54,27.45,10500,27.46,D
sh600887,伊利股份,10:27:57,27.46,16000,27.45,U
sh600887,伊利股份,10:28:00,27.46,7500,27.46,D
sh600887,伊利股份,10:28:03,27.46,37700,27.46,D
sh600887,伊利股份,10:28:06,27.46,9300,27.46,D
sh600887,伊利股份,10:28:09,27.47,46400,27.46,U
sh600887,伊利股份,10:28:12,27.48,20700,27.47,U
sh600887,伊利股份,10:28:15,27.47,8100,27.48,E
sh600887,伊利股份,10:28:18,27.48,20600,27.47,U
sh600887,伊利股份,10:28:24,27.49,92472,27.48,U
sh600887,伊利股份,10:28:30,27.5,34400,27.49,U
sh600887,伊利股份,10:28:33,27.5,60200,27.5,U
sh600887,伊利股份,10:28:36,27.5,100100,27.5,U
sh600887,伊利股份,10:28:39,27.51,14000,27.5,U
sh600887,伊利股份,10:28:42,27.5,8300,27.51,D
sh600887,伊利股份,10:28:45,27.51,48900,27.5,U
sh600887,伊利股份,10:28:48,27.51,73500,27.51,U
sh600887,伊利股份,10:28:51,27.51,9100,27.51,U
sh600887,伊利股份,10:28:54,27.52,45400,27.51,U
sh600887,伊利股份,10:28:57,27.52,61500,27.52,U
sh600887,伊利股份,10:29:00,27.51,9300,27.52,D
sh600887,伊利股份,10:29:03,27.51,15400,27.51,D
sh600887,伊利股份,10:29:06,27.49,175628,27.51,D
sh600887,伊利股份,10:29:09,27.49,21100,27.49,U
sh600887,伊利股份,10:29:24,27.49,10600,27.48,U
sh600887,伊利股份,10:29:30,27.49,65600,27.49,D
sh600887,伊利股份,10:29:33,27.49,29700,27.49,U
sh600887,伊利股份,10:29:42,27.48,9400,27.48,D
sh600887,伊利股份,10:29:54,27.47,18800,27.47,D
sh600887,伊利股份,10:29:57,27.48,85800,27.47,D
sh600887,伊利股份,10:30:00,27.46,82200,27.48,D
sh600887,伊利股份,10:30:03,27.46,10600,27.46,D
sh600887,伊利股份,10:30:06,27.46,9500,27.46,U
sh600887,伊利股份,10:30:09,27.46,44000,27.46,D
sh600887,伊利股份,10:30:15,27.46,26700,27.46,U
sh600887,伊利股份,10:30:18,27.47,28800,27.46,U
sh600887,伊利股份,10:30:36,27.45,28700,27.46,D
sh600887,伊利股份,10:30:42,27.44,8300,27.45,D
sh600887,伊利股份,10:30:45,27.45,12200,27.44,U
sh600887,伊利股份,10:30:51,27.44,8700,27.45,D
sh600887,伊利股份,10:30:57,27.45,36800,27.45,U
sh600887,伊利股份,10:31:12,27.43,9500,27.44,D
sh600887,伊利股份,10:31:18,27.44,19900,27.43,U
sh600887,伊利股份,10:31:24,27.45,12000,27.44,U
sh600887,伊利股份,10:31:36,27.44,41100,27.45,D
sh600887,伊利股份,10:31:39,27.44,28300,27.44,D
sh600887,伊利股份,10:31:42,27.43,21300,27.44,D
sh600887,伊利股份,10:31:45,27.42,11000,27.43,D
sh600887,伊利股份,10:31:48,27.43,8700,27.42,U
sh600887,伊利股份,10:31:51,27.43,12100,27.43,U
sh600887,伊利股份,10:32:09,27.43,10600,27.43,U
sh600887,伊利股份,10:32:12,27.43,10600,27.43,U
sh600887,伊利股份,10:32:18,27.43,9700,27.42,U
sh600887,伊利股份,10:32:27,27.43,10600,27.43,D
sh600887,伊利股份,10:32:30,27.42,12000,27.43,D
sh600887,伊利股份,10:32:36,27.43,12300,27.43,U
sh600887,伊利股份,10:32:42,27.42,10500,27.42,D
sh600887,伊利股份,10:32:45,27.42,8400,27.42,D
sh600887,伊利股份,10:33:00,27.42,22500,27.42,U
sh600887,伊利股份,10:33:03,27.41,13900,27.42,D
sh600887,伊利股份,10:33:06,27.41,29700,27.41,U
sh600887,伊利股份,10:33:09,27.41,22400,27.41,U
sh600887,伊利股份,10:33:12,27.4,33300,27.41,D
sh600887,伊利股份,10:33:30,27.38,8700,27.4,D
sh600887,伊利股份,10:33:39,27.39,15500,27.39,U
sh600887,伊利股份,10:33:42,27.38,14700,27.39,D
sh600887,伊利股份,10:33:48,27.37,23000,27.37,D
sh600887,伊利股份,10:33:51,27.38,8200,27.37,U
sh600887,伊利股份,10:33:57,27.38,23647,27.38,U
sh600887,伊利股份,10:34:06,27.4,19300,27.38,U
sh600887,伊利股份,10:34:15,27.39,18800,27.39,D
sh600887,伊利股份,10:34:18,27.39,18800,27.39,D
sh600887,伊利股份,10:34:30,27.39,10800,27.38,U
sh600887,伊利股份,10:34:39,27.38,20300,27.38,D
sh600887,伊利股份,10:34:42,27.38,42400,27.38,D
sh600887,伊利股份,10:34:45,27.38,22700,27.38,D
sh600887,伊利股份,10:34:51,27.37,13700,27.38,D
sh600887,伊利股份,10:34:54,27.38,46500,27.37,U
sh600887,伊利股份,10:35:03,27.38,8600,27.38,U
sh600887,伊利股份,10:35:06,27.38,10000,27.38,D
sh600887,伊利股份,10:35:09,27.38,19100,27.38,D
sh600887,伊利股份,10:35:12,27.39,15800,27.38,U
sh600887,伊利股份,10:35:51,27.37,9300,27.38,D
sh600887,伊利股份,10:36:03,27.38,10600,27.38,U
sh600887,伊利股份,10:36:06,27.37,39200,27.38,D
sh600887,伊利股份,10:36:09,27.38,19900,27.37,U
sh600887,伊利股份,10:36:18,27.37,13600,27.38,D
sh600887,伊利股份,10:36:21,27.38,13300,27.37,U
sh600887,伊利股份,10:36:33,27.38,9500,27.37,U
sh600887,伊利股份,10:36:36,27.37,11700,27.38,D
sh600887,伊利股份,10:36:51,27.38,12500,27.38,U
sh600887,伊利股份,10:36:57,27.36,185100,27.37,D
sh600887,伊利股份,10:37:00,27.37,10700,27.36,U
sh600887,伊利股份,10:37:06,27.36,30800,27.37,D
sh600887,伊利股份,10:37:12,27.36,33600,27.36,U
sh600887,伊利股份,10:37:15,27.35,14500,27.36,D
sh600887,伊利股份,10:37:30,27.36,7800,27.35,U
sh600887,伊利股份,10:37:36,27.36,34800,27.35,U
sh600887,伊利股份,10:37:48,27.37,12700,27.37,U
sh600887,伊利股份,10:38:12,27.37,9700,27.37,U
sh600887,伊利股份,10:38:15,27.36,17300,27.37,D
sh600887,伊利股份,10:38:18,27.37,7400,27.36,U
sh600887,伊利股份,10:38:24,27.37,10100,27.37,D
sh600887,伊利股份,10:39:03,27.36,14900,27.37,D
sh600887,伊利股份,10:39:06,27.35,94600,27.36,D
sh600887,伊利股份,10:39:09,27.36,15600,27.35,U
sh600887,伊利股份,10:39:12,27.35,7700,27.36,D
sh600887,伊利股份,10:39:15,27.36,9200,27.35,U
sh600887,伊利股份,10:39:21,27.35,7900,27.36,D
sh600887,伊利股份,10:39:36,27.35,45800,27.36,D
sh600887,伊利股份,10:39:39,27.35,95300,27.35,D
sh600887,伊利股份,10:39:51,27.35,11900,27.36,D
sh600887,伊利股份,10:39:54,27.36,22000,27.35,U
sh600887,伊利股份,10:40:03,27.35,19400,27.36,D
sh600887,伊利股份,10:40:12,27.35,20800,27.36,D
sh600887,伊利股份,10:40:24,27.35,13700,27.35,D
sh600887,伊利股份,10:40:27,27.36,15200,27.35,U
sh600887,伊利股份,10:40:36,27.35,11700,27.35,U
sh600887,伊利股份,10:40:42,27.36,10200,27.35,U
sh600887,伊利股份,10:41:03,27.34,59700,27.34,D
sh600887,伊利股份,10:41:06,27.34,23710,27.34,D
sh600887,伊利股份,10:41:39,27.34,8600,27.34,U
sh600887,伊利股份,10:41:42,27.34,8500,27.34,U
sh600887,伊利股份,10:41:45,27.34,39500,27.34,U
sh600887,伊利股份,10:41:48,27.34,15700,27.34,D
sh600887,伊利股份,10:41:54,27.35,31700,27.34,U
sh600887,伊利股份,10:41:57,27.35,8200,27.35,U
sh600887,伊利股份,10:42:09,27.36,11900,27.35,U
sh600887,伊利股份,10:42:15,27.36,9200,27.36,U
sh600887,伊利股份,10:42:21,27.36,14600,27.35,U
sh600887,伊利股份,10:42:24,27.36,11100,27.36,D
sh600887,伊利股份,10:42:27,27.38,12796,27.36,U
sh600887,伊利股份,10:42:33,27.37,10500,27.38,D
sh600887,伊利股份,10:42:45,27.38,19300,27.38,U
sh600887,伊利股份,10:43:06,27.39,10500,27.39,D
sh600887,伊利股份,10:43:33,27.39,11200,27.4,D
sh600887,伊利股份,10:44:03,27.39,12300,27.4,D
sh600887,伊利股份,10:44:15,27.4,11200,27.39,U
sh600887,伊利股份,10:44:24,27.4,12400,27.4,U
sh600887,伊利股份,10:44:27,27.41,25200,27.4,U
sh600887,伊利股份,10:44:30,27.41,7300,27.41,U
sh600887,伊利股份,10:44:33,27.4,7600,27.41,D
sh600887,伊利股份,10:44:54,27.4,31200,27.4,U
sh600887,伊利股份,10:45:03,27.39,152200,27.4,D
sh600887,伊利股份,10:45:09,27.39,23900,27.38,U
sh600887,伊利股份,10:45:36,27.38,8900,27.37,U
sh600887,伊利股份,10:45:48,27.38,13500,27.38,U
sh600887,伊利股份,10:45:51,27.37,22400,27.38,D
sh600887,伊利股份,10:45:54,27.37,12300,27.37,D
sh600887,伊利股份,10:46:03,27.36,12600,27.36,D
sh600887,伊利股份,10:46:06,27.35,16500,27.36,D
sh600887,伊利股份,10:46:09,27.35,7800,27.35,D
sh600887,伊利股份,10:46:54,27.37,14700,27.37,U
sh600887,伊利股份,10:47:09,27.36,56200,27.36,D
sh600887,伊利股份,10:47:39,27.34,66700,27.35,D
sh600887,伊利股份,10:47:42,27.35,15400,27.34,U
sh600887,伊利股份,10:47:54,27.34,10600,27.34,D
sh600887,伊利股份,10:48:51,27.35,18700,27.34,U
sh600887,伊利股份,10:48:57,27.34,12600,27.35,D
sh600887,伊利股份,10:49:12,27.35,45800,27.35,D
sh600887,伊利股份,10:49:18,27.36,10600,27.35,U
sh600887,伊利股份,10:49:54,27.36,12500,27.36,D
sh600887,伊利股份,10:50:12,27.36,25500,27.36,D
sh600887,伊利股份,10:50:15,27.36,26900,27.36,U
sh600887,伊利股份,10:50:18,27.36,19900,27.36,U
sh600887,伊利股份,10:50:21,27.35,10300,27.36,D
sh600887,伊利股份,10:50:27,27.35,28200,27.35,D
sh600887,伊利股份,10:50:30,27.36,16300,27.35,U
sh600887,伊利股份,10:50:33,27.36,9600,27.36,D
sh600887,伊利股份,10:51:12,27.38,35700,27.37,U
sh600887,伊利股份,10:51:15,27.38,23400,27.38,U
sh600887,伊利股份,10:51:21,27.37,8700,27.38,D
sh600887,伊利股份,10:52:00,27.38,8600,27.38,D
sh600887,伊利股份,10:53:03,27.38,24900,27.39,D
sh600887,伊利股份,10:53:39,27.38,9800,27.38,U
sh600887,伊利股份,10:53:51,27.38,10000,27.38,U
sh600887,伊利股份,10:54:18,27.37,17000,27.38,D
sh600887,伊利股份,10:54:33,27.36,115300,27.38,D
sh600887,伊利股份,10:54:36,27.35,60100,27.36,D
sh600887,伊利股份,10:54:54,27.35,7800,27.35,U
sh600887,伊利股份,10:55:12,27.35,8300,27.35,U
sh600887,伊利股份,10:55:39,27.35,17900,27.36,D
sh600887,伊利股份,10:55:42,27.35,11100,27.35,U
sh600887,伊利股份,10:56:30,27.35,12500,27.35,U
sh600887,伊利股份,10:56:33,27.35,8000,27.35,U
sh600887,伊利股份,10:56:39,27.36,23700,27.36,U
sh600887,伊利股份,10:57:18,27.35,9400,27.35,D
sh600887,伊利股份,10:57:21,27.35,8700,27.35,D
sh600887,伊利股份,10:57:27,27.34,9700,27.35,D
sh600887,伊利股份,10:57:51,27.35,9100,27.35,U
sh600887,伊利股份,10:58:12,27.33,50100,27.34,D
sh600887,伊利股份,10:58:15,27.34,8900,27.33,U
sh600887,伊利股份,10:58:21,27.33,87500,27.34,D
sh600887,伊利股份,10:58:24,27.32,117800,27.33,D
sh600887,伊利股份,10:58:27,27.33,30600,27.32,U
sh600887,伊利股份,10:58:36,27.32,47500,27.32,U
sh600887,伊利股份,10:58:54,27.32,15600,27.31,U
sh600887,伊利股份,10:59:09,27.31,7700,27.31,D
sh600887,伊利股份,10:59:18,27.33,11200,27.32,U
sh600887,伊利股份,10:59:33,27.33,16900,27.33,U
sh600887,伊利股份,10:59:51,27.33,20400,27.34,D
sh600887,伊利股份,10:59:54,27.36,303700,27.33,U
sh600887,伊利股份,11:00:03,27.34,9200,27.34,D
sh600887,伊利股份,11:01:00,27.34,36200,27.35,D
sh600887,伊利股份,11:01:21,27.34,14600,27.34,U
sh600887,伊利股份,11:02:30,27.34,9100,27.35,D
sh600887,伊利股份,11:02:54,27.34,8600,27.35,D
sh600887,伊利股份,11:02:57,27.33,68900,27.34,D
sh600887,伊利股份,11:03:00,27.33,42000,27.33,D
sh600887,伊利股份,11:03:09,27.32,12700,27.32,D
sh600887,伊利股份,11:03:18,27.32,7500,27.32,U
sh600887,伊利股份,11:03:30,27.31,25400,27.32,D
sh600887,伊利股份,11:03:39,27.31,68800,27.31,D
sh600887,伊利股份,11:03:42,27.31,19400,27.31,D
sh600887,伊利股份,11:03:51,27.3,8300,27.31,D
sh600887,伊利股份,11:03:54,27.32,10800,27.3,U
sh600887,伊利股份,11:04:00,27.32,28900,27.32,U
sh600887,伊利股份,11:04:09,27.32,36900,27.32,U
sh600887,伊利股份,11:04:36,27.32,26100,27.32,D
sh600887,伊利股份,11:04:51,27.31,11300,27.31,D
sh600887,伊利股份,11:05:21,27.31,9000,27.31,D
sh600887,伊利股份,11:05:24,27.31,30700,27.31,D
sh600887,伊利股份,11:05:51,27.31,7400,27.31,U
sh600887,伊利股份,11:05:57,27.31,8300,27.3,U
sh600887,伊利股份,11:06:09,27.3,7600,27.31,D
sh600887,伊利股份,11:06:18,27.3,15600,27.31,D
sh600887,伊利股份,11:06:21,27.32,27100,27.3,U
sh600887,伊利股份,11:07:09,27.31,14000,27.31,D
sh600887,伊利股份,11:07:12,27.31,14600,27.31,D
sh600887,伊利股份,11:07:21,27.31,14800,27.32,D
sh600887,伊利股份,11:08:54,27.34,22200,27.34,U
sh600887,伊利股份,11:09:18,27.34,21500,27.34,U
sh600887,伊利股份,11:09:42,27.34,8800,27.34,U
sh600887,伊利股份,11:10:12,27.35,9500,27.35,U
sh600887,伊利股份,11:10:54,27.36,17400,27.35,U
sh600887,伊利股份,11:11:03,27.36,10100,27.36,U
sh600887,伊利股份,11:11:30,27.36,11600,27.35,U
sh600887,伊利股份,11:11:33,27.36,10700,27.36,D
sh600887,伊利股份,11:11:48,27.36,10100,27.36,U
sh600887,伊利股份,11:11:54,27.37,22600,27.35,U
sh600887,伊利股份,11:12:03,27.36,9900,27.36,D
sh600887,伊利股份,11:12:06,27.36,9300,27.36,U
sh600887,伊利股份,11:12:24,27.36,11100,27.37,D
sh600887,伊利股份,11:12:33,27.37,8200,27.37,U
sh600887,伊利股份,11:12:39,27.37,7500,27.38,D
sh600887,伊利股份,11:12:51,27.38,10200,27.37,U
sh600887,伊利股份,11:13:06,27.38,17900,27.38,U
sh600887,伊利股份,11:13:12,27.38,10700,27.37,U
sh600887,伊利股份,11:14:21,27.36,26300,27.37,D
sh600887,伊利股份,11:14:42,27.37,12600,27.37,U
sh600887,伊利股份,11:14:48,27.37,18800,27.36,U
sh600887,伊利股份,11:15:15,27.38,12400,27.37,U
sh600887,伊利股份,11:15:27,27.37,7800,27.38,D
sh600887,伊利股份,11:15:51,27.38,12300,27.37,U
sh600887,伊利股份,11:15:54,27.38,12200,27.38,U
sh600887,伊利股份,11:15:57,27.38,9000,27.38,U
sh600887,伊利股份,11:16:21,27.38,28300,27.38,U
sh600887,伊利股份,11:16:36,27.38,8200,27.38,D
sh600887,伊利股份,11:16:54,27.38,16500,27.38,U
sh600887,伊利股份,11:16:57,27.38,9200,27.38,D
sh600887,伊利股份,11:17:15,27.38,11100,27.39,D
sh600887,伊利股份,11:17:18,27.38,32300,27.38,U
sh600887,伊利股份,11:17:24,27.39,32700,27.38,U
sh600887,伊利股份,11:18:24,27.39,8300,27.39,U
sh600887,伊利股份,11:18:54,27.4,15100,27.4,U
sh600887,伊利股份,11:19:06,27.4,8700,27.39,U
sh600887,伊利股份,11:19:15,27.41,39200,27.4,U
sh600887,伊利股份,11:19:51,27.41,13000,27.41,U
sh600887,伊利股份,11:20:00,27.41,14800,27.4,U
sh600887,伊利股份,11:20:15,27.41,8000,27.4,U
sh600887,伊利股份,11:20:21,27.41,14900,27.4,U
sh600887,伊利股份,11:20:27,27.41,10700,27.41,D
sh600887,伊利股份,11:20:30,27.42,8000,27.41,U
sh600887,伊利股份,11:20:45,27.42,21100,27.41,U
sh600887,伊利股份,11:20:57,27.42,11300,27.42,U
sh600887,伊利股份,11:21:00,27.43,12700,27.42,U
sh600887,伊利股份,11:21:03,27.42,10500,27.43,D
sh600887,伊利股份,11:21:09,27.44,15700,27.43,U
sh600887,伊利股份,11:21:18,27.43,10000,27.45,D
sh600887,伊利股份,11:21:51,27.44,17800,27.44,U
sh600887,伊利股份,11:22:15,27.43,9900,27.42,U
sh600887,伊利股份,11:22:21,27.43,10200,27.42,U
sh600887,伊利股份,11:22:45,27.42,10100,27.42,D
sh600887,伊利股份,11:23:03,27.4,15600,27.41,D
sh600887,伊利股份,11:23:09,27.4,29900,27.4,D
sh600887,伊利股份,11:23:12,27.41,24400,27.4,U
sh600887,伊利股份,11:23:18,27.39,7500,27.4,D
sh600887,伊利股份,11:23:54,27.38,7400,27.38,D
sh600887,伊利股份,11:24:24,27.37,9200,27.38,D
sh600887,伊利股份,11:24:30,27.39,9200,27.38,U
sh600887,伊利股份,11:24:45,27.39,7500,27.38,U
sh600887,伊利股份,11:25:00,27.4,7500,27.39,U
sh600887,伊利股份,11:25:45,27.38,11500,27.39,D
sh600887,伊利股份,11:25:51,27.38,35100,27.38,D
sh600887,伊利股份,11:25:54,27.38,7500,27.38,U
sh600887,伊利股份,11:26:06,27.37,8400,27.38,D
sh600887,伊利股份,11:26:09,27.38,12900,27.37,U
sh600887,伊利股份,11:26:21,27.38,10200,27.38,U
sh600887,伊利股份,11:26:30,27.38,18900,27.38,U
sh600887,伊利股份,11:27:45,27.38,63300,27.38,D
sh600887,伊利股份,11:27:51,27.38,14000,27.38,D
sh600887,伊利股份,11:27:54,27.38,11700,27.38,U
sh600887,伊利股份,11:28:03,27.36,12200,27.36,D
sh600887,伊利股份,11:28:15,27.36,15900,27.36,D
sh600887,伊利股份,11:28:57,27.36,18600,27.37,D
sh600887,伊利股份,11:29:06,27.36,8800,27.35,U
sh600887,伊利股份,11:29:09,27.35,39799,27.36,D
sh600887,伊利股份,11:29:12,27.36,13100,27.35,U
sh600887,伊利股份,11:29:15,27.34,36700,27.36,D
sh600887,伊利股份,11:29:30,27.34,7700,27.33,U
sh600887,伊利股份,11:29:33,27.34,14700,27.34,U
sh600887,伊利股份,11:29:39,27.32,16300,27.33,D
sh600887,伊利股份,11:29:42,27.34,15400,27.32,U
sh600887,伊利股份,11:29:45,27.34,23500,27.34,U
sh600887,伊利股份,11:29:54,27.36,13900,27.33,U
sh600887,伊利股份,13:00:00,27.34,23100,27.36,D
sh600887,伊利股份,13:00:03,27.34,28000,27.34,U
sh600887,伊利股份,13:00:06,27.36,40200,27.34,U
sh600887,伊利股份,13:00:09,27.36,24500,27.36,D
sh600887,伊利股份,13:00:12,27.37,69000,27.36,U
sh600887,伊利股份,13:00:18,27.36,31600,27.36,D
sh600887,伊利股份,13:00:21,27.39,9500,27.36,U
sh600887,伊利股份,13:00:27,27.36,10600,27.36,D
sh600887,伊利股份,13:00:33,27.36,36700,27.39,D
sh600887,伊利股份,13:00:39,27.38,7500,27.39,E
sh600887,伊利股份,13:00:48,27.4,11600,27.4,U
sh600887,伊利股份,13:00:54,27.4,9600,27.39,U
sh600887,伊利股份,13:01:00,27.41,19400,27.41,U
sh600887,伊利股份,13:01:03,27.42,20200,27.41,U
sh600887,伊利股份,13:01:06,27.41,8500,27.42,D
sh600887,伊利股份,13:01:09,27.41,8400,27.41,D
sh600887,伊利股份,13:01:12,27.42,14700,27.41,U
sh600887,伊利股份,13:01:15,27.43,9900,27.42,U
sh600887,伊利股份,13:01:21,27.41,8000,27.39,U
sh600887,伊利股份,13:01:24,27.4,10000,27.41,E
sh600887,伊利股份,13:01:30,27.4,12200,27.41,D
sh600887,伊利股份,13:01:36,27.4,7400,27.41,D
sh600887,伊利股份,13:01:42,27.43,16800,27.4,U
sh600887,伊利股份,13:01:54,27.42,16800,27.41,U
sh600887,伊利股份,13:02:03,27.41,7800,27.43,D
sh600887,伊利股份,13:02:06,27.4,9100,27.41,D
sh600887,伊利股份,13:02:24,27.4,34600,27.4,U
sh600887,伊利股份,13:02:27,27.42,9700,27.4,U
sh600887,伊利股份,13:02:48,27.4,10400,27.4,D
sh600887,伊利股份,13:02:51,27.4,13700,27.4,U
sh600887,伊利股份,13:02:54,27.38,17800,27.4,D
sh600887,伊利股份,13:03:03,27.38,13900,27.39,E
sh600887,伊利股份,13:03:21,27.39,13400,27.38,U
sh600887,伊利股份,13:03:24,27.4,7700,27.39,U
sh600887,伊利股份,13:03:36,27.41,8100,27.4,U
sh600887,伊利股份,13:04:03,27.38,14000,27.41,D
sh600887,伊利股份,13:04:36,27.42,25000,27.41,U
sh600887,伊利股份,13:04:39,27.41,10800,27.42,E
sh600887,伊利股份,13:04:51,27.42,13900,27.43,D
sh600887,伊利股份,13:04:54,27.42,12600,27.42,D
sh600887,伊利股份,13:05:00,27.43,8500,27.43,D
sh600887,伊利股份,13:05:03,27.44,34500,27.43,U
sh600887,伊利股份,13:05:06,27.45,24400,27.44,U
sh600887,伊利股份,13:05:18,27.45,16900,27.44,U
sh600887,伊利股份,13:05:33,27.45,10500,27.45,U
sh600887,伊利股份,13:05:45,27.45,51900,27.45,U
sh600887,伊利股份,13:05:48,27.46,12100,27.45,U
sh600887,伊利股份,13:05:51,27.46,19700,27.46,U
sh600887,伊利股份,13:06:06,27.47,57700,27.47,U
sh600887,伊利股份,13:06:09,27.49,28900,27.47,U
sh600887,伊利股份,13:06:27,27.49,13700,27.48,U
sh600887,伊利股份,13:06:45,27.48,16900,27.48,U
sh600887,伊利股份,13:07:00,27.48,59800,27.49,D
sh600887,伊利股份,13:07:03,27.49,17400,27.48,U
sh600887,伊利股份,13:07:06,27.48,16100,27.49,D
sh600887,伊利股份,13:07:12,27.49,16600,27.48,U
sh600887,伊利股份,13:07:15,27.49,12900,27.49,U
sh600887,伊利股份,13:07:24,27.48,7500,27.49,D
sh600887,伊利股份,13:07:27,27.49,9900,27.48,E
sh600887,伊利股份,13:07:30,27.49,24700,27.49,U
sh600887,伊利股份,13:07:33,27.5,12200,27.49,U
sh600887,伊利股份,13:07:36,27.5,57500,27.5,U
sh600887,伊利股份,13:07:39,27.49,19200,27.5,D
sh600887,伊利股份,13:07:51,27.49,12900,27.49,U
sh600887,伊利股份,13:08:00,27.49,7600,27.49,D
sh600887,伊利股份,13:08:03,27.5,19100,27.49,U
sh600887,伊利股份,13:08:06,27.49,96600,27.5,D
sh600887,伊利股份,13:08:09,27.5,23800,27.49,U
sh600887,伊利股份,13:08:12,27.49,14100,27.5,E
sh600887,伊利股份,13:08:15,27.49,10300,27.49,D
sh600887,伊利股份,13:08:27,27.49,11800,27.49,D
sh600887,伊利股份,13:08:48,27.49,8100,27.48,U
sh600887,伊利股份,13:09:03,27.49,26800,27.49,U
sh600887,伊利股份,13:09:06,27.49,192400,27.49,U
sh600887,伊利股份,13:09:09,27.49,39500,27.49,D
sh600887,伊利股份,13:09:12,27.5,24300,27.49,U
sh600887,伊利股份,13:09:15,27.5,10600,27.5,D
sh600887,伊利股份,13:09:18,27.51,10700,27.5,U
sh600887,伊利股份,13:09:27,27.5,7400,27.51,D
sh600887,伊利股份,13:09:33,27.5,13200,27.5,D
sh600887,伊利股份,13:09:36,27.51,15900,27.5,U
sh600887,伊利股份,13:09:51,27.51,33800,27.52,D
sh600887,伊利股份,13:09:54,27.52,20200,27.51,U
sh600887,伊利股份,13:09:57,27.53,119100,27.52,U
sh600887,伊利股份,13:10:00,27.54,26300,27.53,U
sh600887,伊利股份,13:10:03,27.54,53700,27.54,U
sh600887,伊利股份,13:10:06,27.55,72500,27.54,U
sh600887,伊利股份,13:10:09,27.54,11800,27.55,D
sh600887,伊利股份,13:10:12,27.55,24500,27.54,U
sh600887,伊利股份,13:10:15,27.54,7500,27.55,D
sh600887,伊利股份,13:10:18,27.54,12200,27.54,D
sh600887,伊利股份,13:10:21,27.55,8400,27.54,U
sh600887,伊利股份,13:10:30,27.55,10700,27.54,U
sh600887,伊利股份,13:10:33,27.54,8700,27.55,D
sh600887,伊利股份,13:10:36,27.54,15700,27.54,D
sh600887,伊利股份,13:10:39,27.54,9000,27.54,D
sh600887,伊利股份,13:10:42,27.55,14700,27.54,U
sh600887,伊利股份,13:10:48,27.55,74400,27.55,U
sh600887,伊利股份,13:10:51,27.55,29600,27.55,D
sh600887,伊利股份,13:10:54,27.55,13300,27.55,D
sh600887,伊利股份,13:10:57,27.55,9600,27.55,D
sh600887,伊利股份,13:11:00,27.56,29600,27.55,U
sh600887,伊利股份,13:11:03,27.57,89900,27.56,U
sh600887,伊利股份,13:11:06,27.57,81200,27.57,U
sh600887,伊利股份,13:11:09,27.57,8900,27.57,D
sh600887,伊利股份,13:11:12,27.57,13100,27.57,D
sh600887,伊利股份,13:11:15,27.58,19900,27.57,U
sh600887,伊利股份,13:11:18,27.57,14200,27.58,U
sh600887,伊利股份,13:11:21,27.57,16000,27.57,U
sh600887,伊利股份,13:11:24,27.57,22900,27.57,U
sh600887,伊利股份,13:11:27,27.57,9500,27.57,U
sh600887,伊利股份,13:11:33,27.57,29700,27.56,U
sh600887,伊利股份,13:11:36,27.57,7600,27.57,U
sh600887,伊利股份,13:11:48,27.55,40100,27.56,D
sh600887,伊利股份,13:11:51,27.53,36200,27.55,D
sh600887,伊利股份,13:11:54,27.53,14500,27.53,D
sh600887,伊利股份,13:12:12,27.53,23400,27.53,D
sh600887,伊利股份,13:12:27,27.52,11600,27.53,D
sh600887,伊利股份,13:12:33,27.53,12600,27.53,D
sh600887,伊利股份,13:12:51,27.53,15300,27.53,D
sh600887,伊利股份,13:12:54,27.54,16200,27.53,U
sh600887,伊利股份,13:13:06,27.53,27400,27.54,D
sh600887,伊利股份,13:13:15,27.52,8200,27.53,D
sh600887,伊利股份,13:13:21,27.53,15600,27.53,U
sh600887,伊利股份,13:13:36,27.53,11800,27.53,U
sh600887,伊利股份,13:13:39,27.53,10700,27.53,D
sh600887,伊利股份,13:13:42,27.52,8100,27.53,D
sh600887,伊利股份,13:13:54,27.53,8700,27.53,U
sh600887,伊利股份,13:14:18,27.53,20900,27.52,U
sh600887,伊利股份,13:14:24,27.52,11700,27.52,D
sh600887,伊利股份,13:14:36,27.54,30000,27.53,U
sh600887,伊利股份,13:14:39,27.54,9400,27.54,U
sh600887,伊利股份,13:14:48,27.53,8000,27.53,D
sh600887,伊利股份,13:14:54,27.54,7600,27.54,U
sh600887,伊利股份,13:14:57,27.54,26000,27.54,U
sh600887,伊利股份,13:15:06,27.56,63000,27.54,U
sh600887,伊利股份,13:15:15,27.55,7900,27.54,D
sh600887,伊利股份,13:15:18,27.55,15000,27.55,D
sh600887,伊利股份,13:15:27,27.55,8500,27.56,D
sh600887,伊利股份,13:15:30,27.55,18200,27.55,D
sh600887,伊利股份,13:15:33,27.55,10700,27.55,D
sh600887,伊利股份,13:15:36,27.55,10300,27.55,U
sh600887,伊利股份,13:15:39,27.56,18800,27.55,U
sh600887,伊利股份,13:15:54,27.55,17400,27.55,U
sh600887,伊利股份,13:16:00,27.55,40200,27.55,U
sh600887,伊利股份,13:16:03,27.55,15800,27.55,U
sh600887,伊利股份,13:16:06,27.54,7400,27.55,D
sh600887,伊利股份,13:16:15,27.55,16200,27.54,U
sh600887,伊利股份,13:16:18,27.54,12500,27.55,D
sh600887,伊利股份,13:16:21,27.55,24400,27.54,U
sh600887,伊利股份,13:16:33,27.54,25200,27.54,D
sh600887,伊利股份,13:16:45,27.55,8600,27.54,U
sh600887,伊利股份,13:17:15,27.53,12100,27.53,D
sh600887,伊利股份,13:17:21,27.54,15100,27.54,D
sh600887,伊利股份,13:17:45,27.52,88300,27.54,D
sh600887,伊利股份,13:17:48,27.52,16300,27.52,D
sh600887,伊利股份,13:18:09,27.52,15200,27.53,D
sh600887,伊利股份,13:18:15,27.52,8100,27.52,D
sh600887,伊利股份,13:18:24,27.53,10500,27.53,U
sh600887,伊利股份,13:18:30,27.52,12000,27.53,D
sh600887,伊利股份,13:18:36,27.52,8000,27.53,D
sh600887,伊利股份,13:18:42,27.52,10900,27.52,D
sh600887,伊利股份,13:19:03,27.53,12500,27.52,U
sh600887,伊利股份,13:19:21,27.52,8800,27.52,D
sh600887,伊利股份,13:19:33,27.52,16200,27.52,D
sh600887,伊利股份,13:19:42,27.54,7900,27.53,U
sh600887,伊利股份,13:19:54,27.53,9600,27.53,U
sh600887,伊利股份,13:19:57,27.52,25400,27.53,D
sh600887,伊利股份,13:20:06,27.53,11600,27.53,D
sh600887,伊利股份,13:20:21,27.52,10800,27.52,D
sh600887,伊利股份,13:20:33,27.53,7800,27.52,U
sh600887,伊利股份,13:20:36,27.52,21000,27.53,D
sh600887,伊利股份,13:20:39,27.53,8400,27.52,U
sh600887,伊利股份,13:21:12,27.51,37900,27.51,D
sh600887,伊利股份,13:21:21,27.51,18000,27.51,U
sh600887,伊利股份,13:21:27,27.51,12600,27.51,U
sh600887,伊利股份,13:21:36,27.51,10800,27.5,U
sh600887,伊利股份,13:21:39,27.5,16800,27.51,D
sh600887,伊利股份,13:21:45,27.5,36000,27.51,D
sh600887,伊利股份,13:21:57,27.51,7900,27.51,U
sh600887,伊利股份,13:22:03,27.51,10600,27.51,U
sh600887,伊利股份,13:22:06,27.51,10700,27.51,D
sh600887,伊利股份,13:22:24,27.51,9300,27.51,U
sh600887,伊利股份,13:22:51,27.51,8900,27.51,U
sh600887,伊利股份,13:22:54,27.5,8500,27.51,D
sh600887,伊利股份,13:23:39,27.5,12900,27.51,D
sh600887,伊利股份,13:23:45,27.52,14700,27.51,U
sh600887,伊利股份,13:23:48,27.51,17300,27.52,D
sh600887,伊利股份,13:23:57,27.52,8700,27.52,U
sh600887,伊利股份,13:24:30,27.52,19800,27.51,U
sh600887,伊利股份,13:24:36,27.52,8200,27.52,U
sh600887,伊利股份,13:24:45,27.51,11900,27.51,D
sh600887,伊利股份,13:25:09,27.52,7500,27.52,U
sh600887,伊利股份,13:25:21,27.52,10700,27.51,U
sh600887,伊利股份,13:25:33,27.52,16800,27.52,U
sh600887,伊利股份,13:25:51,27.53,30900,27.53,U
sh600887,伊利股份,13:25:57,27.53,12100,27.53,U
sh600887,伊利股份,13:26:09,27.54,34000,27.53,U
sh600887,伊利股份,13:26:12,27.53,8600,27.54,D
sh600887,伊利股份,13:26:15,27.51,101800,27.53,D
sh600887,伊利股份,13:26:18,27.51,26300,27.51,D
sh600887,伊利股份,13:26:21,27.51,27200,27.51,D
sh600887,伊利股份,13:26:33,27.5,23600,27.51,D
sh600887,伊利股份,13:26:36,27.51,18100,27.5,U
sh600887,伊利股份,13:27:06,27.52,21100,27.52,U
sh600887,伊利股份,13:27:21,27.52,22000,27.52,U
sh600887,伊利股份,13:27:48,27.51,23200,27.52,D
sh600887,伊利股份,13:27:51,27.52,8200,27.51,U
sh600887,伊利股份,13:27:54,27.52,11800,27.52,U
sh600887,伊利股份,13:28:00,27.52,9700,27.51,U
sh600887,伊利股份,13:28:18,27.52,8000,27.52,U
sh600887,伊利股份,13:28:24,27.52,7900,27.51,U
sh600887,伊利股份,13:28:33,27.53,8600,27.52,U
sh600887,伊利股份,13:28:42,27.53,16300,27.52,U
sh600887,伊利股份,13:28:48,27.52,11500,27.53,D
sh600887,伊利股份,13:28:57,27.52,7400,27.53,D
sh600887,伊利股份,13:29:21,27.52,8800,27.54,D
sh600887,伊利股份,13:29:48,27.53,12000,27.53,D
sh600887,伊利股份,13:29:51,27.52,59500,27.53,D
sh600887,伊利股份,13:29:54,27.51,39300,27.52,D
sh600887,伊利股份,13:29:57,27.52,12600,27.51,U
sh600887,伊利股份,13:30:24,27.51,7400,27.52,D
sh600887,伊利股份,13:30:36,27.52,8300,27.52,U
sh600887,伊利股份,13:30:54,27.52,8600,27.51,U
sh600887,伊利股份,13:31:18,27.5,67100,27.52,D
sh600887,伊利股份,13:31:30,27.51,7500,27.51,U
sh600887,伊利股份,13:31:54,27.52,8600,27.51,U
sh600887,伊利股份,13:32:06,27.51,12700,27.52,D
sh600887,伊利股份,13:32:27,27.5,30100,27.51,D
sh600887,伊利股份,13:32:36,27.51,11500,27.51,U
sh600887,伊利股份,13:32:51,27.5,7600,27.51,D
sh600887,伊利股份,13:33:03,27.52,23600,27.51,U
sh600887,伊利股份,13:33:18,27.51,18300,27.51,D
sh600887,伊利股份,13:33:21,27.52,8100,27.51,U
sh600887,伊利股份,13:33:24,27.52,37400,27.52,U
sh600887,伊利股份,13:33:42,27.53,30200,27.53,U
sh600887,伊利股份,13:33:48,27.53,8000,27.53,D
sh600887,伊利股份,13:33:54,27.53,8000,27.52,D
sh600887,伊利股份,13:33:57,27.54,20100,27.53,U
sh600887,伊利股份,13:34:00,27.54,23300,27.54,U
sh600887,伊利股份,13:34:03,27.54,10000,27.54,U
sh600887,伊利股份,13:34:12,27.54,9100,27.55,D
sh600887,伊利股份,13:34:18,27.54,53100,27.55,D
sh600887,伊利股份,13:34:21,27.52,7300,27.54,D
sh600887,伊利股份,13:34:27,27.52,9800,27.54,D
sh600887,伊利股份,13:34:36,27.54,19900,27.52,U
sh600887,伊利股份,13:34:42,27.51,30800,27.52,D
sh600887,伊利股份,13:34:45,27.52,17300,27.51,U
sh600887,伊利股份,13:34:51,27.5,59400,27.52,D
sh600887,伊利股份,13:34:57,27.52,12800,27.51,U
sh600887,伊利股份,13:35:09,27.51,16200,27.52,D
sh600887,伊利股份,13:35:12,27.51,36500,27.51,D
sh600887,伊利股份,13:35:18,27.51,11400,27.51,U
sh600887,伊利股份,13:35:30,27.52,15000,27.5,U
sh600887,伊利股份,13:35:45,27.52,8100,27.52,U
sh600887,伊利股份,13:35:48,27.53,10000,27.52,U
sh600887,伊利股份,13:35:57,27.52,15400,27.53,D
sh600887,伊利股份,13:36:00,27.51,10200,27.52,D
sh600887,伊利股份,13:36:03,27.52,31800,27.51,D
sh600887,伊利股份,13:36:06,27.52,11000,27.52,U
sh600887,伊利股份,13:36:12,27.53,62200,27.52,U
sh600887,伊利股份,13:36:15,27.53,10700,27.53,U
sh600887,伊利股份,13:36:18,27.54,28700,27.53,U
sh600887,伊利股份,13:36:21,27.54,13100,27.54,U
sh600887,伊利股份,13:36:39,27.55,11200,27.54,U
sh600887,伊利股份,13:36:51,27.55,13000,27.54,U
sh600887,伊利股份,13:36:54,27.54,7900,27.55,D
sh600887,伊利股份,13:36:57,27.55,11800,27.54,U
sh600887,伊利股份,13:37:03,27.55,7300,27.55,U
sh600887,伊利股份,13:37:06,27.55,11800,27.55,U
sh600887,伊利股份,13:37:09,27.55,17800,27.55,U
sh600887,伊利股份,13:37:12,27.55,12100,27.55,U
sh600887,伊利股份,13:37:18,27.56,110600,27.55,U
sh600887,伊利股份,13:37:21,27.55,7800,27.56,D
sh600887,伊利股份,13:37:27,27.55,7800,27.56,D
sh600887,伊利股份,13:37:30,27.56,33500,27.55,U
sh600887,伊利股份,13:37:33,27.56,8800,27.56,U
sh600887,伊利股份,13:37:36,27.55,15700,27.56,D
sh600887,伊利股份,13:37:42,27.56,11700,27.56,U
sh600887,伊利股份,13:37:45,27.56,11100,27.56,U
sh600887,伊利股份,13:37:48,27.56,10700,27.56,U
sh600887,伊利股份,13:37:54,27.57,39300,27.56,U
sh600887,伊利股份,13:37:57,27.57,37400,27.57,U
sh600887,伊利股份,13:38:03,27.57,65900,27.57,U
sh600887,伊利股份,13:38:06,27.59,228400,27.57,U
sh600887,伊利股份,13:38:09,27.59,59200,27.59,U
sh600887,伊利股份,13:38:12,27.58,9500,27.59,D
sh600887,伊利股份,13:38:15,27.6,129900,27.58,U
sh600887,伊利股份,13:38:18,27.6,112400,27.6,U
sh600887,伊利股份,13:38:24,27.6,101200,27.59,U
sh600887,伊利股份,13:38:30,27.61,36000,27.6,U
sh600887,伊利股份,13:38:33,27.61,9700,27.61,D
sh600887,伊利股份,13:38:36,27.62,85500,27.61,U
sh600887,伊利股份,13:38:39,27.62,39000,27.62,U
sh600887,伊利股份,13:38:42,27.62,27200,27.62,D
sh600887,伊利股份,13:38:45,27.63,63700,27.62,U
sh600887,伊利股份,13:38:51,27.62,41600,27.63,D
sh600887,伊利股份,13:38:54,27.62,49000,27.62,D
sh600887,伊利股份,13:38:57,27.61,21800,27.62,D
sh600887,伊利股份,13:39:00,27.64,95300,27.61,U
sh600887,伊利股份,13:39:03,27.62,57500,27.64,D
sh600887,伊利股份,13:39:06,27.61,76400,27.62,D
sh600887,伊利股份,13:39:09,27.62,13800,27.61,U
sh600887,伊利股份,13:39:15,27.63,12300,27.61,U
sh600887,伊利股份,13:39:21,27.63,18600,27.62,U
sh600887,伊利股份,13:39:24,27.63,8500,27.63,U
sh600887,伊利股份,13:39:27,27.63,17500,27.63,D
sh600887,伊利股份,13:39:33,27.63,12800,27.63,U
sh600887,伊利股份,13:39:39,27.63,24600,27.63,U
sh600887,伊利股份,13:39:45,27.63,9000,27.63,D
sh600887,伊利股份,13:39:48,27.63,7600,27.63,D
sh600887,伊利股份,13:40:03,27.64,101700,27.64,U
sh600887,伊利股份,13:40:06,27.64,17900,27.64,D
sh600887,伊利股份,13:40:09,27.64,12300,27.64,D
sh600887,伊利股份,13:40:12,27.65,31400,27.64,U
sh600887,伊利股份,13:40:15,27.65,102800,27.65,U
sh600887,伊利股份,13:40:18,27.65,37900,27.65,U
sh600887,伊利股份,13:40:24,27.65,12900,27.66,D
sh600887,伊利股份,13:40:30,27.66,7600,27.66,U
sh600887,伊利股份,13:40:33,27.65,14400,27.66,D
sh600887,伊利股份,13:40:36,27.66,12900,27.65,U
sh600887,伊利股份,13:40:39,27.66,57000,27.66,U
sh600887,伊利股份,13:40:45,27.66,40200,27.66,U
sh600887,伊利股份,13:40:48,27.67,67700,27.66,U
sh600887,伊利股份,13:40:51,27.67,9600,27.67,U
sh600887,伊利股份,13:40:54,27.67,11400,27.67,U
sh600887,伊利股份,13:41:00,27.68,119500,27.67,U
sh600887,伊利股份,13:41:06,27.68,62900,27.67,U
sh600887,伊利股份,13:41:09,27.67,11100,27.68,D
sh600887,伊利股份,13:41:12,27.68,57200,27.67,U
sh600887,伊利股份,13:41:15,27.68,42400,27.68,D
sh600887,伊利股份,13:41:18,27.68,13100,27.68,U
sh600887,伊利股份,13:41:24,27.67,12400,27.68,D
sh600887,伊利股份,13:41:27,27.68,48300,27.67,U
sh600887,伊利股份,13:41:39,27.67,10200,27.67,D
sh600887,伊利股份,13:41:42,27.67,13300,27.67,U
sh600887,伊利股份,13:41:54,27.67,10100,27.67,D
sh600887,伊利股份,13:41:57,27.68,11300,27.67,U
sh600887,伊利股份,13:42:03,27.67,16900,27.67,D
sh600887,伊利股份,13:42:06,27.68,26800,27.67,U
sh600887,伊利股份,13:42:09,27.68,31900,27.68,U
sh600887,伊利股份,13:42:15,27.67,25100,27.67,D
sh600887,伊利股份,13:42:18,27.67,9600,27.67,D
sh600887,伊利股份,13:42:24,27.68,9100,27.67,U
sh600887,伊利股份,13:42:27,27.67,13600,27.68,D
sh600887,伊利股份,13:42:30,27.68,48300,27.67,U
sh600887,伊利股份,13:42:36,27.68,12900,27.67,U
sh600887,伊利股份,13:42:39,27.67,37200,27.68,D
sh600887,伊利股份,13:42:48,27.67,9300,27.67,D
sh600887,伊利股份,13:42:51,27.67,19000,27.67,D
sh600887,伊利股份,13:42:54,27.67,14500,27.67,D
sh600887,伊利股份,13:43:00,27.67,8200,27.67,D
sh600887,伊利股份,13:43:03,27.67,12100,27.67,D
sh600887,伊利股份,13:43:06,27.67,51700,27.67,D
sh600887,伊利股份,13:43:18,27.65,67800,27.67,D
sh600887,伊利股份,13:43:21,27.65,8100,27.65,D
sh600887,伊利股份,13:43:27,27.64,9300,27.66,D
sh600887,伊利股份,13:43:39,27.64,10400,27.65,D
sh600887,伊利股份,13:43:42,27.65,19800,27.64,U
sh600887,伊利股份,13:43:45,27.64,8200,27.65,U
sh600887,伊利股份,13:43:51,27.63,9100,27.64,D
sh600887,伊利股份,13:43:57,27.63,25000,27.63,D
sh600887,伊利股份,13:44:00,27.63,38900,27.63,D
sh600887,伊利股份,13:44:06,27.65,11600,27.64,U
sh600887,伊利股份,13:44:09,27.64,12200,27.65,D
sh600887,伊利股份,13:44:12,27.64,14300,27.64,D
sh600887,伊利股份,13:44:21,27.63,10200,27.64,D
sh600887,伊利股份,13:44:24,27.64,8700,27.63,D
sh600887,伊利股份,13:44:27,27.63,15800,27.64,D
sh600887,伊利股份,13:44:42,27.63,10000,27.64,D
sh600887,伊利股份,13:44:51,27.64,8700,27.64,U
sh600887,伊利股份,13:44:54,27.65,26700,27.64,U
sh600887,伊利股份,13:44:57,27.65,26000,27.65,D
sh600887,伊利股份,13:45:00,27.66,61100,27.65,E
sh600887,伊利股份,13:45:03,27.66,45900,27.66,D
sh600887,伊利股份,13:45:06,27.67,43200,27.66,U
sh600887,伊利股份,13:45:15,27.66,22500,27.66,D
sh600887,伊利股份,13:45:24,27.67,8200,27.67,D
sh600887,伊利股份,13:45:30,27.67,9500,27.67,D
sh600887,伊利股份,13:45:33,27.67,26900,27.67,D
sh600887,伊利股份,13:45:36,27.68,14700,27.67,U
sh600887,伊利股份,13:45:39,27.67,8300,27.68,D
sh600887,伊利股份,13:45:42,27.67,25300,27.67,D
sh600887,伊利股份,13:45:45,27.67,19700,27.67,D
sh600887,伊利股份,13:45:48,27.67,7700,27.67,U
sh600887,伊利股份,13:45:54,27.68,10200,27.67,U
sh600887,伊利股份,13:45:57,27.67,21200,27.68,D
sh600887,伊利股份,13:46:00,27.68,33700,27.67,U
sh600887,伊利股份,13:46:03,27.67,11400,27.68,E
sh600887,伊利股份,13:46:06,27.68,15600,27.67,U
sh600887,伊利股份,13:46:15,27.67,9500,27.67,U
sh600887,伊利股份,13:46:21,27.66,8400,27.68,D
sh600887,伊利股份,13:46:30,27.68,90800,27.66,U
sh600887,伊利股份,13:46:33,27.68,34000,27.68,D
sh600887,伊利股份,13:46:42,27.68,9700,27.68,U
sh600887,伊利股份,13:46:51,27.68,20200,27.68,D
sh600887,伊利股份,13:46:54,27.68,9500,27.68,D
sh600887,伊利股份,13:47:00,27.68,118800,27.68,D
sh600887,伊利股份,13:47:03,27.68,35600,27.68,D
sh600887,伊利股份,13:47:06,27.69,97400,27.68,U
sh600887,伊利股份,13:47:09,27.69,33900,27.69,D
sh600887,伊利股份,13:47:12,27.7,17500,27.69,U
sh600887,伊利股份,13:47:15,27.7,121100,27.7,U
sh600887,伊利股份,13:47:18,27.7,45700,27.7,U
sh600887,伊利股份,13:47:21,27.69,26600,27.7,D
sh600887,伊利股份,13:47:24,27.7,25900,27.69,U
sh600887,伊利股份,13:47:27,27.71,8100,27.7,U
sh600887,伊利股份,13:47:30,27.7,19100,27.71,D
sh600887,伊利股份,13:47:33,27.7,12000,27.7,D
sh600887,伊利股份,13:47:36,27.71,19900,27.7,U
sh600887,伊利股份,13:47:51,27.71,8200,27.71,U
sh600887,伊利股份,13:47:54,27.68,61800,27.71,D
sh600887,伊利股份,13:47:57,27.68,20100,27.68,D
sh600887,伊利股份,13:48:15,27.7,8300,27.69,U
sh600887,伊利股份,13:48:18,27.7,29000,27.7,U
sh600887,伊利股份,13:48:21,27.71,12200,27.7,U
sh600887,伊利股份,13:48:30,27.71,7800,27.71,U
sh600887,伊利股份,13:48:33,27.7,12900,27.71,D
sh600887,伊利股份,13:48:36,27.71,15800,27.7,U
sh600887,伊利股份,13:48:39,27.71,15600,27.71,D
sh600887,伊利股份,13:48:42,27.71,15400,27.71,D
sh600887,伊利股份,13:48:45,27.72,16400,27.71,U
sh600887,伊利股份,13:48:48,27.72,7700,27.72,U
sh600887,伊利股份,13:48:51,27.71,27200,27.72,D
sh600887,伊利股份,13:48:54,27.71,37600,27.71,D
sh600887,伊利股份,13:48:57,27.71,25900,27.71,U
sh600887,伊利股份,13:49:00,27.71,10700,27.71,U
sh600887,伊利股份,13:49:03,27.7,7900,27.71,D
sh600887,伊利股份,13:49:09,27.68,90000,27.71,D
sh600887,伊利股份,13:49:12,27.69,35100,27.68,D
sh600887,伊利股份,13:49:18,27.69,15900,27.7,D
sh600887,伊利股份,13:49:24,27.7,11100,27.69,U
sh600887,伊利股份,13:49:27,27.69,16600,27.7,D
sh600887,伊利股份,13:49:30,27.69,15700,27.69,D
sh600887,伊利股份,13:49:33,27.69,9000,27.69,D
sh600887,伊利股份,13:49:36,27.69,11300,27.69,D
sh600887,伊利股份,13:49:39,27.7,7900,27.69,U
sh600887,伊利股份,13:49:48,27.69,15000,27.69,D
sh600887,伊利股份,13:50:03,27.69,9100,27.7,D
sh600887,伊利股份,13:50:15,27.7,7400,27.69,U
sh600887,伊利股份,13:50:18,27.71,29200,27.7,U
sh600887,伊利股份,13:50:21,27.71,10900,27.71,U
sh600887,伊利股份,13:50:24,27.7,21800,27.71,D
sh600887,伊利股份,13:50:27,27.7,14700,27.7,U
sh600887,伊利股份,13:50:45,27.7,16600,27.7,D
sh600887,伊利股份,13:50:51,27.7,7700,27.7,D
sh600887,伊利股份,13:51:00,27.71,20500,27.7,U
sh600887,伊利股份,13:51:12,27.71,10400,27.71,U
sh600887,伊利股份,13:51:15,27.71,17100,27.71,U
sh600887,伊利股份,13:51:21,27.71,11600,27.72,D
sh600887,伊利股份,13:51:24,27.72,20500,27.71,U
sh600887,伊利股份,13:51:27,27.71,9200,27.72,D
sh600887,伊利股份,13:51:30,27.71,19200,27.71,D
sh600887,伊利股份,13:51:39,27.71,15600,27.71,U
sh600887,伊利股份,13:51:57,27.72,9600,27.71,U
sh600887,伊利股份,13:52:03,27.72,53600,27.72,U
sh600887,伊利股份,13:52:06,27.72,56100,27.72,U
sh600887,伊利股份,13:52:09,27.73,9200,27.72,U
sh600887,伊利股份,13:52:12,27.72,9000,27.73,D
sh600887,伊利股份,13:52:15,27.73,12800,27.72,U
sh600887,伊利股份,13:52:30,27.73,11300,27.72,U
sh600887,伊利股份,13:52:33,27.73,8700,27.73,U
sh600887,伊利股份,13:52:36,27.73,13600,27.73,U
sh600887,伊利股份,13:52:39,27.73,20500,27.73,U
sh600887,伊利股份,13:52:42,27.73,34900,27.73,U
sh600887,伊利股份,13:52:45,27.73,16700,27.73,U
sh600887,伊利股份,13:52:48,27.73,7400,27.73,U
sh600887,伊利股份,13:52:51,27.73,12400,27.73,U
sh600887,伊利股份,13:52:54,27.72,7400,27.73,D
sh600887,伊利股份,13:52:57,27.72,34900,27.72,D
sh600887,伊利股份,13:53:00,27.72,88900,27.72,D
sh600887,伊利股份,13:53:03,27.73,26300,27.72,U
sh600887,伊利股份,13:53:06,27.72,20400,27.73,E
sh600887,伊利股份,13:53:09,27.71,15100,27.72,D
sh600887,伊利股份,13:53:12,27.72,10900,27.71,U
sh600887,伊利股份,13:53:18,27.71,18600,27.71,D
sh600887,伊利股份,13:53:21,27.7,18300,27.71,D
sh600887,伊利股份,13:53:24,27.7,37800,27.7,D
sh600887,伊利股份,13:53:27,27.71,47700,27.7,U
sh600887,伊利股份,13:53:30,27.71,22200,27.71,U
sh600887,伊利股份,13:53:33,27.72,20900,27.71,U
sh600887,伊利股份,13:53:36,27.71,8800,27.72,D
sh600887,伊利股份,13:53:39,27.71,22300,27.71,D
sh600887,伊利股份,13:53:42,27.71,8700,27.71,U
sh600887,伊利股份,13:53:45,27.7,9200,27.71,D
sh600887,伊利股份,13:53:48,27.71,7900,27.7,E
sh600887,伊利股份,13:53:51,27.7,29500,27.71,D
sh600887,伊利股份,13:53:54,27.69,8900,27.7,D
sh600887,伊利股份,13:53:57,27.7,7600,27.69,U
sh600887,伊利股份,13:54:00,27.7,7700,27.7,U
sh600887,伊利股份,13:54:03,27.69,11200,27.7,D
sh600887,伊利股份,13:54:09,27.7,12700,27.69,U
sh600887,伊利股份,13:54:15,27.69,7500,27.68,U
sh600887,伊利股份,13:54:18,27.68,8500,27.69,D
sh600887,伊利股份,13:54:21,27.68,9300,27.68,D
sh600887,伊利股份,13:54:30,27.66,41100,27.69,D
sh600887,伊利股份,13:54:33,27.69,24500,27.66,U
sh600887,伊利股份,13:54:36,27.69,12400,27.69,U
sh600887,伊利股份,13:54:42,27.68,7900,27.68,D
sh600887,伊利股份,13:54:45,27.67,9400,27.68,D
sh600887,伊利股份,13:54:51,27.66,62800,27.66,D
sh600887,伊利股份,13:54:54,27.66,19400,27.66,U
sh600887,伊利股份,13:54:57,27.66,9600,27.66,D
sh600887,伊利股份,13:55:00,27.66,15000,27.66,D
sh600887,伊利股份,13:55:09,27.66,12500,27.66,U
sh600887,伊利股份,13:55:15,27.66,11900,27.66,D
sh600887,伊利股份,13:55:18,27.66,18200,27.66,D
sh600887,伊利股份,13:55:21,27.67,13000,27.66,U
sh600887,伊利股份,13:55:39,27.67,15100,27.67,D
sh600887,伊利股份,13:55:45,27.67,21400,27.68,D
sh600887,伊利股份,13:55:57,27.68,8000,27.67,U
sh600887,伊利股份,13:56:12,27.66,56700,27.67,D
sh600887,伊利股份,13:56:15,27.68,16200,27.66,U
sh600887,伊利股份,13:56:18,27.68,15300,27.68,D
sh600887,伊利股份,13:56:24,27.68,14500,27.68,U
sh600887,伊利股份,13:56:27,27.69,16000,27.68,U
sh600887,伊利股份,13:56:30,27.68,24600,27.69,D
sh600887,伊利股份,13:56:33,27.68,8300,27.68,U
sh600887,伊利股份,13:56:42,27.7,13600,27.68,U
sh600887,伊利股份,13:56:54,27.69,11200,27.69,U
sh600887,伊利股份,13:57:00,27.69,8200,27.68,E
sh600887,伊利股份,13:57:06,27.7,18200,27.7,U
sh600887,伊利股份,13:57:18,27.7,7600,27.7,U
sh600887,伊利股份,13:57:24,27.69,9800,27.7,D
sh600887,伊利股份,13:57:36,27.7,19700,27.69,U
sh600887,伊利股份,13:57:39,27.7,7800,27.7,U
sh600887,伊利股份,13:57:45,27.7,16700,27.7,U
sh600887,伊利股份,13:57:48,27.7,10600,27.7,U
sh600887,伊利股份,13:57:51,27.7,9500,27.7,U
sh600887,伊利股份,13:57:54,27.7,12700,27.7,U
sh600887,伊利股份,13:57:57,27.7,8800,27.7,U
sh600887,伊利股份,13:58:06,27.7,48700,27.7,U
sh600887,伊利股份,13:58:09,27.69,15200,27.7,D
sh600887,伊利股份,13:58:12,27.7,322900,27.69,U
sh600887,伊利股份,13:58:15,27.71,70600,27.7,U
sh600887,伊利股份,13:58:18,27.72,28400,27.71,U
sh600887,伊利股份,13:58:21,27.7,17600,27.72,D
sh600887,伊利股份,13:58:24,27.71,9200,27.7,U
sh600887,伊利股份,13:58:42,27.71,7500,27.71,D
sh600887,伊利股份,13:58:45,27.71,11700,27.71,D
sh600887,伊利股份,13:58:51,27.72,12700,27.72,U
sh600887,伊利股份,13:58:54,27.71,10200,27.72,D
sh600887,伊利股份,13:59:03,27.71,13200,27.71,D
sh600887,伊利股份,13:59:06,27.71,54500,27.71,D
sh600887,伊利股份,13:59:18,27.71,10400,27.71,D
sh600887,伊利股份,13:59:21,27.71,10800,27.71,D
sh600887,伊利股份,13:59:27,27.71,12800,27.71,D
sh600887,伊利股份,13:59:42,27.71,7300,27.72,D
sh600887,伊利股份,13:59:45,27.72,52300,27.71,U
sh600887,伊利股份,13:59:48,27.72,12200,27.72,U
sh600887,伊利股份,13:59:51,27.72,12400,27.72,U
sh600887,伊利股份,14:00:03,27.71,9600,27.72,D
sh600887,伊利股份,14:00:12,27.71,10400,27.72,D
sh600887,伊利股份,14:00:18,27.71,12700,27.72,D
sh600887,伊利股份,14:00:21,27.71,9500,27.71,D
sh600887,伊利股份,14:00:27,27.72,24300,27.71,U
sh600887,伊利股份,14:00:30,27.72,50800,27.72,U
sh600887,伊利股份,14:00:39,27.71,8200,27.71,D
sh600887,伊利股份,14:01:03,27.73,95100,27.72,U
sh600887,伊利股份,14:01:06,27.72,40100,27.73,U
sh600887,伊利股份,14:01:15,27.73,9300,27.72,U
sh600887,伊利股份,14:01:21,27.72,7600,27.73,D
sh600887,伊利股份,14:01:30,27.72,17100,27.73,D
sh600887,伊利股份,14:01:36,27.73,42000,27.73,U
sh600887,伊利股份,14:01:51,27.72,16600,27.73,D
sh600887,伊利股份,14:01:54,27.73,8800,27.72,U
sh600887,伊利股份,14:02:06,27.73,43700,27.73,U
sh600887,伊利股份,14:02:09,27.73,14500,27.73,U
sh600887,伊利股份,14:02:12,27.73,13600,27.73,D
sh600887,伊利股份,14:02:15,27.74,7800,27.73,U
sh600887,伊利股份,14:02:21,27.73,8500,27.74,D
sh600887,伊利股份,14:02:24,27.74,60700,27.73,U
sh600887,伊利股份,14:02:39,27.73,19400,27.73,D
sh600887,伊利股份,14:02:42,27.74,18500,27.73,U
sh600887,伊利股份,14:02:51,27.73,20600,27.74,D
sh600887,伊利股份,14:03:00,27.74,11100,27.74,U
sh600887,伊利股份,14:03:03,27.73,43400,27.74,D
sh600887,伊利股份,14:03:06,27.73,29400,27.73,D
sh600887,伊利股份,14:03:09,27.73,8400,27.73,U
sh600887,伊利股份,14:03:12,27.73,10900,27.73,U
sh600887,伊利股份,14:03:33,27.73,16600,27.72,U
sh600887,伊利股份,14:03:36,27.73,26500,27.73,D
sh600887,伊利股份,14:03:39,27.73,26000,27.73,U
sh600887,伊利股份,14:03:48,27.73,14100,27.73,U
sh600887,伊利股份,14:03:51,27.73,20100,27.73,U
sh600887,伊利股份,14:03:54,27.73,24100,27.73,U
sh600887,伊利股份,14:04:00,27.74,19600,27.74,U
sh600887,伊利股份,14:04:09,27.74,62200,27.74,U
sh600887,伊利股份,14:04:15,27.73,7700,27.73,D
sh600887,伊利股份,14:04:18,27.74,36800,27.73,U
sh600887,伊利股份,14:04:33,27.73,9200,27.73,D
sh600887,伊利股份,14:04:36,27.73,12900,27.73,D
sh600887,伊利股份,14:04:39,27.73,15800,27.73,D
sh600887,伊利股份,14:04:42,27.73,7400,27.73,D
sh600887,伊利股份,14:04:57,27.73,21700,27.73,U
sh600887,伊利股份,14:05:03,27.73,8900,27.73,U
sh600887,伊利股份,14:05:18,27.73,13600,27.73,U
sh600887,伊利股份,14:05:24,27.73,42600,27.73,U
sh600887,伊利股份,14:05:42,27.72,18300,27.73,D
sh600887,伊利股份,14:05:45,27.72,9800,27.72,D
sh600887,伊利股份,14:05:48,27.73,7700,27.72,U
sh600887,伊利股份,14:05:51,27.74,116400,27.73,U
sh600887,伊利股份,14:05:54,27.74,14300,27.74,D
sh600887,伊利股份,14:05:57,27.74,15800,27.74,D
sh600887,伊利股份,14:06:00,27.74,14600,27.74,D
sh600887,伊利股份,14:06:03,27.74,35500,27.74,D
sh600887,伊利股份,14:06:06,27.75,7800,27.74,U
sh600887,伊利股份,14:06:12,27.74,13900,27.74,D
sh600887,伊利股份,14:06:24,27.74,13000,27.75,D
sh600887,伊利股份,14:06:42,27.74,46900,27.74,D
sh600887,伊利股份,14:06:48,27.74,57200,27.74,U
sh600887,伊利股份,14:07:18,27.74,17200,27.74,U
sh600887,伊利股份,14:07:21,27.74,10300,27.74,U
sh600887,伊利股份,14:07:39,27.74,8000,27.74,U
sh600887,伊利股份,14:07:42,27.74,16400,27.74,U
sh600887,伊利股份,14:07:48,27.75,8700,27.74,U
sh600887,伊利股份,14:07:51,27.74,18500,27.75,D
sh600887,伊利股份,14:08:00,27.74,21300,27.73,U
sh600887,伊利股份,14:08:03,27.74,14100,27.74,U
sh600887,伊利股份,14:08:06,27.74,18800,27.74,U
sh600887,伊利股份,14:08:15,27.74,15800,27.73,U
sh600887,伊利股份,14:08:18,27.74,37100,27.74,U
sh600887,伊利股份,14:08:24,27.74,12300,27.74,D
sh600887,伊利股份,14:08:27,27.75,10000,27.74,U
sh600887,伊利股份,14:08:30,27.75,7300,27.75,U
sh600887,伊利股份,14:08:36,27.74,9500,27.74,D
sh600887,伊利股份,14:08:39,27.75,13900,27.74,U
sh600887,伊利股份,14:08:45,27.75,14200,27.74,U
sh600887,伊利股份,14:09:00,27.75,8000,27.74,U
sh600887,伊利股份,14:09:03,27.75,19600,27.75,U
sh600887,伊利股份,14:09:06,27.74,19400,27.75,D
sh600887,伊利股份,14:09:09,27.75,12800,27.74,U
sh600887,伊利股份,14:09:15,27.74,8400,27.74,D
sh600887,伊利股份,14:09:18,27.74,9500,27.74,D
sh600887,伊利股份,14:09:21,27.74,10000,27.74,D
sh600887,伊利股份,14:09:27,27.74,25600,27.74,D
sh600887,伊利股份,14:09:33,27.74,21200,27.74,D
sh600887,伊利股份,14:09:36,27.75,21000,27.74,U
sh600887,伊利股份,14:09:39,27.75,10800,27.75,U
sh600887,伊利股份,14:09:48,27.75,21500,27.74,U
sh600887,伊利股份,14:10:00,27.75,8200,27.75,U
sh600887,伊利股份,14:10:03,27.75,13500,27.75,U
sh600887,伊利股份,14:10:06,27.75,17700,27.75,U
sh600887,伊利股份,14:10:09,27.75,8300,27.75,U
sh600887,伊利股份,14:10:12,27.75,47200,27.75,U
sh600887,伊利股份,14:10:15,27.75,45200,27.75,U
sh600887,伊利股份,14:10:18,27.76,24700,27.75,U
sh600887,伊利股份,14:10:21,27.75,21100,27.76,D
sh600887,伊利股份,14:10:24,27.75,52200,27.75,D
sh600887,伊利股份,14:10:27,27.75,24000,27.75,D
sh600887,伊利股份,14:10:39,27.76,10800,27.76,U
sh600887,伊利股份,14:10:42,27.76,27100,27.76,U
sh600887,伊利股份,14:10:45,27.75,15400,27.76,D
sh600887,伊利股份,14:10:48,27.76,49400,27.75,U
sh600887,伊利股份,14:11:00,27.76,9500,27.76,U
sh600887,伊利股份,14:11:03,27.77,26500,27.76,U
sh600887,伊利股份,14:11:06,27.76,11000,27.77,D
sh600887,伊利股份,14:11:12,27.77,8700,27.77,U
sh600887,伊利股份,14:11:15,27.77,11300,27.77,U
sh600887,伊利股份,14:11:18,27.77,9400,27.77,U
sh600887,伊利股份,14:11:21,27.77,31900,27.77,U
sh600887,伊利股份,14:11:30,27.77,39400,27.77,U
sh600887,伊利股份,14:11:39,27.76,50800,27.77,D
sh600887,伊利股份,14:11:42,27.76,65100,27.76,D
sh600887,伊利股份,14:11:45,27.76,18300,27.76,D
sh600887,伊利股份,14:11:51,27.77,44800,27.76,U
sh600887,伊利股份,14:12:00,27.77,15100,27.76,U
sh600887,伊利股份,14:12:03,27.76,9900,27.77,D
sh600887,伊利股份,14:12:06,27.77,14300,27.76,U
sh600887,伊利股份,14:12:09,27.77,7700,27.77,U
sh600887,伊利股份,14:12:15,27.77,21400,27.76,U
sh600887,伊利股份,14:12:18,27.77,53500,27.77,U
sh600887,伊利股份,14:12:21,27.77,32000,27.77,U
sh600887,伊利股份,14:12:24,27.76,8700,27.77,D
sh600887,伊利股份,14:12:33,27.77,9800,27.76,U
sh600887,伊利股份,14:12:39,27.77,12400,27.77,D
sh600887,伊利股份,14:12:45,27.78,59000,27.78,U
sh600887,伊利股份,14:12:48,27.77,36200,27.78,D
sh600887,伊利股份,14:12:54,27.78,14300,27.78,U
sh600887,伊利股份,14:13:03,27.77,38300,27.78,D
sh600887,伊利股份,14:13:06,27.77,18700,27.77,D
sh600887,伊利股份,14:13:12,27.76,15000,27.77,D
sh600887,伊利股份,14:13:15,27.76,16400,27.76,D
sh600887,伊利股份,14:13:18,27.76,21800,27.76,D
sh600887,伊利股份,14:13:21,27.76,21500,27.76,D
sh600887,伊利股份,14:13:36,27.76,35700,27.76,D
sh600887,伊利股份,14:13:51,27.77,15500,27.76,U
sh600887,伊利股份,14:14:00,27.77,26600,27.76,U
sh600887,伊利股份,14:14:06,27.76,35900,27.77,D
sh600887,伊利股份,14:14:09,27.76,15300,27.76,D
sh600887,伊利股份,14:14:12,27.76,9600,27.76,D
sh600887,伊利股份,14:14:15,27.76,22500,27.76,D
sh600887,伊利股份,14:14:18,27.76,24700,27.76,D
sh600887,伊利股份,14:14:21,27.76,13600,27.76,D
sh600887,伊利股份,14:14:24,27.75,67900,27.76,D
sh600887,伊利股份,14:14:27,27.75,18300,27.75,D
sh600887,伊利股份,14:14:30,27.74,13400,27.75,D
sh600887,伊利股份,14:14:36,27.74,22200,27.74,U
sh600887,伊利股份,14:14:39,27.74,10400,27.74,D
sh600887,伊利股份,14:14:54,27.74,20600,27.74,U
sh600887,伊利股份,14:15:00,27.73,8900,27.73,D
sh600887,伊利股份,14:15:12,27.73,14800,27.73,D
sh600887,伊利股份,14:15:36,27.75,21900,27.75,U
sh600887,伊利股份,14:15:42,27.75,20800,27.74,U
sh600887,伊利股份,14:16:00,27.76,12300,27.76,U
sh600887,伊利股份,14:16:03,27.74,97400,27.76,D
sh600887,伊利股份,14:16:06,27.75,17400,27.74,U
sh600887,伊利股份,14:16:09,27.75,11500,27.75,U
sh600887,伊利股份,14:16:15,27.75,7900,27.74,U
sh600887,伊利股份,14:16:18,27.74,24700,27.75,D
sh600887,伊利股份,14:16:30,27.73,11400,27.73,D
sh600887,伊利股份,14:16:39,27.73,14000,27.73,D
sh600887,伊利股份,14:16:42,27.73,12000,27.73,D
sh600887,伊利股份,14:16:57,27.73,9000,27.73,U
sh600887,伊利股份,14:17:12,27.72,17500,27.72,D
sh600887,伊利股份,14:17:15,27.72,18100,27.72,D
sh600887,伊利股份,14:17:21,27.72,7700,27.71,U
sh600887,伊利股份,14:17:27,27.72,22400,27.71,U
sh600887,伊利股份,14:17:33,27.69,38400,27.7,D
sh600887,伊利股份,14:17:45,27.7,11300,27.69,U
sh600887,伊利股份,14:17:51,27.69,8900,27.69,D
sh600887,伊利股份,14:18:00,27.69,16400,27.69,D
sh600887,伊利股份,14:18:18,27.69,14900,27.68,U
sh600887,伊利股份,14:18:21,27.68,12100,27.69,D
sh600887,伊利股份,14:18:30,27.72,67300,27.69,U
sh600887,伊利股份,14:18:45,27.71,7800,27.71,D
sh600887,伊利股份,14:19:00,27.71,7900,27.71,D
sh600887,伊利股份,14:19:15,27.71,14200,27.72,D
sh600887,伊利股份,14:19:18,27.72,9500,27.71,U
sh600887,伊利股份,14:19:21,27.71,36800,27.72,D
sh600887,伊利股份,14:19:27,27.7,28400,27.71,D
sh600887,伊利股份,14:19:36,27.69,28900,27.7,D
sh600887,伊利股份,14:19:39,27.68,9400,27.69,D
sh600887,伊利股份,14:19:42,27.67,63800,27.68,D
sh600887,伊利股份,14:19:48,27.67,9800,27.67,D
sh600887,伊利股份,14:20:00,27.66,19500,27.66,D
sh600887,伊利股份,14:20:03,27.66,9400,27.66,D
sh600887,伊利股份,14:20:06,27.66,11600,27.66,U
sh600887,伊利股份,14:20:09,27.66,70100,27.66,U
sh600887,伊利股份,14:20:21,27.65,8700,27.65,D
sh600887,伊利股份,14:20:27,27.65,12600,27.65,U
sh600887,伊利股份,14:20:30,27.64,14000,27.65,D
sh600887,伊利股份,14:20:33,27.67,29900,27.64,U
sh600887,伊利股份,14:20:51,27.65,22200,27.65,D
sh600887,伊利股份,14:21:00,27.66,8900,27.65,U
sh600887,伊利股份,14:21:06,27.64,42500,27.65,D
sh600887,伊利股份,14:21:09,27.65,7700,27.64,U
sh600887,伊利股份,14:21:15,27.65,8100,27.63,U
sh600887,伊利股份,14:21:18,27.64,14900,27.65,D
sh600887,伊利股份,14:21:21,27.64,32000,27.64,U
sh600887,伊利股份,14:21:24,27.64,43400,27.64,U
sh600887,伊利股份,14:21:36,27.63,7400,27.63,D
sh600887,伊利股份,14:21:39,27.63,11900,27.63,D
sh600887,伊利股份,14:21:51,27.62,12500,27.63,D
sh600887,伊利股份,14:22:30,27.65,8300,27.65,U
sh600887,伊利股份,14:22:42,27.64,17300,27.65,D
sh600887,伊利股份,14:22:45,27.64,33700,27.64,D
sh600887,伊利股份,14:22:51,27.64,10400,27.65,D
sh600887,伊利股份,14:23:03,27.64,19300,27.65,D
sh600887,伊利股份,14:23:21,27.63,10100,27.63,D
sh600887,伊利股份,14:23:36,27.63,14000,27.63,D
sh600887,伊利股份,14:23:51,27.63,10600,27.64,D
sh600887,伊利股份,14:23:54,27.63,7700,27.63,D
sh600887,伊利股份,14:24:03,27.64,11100,27.64,U
sh600887,伊利股份,14:24:18,27.63,105600,27.63,D
sh600887,伊利股份,14:24:21,27.62,23500,27.63,D
sh600887,伊利股份,14:24:27,27.61,22800,27.62,D
sh600887,伊利股份,14:24:57,27.61,59900,27.62,D
sh600887,伊利股份,14:25:00,27.61,10200,27.61,D
sh600887,伊利股份,14:25:06,27.6,10000,27.6,D
sh600887,伊利股份,14:25:45,27.61,10000,27.62,D
sh600887,伊利股份,14:26:00,27.62,7800,27.62,D
sh600887,伊利股份,14:26:24,27.61,17600,27.62,D
sh600887,伊利股份,14:26:42,27.61,7600,27.61,D
sh600887,伊利股份,14:26:51,27.6,88200,27.62,D
sh600887,伊利股份,14:26:54,27.6,42900,27.6,D
sh600887,伊利股份,14:27:03,27.61,18200,27.61,U
sh600887,伊利股份,14:27:24,27.61,20900,27.61,U
sh600887,伊利股份,14:28:00,27.61,8100,27.61,D
sh600887,伊利股份,14:28:03,27.6,8200,27.61,D
sh600887,伊利股份,14:28:21,27.61,7500,27.6,U
sh600887,伊利股份,14:28:42,27.6,17900,27.6,D
sh600887,伊利股份,14:28:45,27.61,8300,27.6,U
sh600887,伊利股份,14:29:06,27.6,61500,27.6,D
sh600887,伊利股份,14:29:09,27.58,41100,27.6,D
sh600887,伊利股份,14:29:27,27.59,8400,27.59,U
sh600887,伊利股份,14:29:39,27.58,19100,27.58,D
sh600887,伊利股份,14:29:48,27.58,16900,27.58,D
sh600887,伊利股份,14:29:51,27.58,8600,27.58,D
sh600887,伊利股份,14:29:57,27.57,29700,27.58,D
sh600887,伊利股份,14:30:00,27.57,16600,27.57,D
sh600887,伊利股份,14:30:03,27.56,12700,27.57,D
sh600887,伊利股份,14:30:06,27.56,71500,27.56,D
sh600887,伊利股份,14:30:09,27.56,50800,27.56,D
sh600887,伊利股份,14:30:12,27.55,15900,27.56,D
sh600887,伊利股份,14:30:18,27.55,16700,27.55,D
sh600887,伊利股份,14:30:24,27.57,29900,27.56,U
sh600887,伊利股份,14:30:30,27.56,10400,27.56,D
sh600887,伊利股份,14:30:36,27.56,18100,27.56,U
sh600887,伊利股份,14:30:39,27.56,7600,27.56,U
sh600887,伊利股份,14:30:45,27.56,8900,27.57,D
sh600887,伊利股份,14:30:54,27.56,9600,27.57,D
sh600887,伊利股份,14:31:00,27.56,16500,27.56,D
sh600887,伊利股份,14:31:03,27.56,8100,27.56,U
sh600887,伊利股份,14:31:06,27.56,36200,27.56,U
sh600887,伊利股份,14:31:09,27.55,15900,27.56,D
sh600887,伊利股份,14:31:15,27.55,9600,27.54,U
sh600887,伊利股份,14:31:18,27.55,33100,27.55,U
sh600887,伊利股份,14:31:21,27.54,7900,27.55,D
sh600887,伊利股份,14:31:27,27.55,32500,27.55,U
sh600887,伊利股份,14:31:36,27.55,12500,27.55,U
sh600887,伊利股份,14:32:00,27.55,15100,27.54,U
sh600887,伊利股份,14:32:18,27.54,101200,27.54,D
sh600887,伊利股份,14:32:21,27.55,17400,27.54,U
sh600887,伊利股份,14:32:24,27.54,21600,27.55,D
sh600887,伊利股份,14:32:27,27.54,11300,27.54,D
sh600887,伊利股份,14:32:30,27.54,7400,27.54,D
sh600887,伊利股份,14:32:33,27.54,18900,27.54,D
sh600887,伊利股份,14:32:36,27.54,18000,27.54,U
sh600887,伊利股份,14:32:39,27.54,21900,27.54,D
sh600887,伊利股份,14:32:42,27.54,7500,27.54,D
sh600887,伊利股份,14:32:45,27.54,10300,27.54,D
sh600887,伊利股份,14:32:48,27.55,56500,27.54,U
sh600887,伊利股份,14:32:54,27.54,27600,27.54,D
sh600887,伊利股份,14:33:06,27.54,37000,27.53,U
sh600887,伊利股份,14:33:09,27.54,7600,27.54,U
sh600887,伊利股份,14:33:15,27.54,27400,27.54,U
sh600887,伊利股份,14:33:18,27.53,19500,27.54,D
sh600887,伊利股份,14:33:21,27.53,20300,27.53,D
sh600887,伊利股份,14:33:24,27.53,12500,27.53,U
sh600887,伊利股份,14:33:30,27.52,7900,27.52,D
sh600887,伊利股份,14:33:42,27.51,9600,27.52,D
sh600887,伊利股份,14:33:45,27.51,7800,27.51,D
sh600887,伊利股份,14:34:03,27.51,13500,27.51,D
sh600887,伊利股份,14:34:09,27.52,8500,27.52,U
sh600887,伊利股份,14:34:12,27.52,43800,27.52,U
sh600887,伊利股份,14:34:15,27.52,10600,27.52,U
sh600887,伊利股份,14:34:30,27.52,15300,27.52,U
sh600887,伊利股份,14:34:33,27.52,42600,27.52,U
sh600887,伊利股份,14:34:48,27.53,7400,27.53,U
sh600887,伊利股份,14:34:51,27.53,13700,27.53,U
sh600887,伊利股份,14:34:54,27.53,14200,27.53,U
sh600887,伊利股份,14:34:57,27.53,12100,27.53,D
sh600887,伊利股份,14:35:00,27.54,15500,27.53,U
sh600887,伊利股份,14:35:06,27.55,9300,27.54,U
sh600887,伊利股份,14:35:09,27.54,10900,27.55,D
sh600887,伊利股份,14:35:12,27.55,47200,27.54,U
sh600887,伊利股份,14:35:15,27.55,8900,27.55,U
sh600887,伊利股份,14:35:18,27.56,13500,27.55,U
sh600887,伊利股份,14:35:21,27.56,16900,27.56,U
sh600887,伊利股份,14:35:24,27.56,12300,27.56,U
sh600887,伊利股份,14:35:30,27.57,8000,27.57,U
sh600887,伊利股份,14:35:36,27.57,16500,27.58,D
sh600887,伊利股份,14:35:45,27.57,12200,27.57,U
sh600887,伊利股份,14:35:48,27.56,82400,27.57,D
sh600887,伊利股份,14:35:51,27.56,19600,27.56,U
sh600887,伊利股份,14:35:54,27.57,12500,27.56,U
sh600887,伊利股份,14:36:00,27.57,8200,27.57,U
sh600887,伊利股份,14:36:03,27.57,21300,27.57,U
sh600887,伊利股份,14:36:15,27.57,27800,27.57,D
sh600887,伊利股份,14:36:18,27.58,12900,27.57,U
sh600887,伊利股份,14:36:30,27.61,45100,27.58,U
sh600887,伊利股份,14:36:33,27.58,9100,27.61,U
sh600887,伊利股份,14:36:36,27.58,10600,27.58,U
sh600887,伊利股份,14:36:42,27.58,7800,27.58,U
sh600887,伊利股份,14:36:51,27.57,19100,27.58,D
sh600887,伊利股份,14:36:54,27.58,9200,27.57,U
sh600887,伊利股份,14:37:00,27.56,24700,27.58,D
sh600887,伊利股份,14:37:06,27.57,12300,27.57,U
sh600887,伊利股份,14:37:12,27.57,8000,27.57,D
sh600887,伊利股份,14:37:27,27.57,27600,27.57,U
sh600887,伊利股份,14:37:30,27.57,9100,27.57,D
sh600887,伊利股份,14:37:33,27.58,8600,27.57,U
sh600887,伊利股份,14:37:39,27.57,30900,27.57,D
sh600887,伊利股份,14:37:42,27.57,53500,27.57,D
sh600887,伊利股份,14:37:45,27.56,65900,27.57,D
sh600887,伊利股份,14:37:48,27.56,28300,27.56,U
sh600887,伊利股份,14:38:03,27.55,8200,27.55,D
sh600887,伊利股份,14:38:09,27.56,28400,27.55,U
sh600887,伊利股份,14:38:24,27.56,29800,27.55,U
sh600887,伊利股份,14:38:33,27.55,12900,27.55,D
sh600887,伊利股份,14:38:36,27.55,57200,27.55,D
sh600887,伊利股份,14:38:39,27.53,52100,27.55,D
sh600887,伊利股份,14:38:51,27.54,13100,27.53,U
sh600887,伊利股份,14:39:00,27.55,12000,27.54,U
sh600887,伊利股份,14:39:03,27.54,12000,27.55,D
sh600887,伊利股份,14:39:09,27.54,8100,27.54,U
sh600887,伊利股份,14:39:18,27.54,43100,27.54,U
sh600887,伊利股份,14:39:21,27.54,18200,27.54,D
sh600887,伊利股份,14:39:33,27.55,15200,27.54,U
sh600887,伊利股份,14:39:39,27.55,31600,27.55,U
sh600887,伊利股份,14:39:48,27.54,7500,27.54,D
sh600887,伊利股份,14:39:51,27.55,46300,27.54,U
sh600887,伊利股份,14:39:57,27.55,14400,27.55,D
sh600887,伊利股份,14:40:00,27.55,17700,27.55,D
sh600887,伊利股份,14:40:06,27.55,10700,27.55,U
sh600887,伊利股份,14:40:09,27.55,20200,27.55,U
sh600887,伊利股份,14:40:12,27.55,9200,27.55,D
sh600887,伊利股份,14:40:21,27.56,9800,27.55,U
sh600887,伊利股份,14:40:27,27.55,23500,27.55,D
sh600887,伊利股份,14:40:30,27.54,104700,27.55,D
sh600887,伊利股份,14:41:03,27.53,12000,27.54,D
sh600887,伊利股份,14:41:06,27.54,19800,27.53,U
sh600887,伊利股份,14:41:09,27.53,30000,27.54,D
sh600887,伊利股份,14:41:12,27.54,19000,27.53,U
sh600887,伊利股份,14:41:15,27.54,40600,27.54,U
sh600887,伊利股份,14:41:18,27.54,12800,27.54,U
sh600887,伊利股份,14:41:27,27.54,24700,27.54,D
sh600887,伊利股份,14:41:36,27.53,38000,27.53,D
sh600887,伊利股份,14:41:39,27.52,36600,27.53,D
sh600887,伊利股份,14:41:45,27.52,38700,27.53,D
sh600887,伊利股份,14:41:48,27.52,79700,27.52,U
sh600887,伊利股份,14:41:51,27.51,10500,27.52,D
sh600887,伊利股份,14:41:54,27.52,35800,27.51,U
sh600887,伊利股份,14:41:57,27.52,13400,27.52,U
sh600887,伊利股份,14:42:00,27.51,8500,27.52,E
sh600887,伊利股份,14:42:06,27.51,15100,27.5,U
sh600887,伊利股份,14:42:09,27.51,9300,27.51,U
sh600887,伊利股份,14:42:15,27.51,11300,27.51,U
sh600887,伊利股份,14:42:21,27.51,13500,27.5,U
sh600887,伊利股份,14:42:39,27.5,294600,27.5,D
sh600887,伊利股份,14:42:42,27.49,27700,27.5,D
sh600887,伊利股份,14:42:45,27.5,75300,27.49,U
sh600887,伊利股份,14:42:48,27.5,8200,27.5,D
sh600887,伊利股份,14:42:54,27.49,17000,27.5,D
sh600887,伊利股份,14:43:03,27.5,14000,27.49,U
sh600887,伊利股份,14:43:06,27.49,8100,27.5,D
sh600887,伊利股份,14:43:09,27.5,13400,27.49,U
sh600887,伊利股份,14:43:12,27.49,9200,27.5,D
sh600887,伊利股份,14:43:18,27.48,12200,27.49,D
sh600887,伊利股份,14:43:24,27.49,19500,27.49,U
sh600887,伊利股份,14:43:33,27.48,20300,27.48,D
sh600887,伊利股份,14:43:42,27.47,16200,27.47,D
sh600887,伊利股份,14:43:45,27.47,11800,27.47,D
sh600887,伊利股份,14:43:51,27.48,15400,27.48,U
sh600887,伊利股份,14:44:00,27.48,13500,27.48,U
sh600887,伊利股份,14:44:06,27.47,54900,27.47,D
sh600887,伊利股份,14:44:09,27.48,21400,27.47,U
sh600887,伊利股份,14:44:12,27.47,7700,27.48,E
sh600887,伊利股份,14:44:18,27.48,8100,27.47,U
sh600887,伊利股份,14:44:21,27.47,19600,27.48,D
sh600887,伊利股份,14:44:30,27.47,9600,27.47,U
sh600887,伊利股份,14:44:39,27.48,8200,27.47,U
sh600887,伊利股份,14:44:45,27.47,19100,27.46,U
sh600887,伊利股份,14:44:48,27.47,7300,27.47,U
sh600887,伊利股份,14:44:51,27.47,9700,27.47,U
sh600887,伊利股份,14:45:03,27.46,30700,27.47,D
sh600887,伊利股份,14:45:06,27.47,10300,27.46,U
sh600887,伊利股份,14:45:12,27.46,8900,27.47,D
sh600887,伊利股份,14:45:15,27.46,81000,27.46,D
sh600887,伊利股份,14:45:21,27.47,12400,27.46,U
sh600887,伊利股份,14:45:27,27.47,9000,27.47,U
sh600887,伊利股份,14:45:30,27.47,20600,27.47,D
sh600887,伊利股份,14:45:36,27.47,7500,27.47,D
sh600887,伊利股份,14:45:39,27.47,24900,27.47,U
sh600887,伊利股份,14:45:42,27.47,18400,27.47,D
sh600887,伊利股份,14:45:48,27.48,20000,27.47,U
sh600887,伊利股份,14:46:09,27.49,8400,27.49,U
sh600887,伊利股份,14:46:15,27.49,39200,27.49,U
sh600887,伊利股份,14:46:21,27.5,18200,27.49,U
sh600887,伊利股份,14:46:30,27.5,38200,27.5,U
sh600887,伊利股份,14:46:33,27.51,12900,27.5,U
sh600887,伊利股份,14:46:36,27.51,10800,27.51,D
sh600887,伊利股份,14:46:39,27.51,7300,27.51,U
sh600887,伊利股份,14:46:42,27.51,11100,27.51,U
sh600887,伊利股份,14:46:45,27.51,12400,27.51,U
sh600887,伊利股份,14:46:51,27.52,18200,27.51,U
sh600887,伊利股份,14:46:54,27.52,8500,27.52,U
sh600887,伊利股份,14:47:00,27.52,30500,27.52,D
sh600887,伊利股份,14:47:03,27.52,16000,27.52,D
sh600887,伊利股份,14:47:06,27.51,21200,27.52,D
sh600887,伊利股份,14:47:12,27.5,19000,27.51,D
sh600887,伊利股份,14:47:15,27.5,17900,27.5,D
sh600887,伊利股份,14:47:21,27.5,38500,27.5,U
sh600887,伊利股份,14:47:27,27.49,9300,27.5,D
sh600887,伊利股份,14:47:30,27.5,9600,27.49,U
sh600887,伊利股份,14:47:33,27.49,9500,27.5,D
sh600887,伊利股份,14:47:39,27.47,52783,27.49,D
sh600887,伊利股份,14:47:42,27.48,9800,27.47,U
sh600887,伊利股份,14:47:57,27.46,7500,27.47,D
sh600887,伊利股份,14:48:03,27.46,38600,27.47,D
sh600887,伊利股份,14:48:06,27.47,15500,27.46,U
sh600887,伊利股份,14:48:09,27.47,15500,27.47,U
sh600887,伊利股份,14:48:15,27.46,11900,27.46,D
sh600887,伊利股份,14:48:21,27.46,9600,27.46,D
sh600887,伊利股份,14:48:42,27.46,23000,27.47,D
sh600887,伊利股份,14:48:48,27.46,23500,27.46,D
sh600887,伊利股份,14:48:51,27.47,8200,27.46,U
sh600887,伊利股份,14:49:00,27.46,7500,27.46,D
sh600887,伊利股份,14:49:03,27.47,7400,27.46,U
sh600887,伊利股份,14:49:06,27.47,10300,27.47,U
sh600887,伊利股份,14:49:09,27.47,15100,27.47,U
sh600887,伊利股份,14:49:12,27.47,19400,27.47,U
sh600887,伊利股份,14:49:15,27.48,25832,27.47,U
sh600887,伊利股份,14:49:21,27.48,8100,27.48,U
sh600887,伊利股份,14:49:24,27.48,19500,27.48,U
sh600887,伊利股份,14:49:30,27.46,32600,27.47,D
sh600887,伊利股份,14:49:36,27.46,30400,27.46,D
sh600887,伊利股份,14:49:39,27.46,16400,27.46,D
sh600887,伊利股份,14:49:45,27.47,12400,27.46,E
sh600887,伊利股份,14:49:51,27.47,20300,27.47,D
sh600887,伊利股份,14:50:00,27.46,62600,27.47,D
sh600887,伊利股份,14:50:09,27.47,9300,27.47,D
sh600887,伊利股份,14:50:18,27.47,15000,27.47,D
sh600887,伊利股份,14:50:21,27.48,9400,27.47,U
sh600887,伊利股份,14:50:30,27.49,16400,27.48,U
sh600887,伊利股份,14:50:39,27.49,7400,27.49,U
sh600887,伊利股份,14:50:45,27.48,49100,27.48,D
sh600887,伊利股份,14:50:51,27.48,9500,27.47,U
sh600887,伊利股份,14:51:00,27.48,20600,27.48,U
sh600887,伊利股份,14:51:03,27.48,17100,27.48,U
sh600887,伊利股份,14:51:06,27.46,151000,27.48,D
sh600887,伊利股份,14:51:09,27.46,14300,27.46,D
sh600887,伊利股份,14:51:15,27.47,12400,27.47,U
sh600887,伊利股份,14:51:24,27.46,23400,27.47,D
sh600887,伊利股份,14:51:30,27.46,18800,27.46,D
sh600887,伊利股份,14:51:36,27.47,21500,27.46,U
sh600887,伊利股份,14:51:42,27.47,10300,27.47,U
sh600887,伊利股份,14:51:57,27.47,8500,27.46,U
sh600887,伊利股份,14:52:00,27.47,17500,27.47,U
sh600887,伊利股份,14:52:03,27.47,33300,27.47,U
sh600887,伊利股份,14:52:06,27.47,34500,27.47,U
sh600887,伊利股份,14:52:09,27.48,25200,27.47,U
sh600887,伊利股份,14:52:15,27.48,9100,27.48,U
sh600887,伊利股份,14:52:21,27.46,118900,27.48,D
sh600887,伊利股份,14:52:30,27.47,11000,27.48,D
sh600887,伊利股份,14:52:39,27.48,9100,27.48,U
sh600887,伊利股份,14:52:42,27.47,7600,27.48,D
sh600887,伊利股份,14:52:45,27.47,51700,27.47,D
sh600887,伊利股份,14:52:48,27.47,9100,27.47,D
sh600887,伊利股份,14:52:57,27.48,20500,27.48,U
sh600887,伊利股份,14:53:00,27.48,11500,27.48,U
sh600887,伊利股份,14:53:03,27.47,17000,27.48,D
sh600887,伊利股份,14:53:06,27.47,22600,27.47,D
sh600887,伊利股份,14:53:09,27.48,12400,27.47,U
sh600887,伊利股份,14:53:21,27.47,75500,27.47,D
sh600887,伊利股份,14:53:24,27.48,32000,27.47,U
sh600887,伊利股份,14:53:33,27.49,21200,27.49,U
sh600887,伊利股份,14:53:39,27.49,8900,27.49,U
sh600887,伊利股份,14:53:51,27.49,10200,27.48,U
sh600887,伊利股份,14:53:57,27.49,8100,27.49,U
sh600887,伊利股份,14:54:00,27.48,121200,27.49,D
sh600887,伊利股份,14:54:03,27.48,12900,27.48,D
sh600887,伊利股份,14:54:09,27.49,35600,27.49,U
sh600887,伊利股份,14:54:12,27.49,13900,27.49,D
sh600887,伊利股份,14:54:15,27.5,11500,27.49,U
sh600887,伊利股份,14:54:21,27.48,8500,27.48,D
sh600887,伊利股份,14:54:30,27.48,20400,27.49,D
sh600887,伊利股份,14:54:33,27.48,8500,27.48,D
sh600887,伊利股份,14:54:36,27.47,16700,27.48,D
sh600887,伊利股份,14:54:39,27.49,8900,27.47,U
sh600887,伊利股份,14:54:45,27.48,9700,27.48,D
sh600887,伊利股份,14:54:51,27.48,10300,27.48,D
sh600887,伊利股份,14:54:57,27.47,20200,27.48,D
sh600887,伊利股份,14:55:03,27.47,8400,27.47,D
sh600887,伊利股份,14:55:06,27.48,17300,27.47,U
sh600887,伊利股份,14:55:15,27.48,20500,27.47,U
sh600887,伊利股份,14:55:18,27.48,17400,27.48,U
sh600887,伊利股份,14:55:24,27.48,12500,27.48,D
sh600887,伊利股份,14:55:27,27.48,16900,27.48,U
sh600887,伊利股份,14:55:30,27.47,11400,27.48,D
sh600887,伊利股份,14:55:42,27.48,32300,27.48,U
sh600887,伊利股份,14:55:45,27.48,10800,27.48,U
sh600887,伊利股份,14:55:48,27.48,11600,27.48,U
sh600887,伊利股份,14:55:51,27.48,10000,27.48,U
sh600887,伊利股份,14:55:57,27.48,11200,27.48,U
sh600887,伊利股份,14:56:00,27.48,33100,27.48,U
sh600887,伊利股份,14:56:03,27.47,20900,27.48,D
sh600887,伊利股份,14:56:06,27.48,24000,27.47,U
sh600887,伊利股份,14:56:09,27.47,104600,27.48,D
sh600887,伊利股份,14:56:12,27.47,43000,27.47,U
sh600887,伊利股份,14:56:33,27.49,15500,27.48,U
sh600887,伊利股份,14:56:36,27.47,11730,27.49,D
sh600887,伊利股份,14:56:45,27.48,13400,27.49,D
sh600887,伊利股份,14:56:48,27.49,12300,27.48,U
sh600887,伊利股份,14:56:54,27.48,23100,27.48,D
sh600887,伊利股份,14:56:57,27.48,14100,27.48,D
sh600887,伊利股份,15:00:02,27.5,371700,27.48,U
