Êó∂Èó¥,ÂºÄÁõ?Êî∂Áõò,ÊúÄÈ´?ÊúÄ‰Ω?Êàê‰∫§Èá?Êàê‰∫§È¢?Âùá‰ª∑,,,,,
2025/2/10 9:30,0,2.035,2.035,2.035,23024,4685384,2.035
2025/2/10 9:31,0,2.03,2.034,2.03,82908,16851285,2.0331
2025/2/10 9:32,0,2.025,2.03,2.024,45872,9294696,2.031
2025/2/10 9:33,0,2.028,2.028,2.025,41317,8373957,2.0301
2025/2/10 9:34,0,2.029,2.029,2.028,35064,7112621,2.0298
2025/2/10 9:35,0,2.028,2.029,2.028,17849,3620208,2.0297
2025/2/10 9:36,0,2.027,2.028,2.027,21259,4310423,2.0296
2025/2/10 9:37,0,2.027,2.028,2.027,11680,2368121,2.0295
2025/2/10 9:38,0,2.028,2.028,2.027,33357,6761911,2.0292
2025/2/10 9:39,0,2.028,2.028,2.027,17690,3587153,2.0291
2025/2/10 9:40,0,2.03,2.03,2.028,17457,3542725,2.0292
2025/2/10 9:41,0,2.031,2.031,2.03,20076,4075781,2.0292
2025/2/10 9:42,0,2.032,2.032,2.03,15282,3104513,2.0293
2025/2/10 9:43,0,2.03,2.032,2.03,19109,3880768,2.0294
2025/2/10 9:44,0,2.03,2.031,2.029,14057,2853575,2.0294
2025/2/10 9:45,0,2.028,2.03,2.028,10231,2076274,2.0294
2025/2/10 9:46,0,2.03,2.03,2.028,5577,1131550,2.0294
2025/2/10 9:47,0,2.029,2.03,2.029,17747,3601277,2.0294
2025/2/10 9:48,0,2.03,2.03,2.029,3764,763794,2.0294
2025/2/10 9:49,0,2.03,2.03,2.029,11406,2315348,2.0294
2025/2/10 9:50,0,2.029,2.03,2.029,5394,1094687,2.0294
2025/2/10 9:51,0,2.03,2.03,2.029,4625,938734,2.0294
2025/2/10 9:52,0,2.03,2.03,2.029,1342,272337,2.0294
2025/2/10 9:53,0,2.029,2.03,2.029,2578,523147,2.0294
2025/2/10 9:54,0,2.028,2.03,2.028,12919,2621369,2.0294
2025/2/10 9:55,0,2.029,2.029,2.028,6050,1227073,2.0294
2025/2/10 9:56,0,2.028,2.029,2.028,4641,941246,2.0294
2025/2/10 9:57,0,2.028,2.029,2.028,7644,1550269,2.0293
2025/2/10 9:58,0,2.028,2.029,2.027,14314,2902845,2.0293
2025/2/10 9:59,0,2.027,2.028,2.027,8009,1623561,2.0293
2025/2/10 10:00,0,2.028,2.028,2.027,6200,1256857,2.0293
2025/2/10 10:01,0,2.028,2.028,2.027,4702,953271,2.0292
2025/2/10 10:02,0,2.027,2.028,2.027,7594,1539690,2.0292
2025/2/10 10:03,0,2.027,2.028,2.027,11988,2430130,2.0292
2025/2/10 10:04,0,2.027,2.028,2.027,8454,1713696,2.0291
2025/2/10 10:05,0,2.027,2.028,2.027,4587,929851,2.0291
2025/2/10 10:06,0,2.028,2.028,2.027,10161,2059722,2.0291
2025/2/10 10:07,0,2.027,2.028,2.027,10798,2188850,2.0291
2025/2/10 10:08,0,2.027,2.028,2.027,6285,1273978,2.029
2025/2/10 10:09,0,2.028,2.028,2.026,11650,2362156,2.029
2025/2/10 10:10,0,2.028,2.028,2.027,5156,1045359,2.029
2025/2/10 10:11,0,2.028,2.028,2.027,2510,508856,2.029
2025/2/10 10:12,0,2.027,2.028,2.027,5512,1117417,2.029
2025/2/10 10:13,0,2.027,2.028,2.027,3976,805971,2.029
2025/2/10 10:14,0,2.027,2.028,2.027,3460,701433,2.0289
2025/2/10 10:15,0,2.027,2.028,2.027,14223,2883055,2.0289
2025/2/10 10:16,0,2.028,2.028,2.027,1049,212659,2.0289
2025/2/10 10:17,0,2.027,2.028,2.027,3086,625567,2.0289
2025/2/10 10:18,0,2.027,2.027,2.026,5843,1183853,2.0289
2025/2/10 10:19,0,2.027,2.027,2.026,3977,805983,2.0289
2025/2/10 10:20,0,2.027,2.028,2.026,1150,233084,2.0289
2025/2/10 10:21,0,2.027,2.027,2.026,6971,1412940,2.0288
2025/2/10 10:22,0,2.028,2.028,2.026,7501,1520457,2.0288
2025/2/10 10:23,0,2.027,2.028,2.027,3035,615415,2.0288
2025/2/10 10:24,0,2.028,2.028,2.027,2993,606754,2.0288
2025/2/10 10:25,0,2.028,2.028,2.027,1769,358653,2.0288
2025/2/10 10:26,0,2.028,2.028,2.027,1985,402421,2.0288
2025/2/10 10:27,0,2.027,2.028,2.027,2850,577769,2.0288
2025/2/10 10:28,0,2.028,2.028,2.027,4525,917275,2.0288
2025/2/10 10:29,0,2.028,2.028,2.027,2300,466339,2.0288
2025/2/10 10:30,0,2.028,2.028,2.027,3834,777203,2.0288
2025/2/10 10:31,0,2.028,2.028,2.027,4129,836973,2.0288
2025/2/10 10:32,0,2.028,2.028,2.027,3972,805179,2.0287
2025/2/10 10:33,0,2.028,2.028,2.027,1538,311884,2.0287
2025/2/10 10:34,0,2.027,2.028,2.027,1093,221571,2.0287
2025/2/10 10:35,0,2.027,2.028,2.027,5893,1194546,2.0287
2025/2/10 10:36,0,2.027,2.028,2.027,2339,474186,2.0287
2025/2/10 10:37,0,2.027,2.028,2.027,4813,975814,2.0287
2025/2/10 10:38,0,2.028,2.028,2.027,1970,399324,2.0287
2025/2/10 10:39,0,2.028,2.028,2.027,1957,396844,2.0287
2025/2/10 10:40,0,2.028,2.028,2.027,4654,943560,2.0287
2025/2/10 10:41,0,2.028,2.028,2.027,3002,608688,2.0287
2025/2/10 10:42,0,2.027,2.028,2.027,5699,1155599,2.0287
2025/2/10 10:43,0,2.027,2.028,2.027,789,159952,2.0287
2025/2/10 10:44,0,2.028,2.028,2.027,1503,304759,2.0287
2025/2/10 10:45,0,2.028,2.028,2.027,3259,660747,2.0287
2025/2/10 10:46,0,2.027,2.028,2.027,1844,373871,2.0287
2025/2/10 10:47,0,2.028,2.028,2.027,2233,452769,2.0287
2025/2/10 10:48,0,2.028,2.028,2.027,973,197300,2.0287
2025/2/10 10:49,0,2.027,2.028,2.027,4193,850011,2.0287
2025/2/10 10:50,0,2.027,2.028,2.027,4170,845426,2.0287
2025/2/10 10:51,0,2.028,2.028,2.027,631,127948,2.0287
2025/2/10 10:52,0,2.027,2.028,2.027,2749,557320,2.0286
2025/2/10 10:53,0,2.028,2.028,2.027,1011,204944,2.0286
2025/2/10 10:54,0,2.028,2.028,2.027,2367,479807,2.0286
2025/2/10 10:55,0,2.027,2.028,2.027,2046,414903,2.0286
2025/2/10 10:56,0,2.028,2.028,2.027,2620,531134,2.0286
2025/2/10 10:57,0,2.027,2.028,2.027,1977,400905,2.0286
2025/2/10 10:58,0,2.028,2.028,2.027,1230,249388,2.0286
2025/2/10 10:59,0,2.028,2.028,2.027,917,185897,2.0286
2025/2/10 11:00,0,2.028,2.028,2.027,241,48860,2.0286
2025/2/10 11:01,0,2.028,2.028,2.027,1928,390833,2.0286
2025/2/10 11:02,0,2.028,2.028,2.027,1155,234177,2.0286
2025/2/10 11:03,0,2.027,2.028,2.027,3991,809028,2.0286
2025/2/10 11:04,0,2.028,2.028,2.027,3824,775298,2.0286
2025/2/10 11:05,0,2.027,2.028,2.027,2962,600465,2.0286
2025/2/10 11:06,0,2.028,2.028,2.027,935,189562,2.0286
2025/2/10 11:07,0,2.028,2.028,2.028,231,46840,2.0286
2025/2/10 11:08,0,2.028,2.028,2.027,1588,322023,2.0286
2025/2/10 11:09,0,2.028,2.028,2.027,413,83744,2.0286
2025/2/10 11:10,0,2.027,2.028,2.027,1676,339828,2.0286
2025/2/10 11:11,0,2.028,2.028,2.027,792,160560,2.0286
2025/2/10 11:12,0,2.028,2.028,2.027,551,111741,2.0286
2025/2/10 11:13,0,2.028,2.028,2.027,1437,291382,2.0286
2025/2/10 11:14,0,2.028,2.028,2.027,970,196665,2.0286
2025/2/10 11:15,0,2.027,2.028,2.027,1484,300890,2.0286
2025/2/10 11:16,0,2.027,2.028,2.027,2759,559439,2.0286
2025/2/10 11:17,0,2.027,2.028,2.027,680,137887,2.0286
2025/2/10 11:18,0,2.028,2.028,2.027,4343,880618,2.0286
2025/2/10 11:19,0,2.028,2.028,2.028,2290,464378,2.0286
2025/2/10 11:20,0,2.028,2.028,2.027,639,129547,2.0286
2025/2/10 11:21,0,2.027,2.028,2.027,3483,706037,2.0286
2025/2/10 11:22,0,2.028,2.028,2.027,854,173123,2.0286
2025/2/10 11:23,0,2.028,2.028,2.027,626,126911,2.0286
2025/2/10 11:24,0,2.027,2.028,2.027,250,50691,2.0286
2025/2/10 11:25,0,2.028,2.028,2.027,1527,309618,2.0286
2025/2/10 11:26,0,2.028,2.028,2.027,979,198483,2.0286
2025/2/10 11:27,0,2.028,2.028,2.027,1949,395197,2.0286
2025/2/10 11:28,0,2.028,2.028,2.027,6643,1347194,2.0286
2025/2/10 11:29,0,2.028,2.028,2.027,6076,1232187,2.0286
2025/2/10 11:30,0,2.029,2.029,2.028,5051,1024779,2.0286
2025/2/10 13:01,0,2.029,2.03,2.028,17340,3517904,2.0286
2025/2/10 13:02,0,2.031,2.031,2.029,16535,3356667,2.0286
2025/2/10 13:03,0,2.031,2.031,2.03,12787,2597013,2.0286
2025/2/10 13:04,0,2.032,2.032,2.031,4549,924157,2.0286
2025/2/10 13:05,0,2.031,2.032,2.031,3200,650178,2.0287
2025/2/10 13:06,0,2.032,2.032,2.031,3104,630685,2.0287
2025/2/10 13:07,0,2.032,2.032,2.031,1780,361636,2.0287
2025/2/10 13:08,0,2.032,2.032,2.031,10696,2172808,2.0287
2025/2/10 13:09,0,2.031,2.032,2.031,4843,984088,2.0287
2025/2/10 13:10,0,2.032,2.032,2.031,1690,343402,2.0287
2025/2/10 13:11,0,2.032,2.032,2.032,8681,1763914,2.0288
2025/2/10 13:12,0,2.032,2.032,2.031,2818,572574,2.0288
2025/2/10 13:13,0,2.031,2.032,2.031,694,140976,2.0288
2025/2/10 13:14,0,2.032,2.032,2.031,2192,445258,2.0288
2025/2/10 13:15,0,2.032,2.032,2.031,818,166186,2.0288
2025/2/10 13:16,0,2.032,2.032,2.031,1894,384776,2.0288
2025/2/10 13:17,0,2.032,2.032,2.031,279,56675,2.0288
2025/2/10 13:18,0,2.032,2.032,2.031,1783,362297,2.0288
2025/2/10 13:19,0,2.032,2.032,2.031,10211,2074838,2.0288
2025/2/10 13:20,0,2.032,2.033,2.032,5750,1168325,2.0288
2025/2/10 13:21,0,2.033,2.033,2.032,937,190463,2.0288
2025/2/10 13:22,0,2.032,2.033,2.031,18841,3828511,2.0289
2025/2/10 13:23,0,2.032,2.032,2.031,4895,994663,2.0289
2025/2/10 13:24,0,2.033,2.033,2.031,2367,480925,2.0289
2025/2/10 13:25,0,2.033,2.033,2.032,527,107130,2.0289
2025/2/10 13:26,0,2.033,2.033,2.032,879,178686,2.0289
2025/2/10 13:27,0,2.033,2.033,2.032,1897,385513,2.0289
2025/2/10 13:28,0,2.033,2.033,2.032,692,140672,2.0289
2025/2/10 13:29,0,2.033,2.033,2.032,1132,230115,2.0289
2025/2/10 13:30,0,2.033,2.033,2.032,835,169717,2.0289
2025/2/10 13:31,0,2.032,2.033,2.032,1240,252025,2.029
2025/2/10 13:32,0,2.032,2.033,2.032,1434,291461,2.029
2025/2/10 13:33,0,2.033,2.033,2.032,2057,418149,2.029
2025/2/10 13:34,0,2.033,2.033,2.032,3005,610847,2.029
2025/2/10 13:35,0,2.032,2.033,2.032,3115,633234,2.029
2025/2/10 13:36,0,2.033,2.033,2.032,1604,326024,2.029
2025/2/10 13:37,0,2.032,2.033,2.032,2213,449798,2.029
2025/2/10 13:38,0,2.033,2.033,2.032,3902,793237,2.029
2025/2/10 13:39,0,2.033,2.033,2.032,5403,1098395,2.029
2025/2/10 13:40,0,2.032,2.033,2.032,1358,276054,2.029
2025/2/10 13:41,0,2.033,2.034,2.032,7640,1553476,2.0291
2025/2/10 13:42,0,2.033,2.034,2.033,16761,3407577,2.0291
2025/2/10 13:43,0,2.032,2.033,2.032,2238,454883,2.0291
2025/2/10 13:44,0,2.033,2.033,2.032,1476,300071,2.0292
2025/2/10 13:45,0,2.033,2.033,2.032,9348,1900430,2.0292
2025/2/10 13:46,0,2.033,2.033,2.032,1375,279512,2.0292
2025/2/10 13:47,0,2.032,2.033,2.032,3806,773663,2.0292
2025/2/10 13:48,0,2.033,2.033,2.032,443,90044,2.0292
2025/2/10 13:49,0,2.032,2.033,2.032,11533,2343876,2.0292
2025/2/10 13:50,0,2.032,2.033,2.032,6596,1340863,2.0293
2025/2/10 13:51,0,2.033,2.033,2.033,2027,412063,2.0293
2025/2/10 13:52,0,2.034,2.034,2.032,2394,486731,2.0293
2025/2/10 13:53,0,2.033,2.034,2.033,5334,1084432,2.0293
2025/2/10 13:54,0,2.034,2.034,2.033,1624,330178,2.0293
2025/2/10 13:55,0,2.034,2.034,2.033,1187,241346,2.0293
2025/2/10 13:56,0,2.033,2.034,2.033,6158,1251924,2.0293
2025/2/10 13:57,0,2.032,2.033,2.032,2447,497399,2.0293
2025/2/10 13:58,0,2.033,2.033,2.032,5754,1169274,2.0294
2025/2/10 13:59,0,2.033,2.033,2.032,4157,844731,2.0294
2025/2/10 14:00,0,2.032,2.033,2.032,1035,210372,2.0294
2025/2/10 14:01,0,2.033,2.033,2.032,5162,1048933,2.0294
2025/2/10 14:02,0,2.032,2.033,2.032,17770,3610993,2.0294
2025/2/10 14:03,0,2.032,2.032,2.031,2607,529735,2.0294
2025/2/10 14:04,0,2.032,2.033,2.032,1375,279441,2.0294
2025/2/10 14:05,0,2.031,2.032,2.031,9372,1903636,2.0294
2025/2/10 14:06,0,2.031,2.032,2.031,13084,2657565,2.0295
2025/2/10 14:07,0,2.032,2.032,2.031,1056,214575,2.0295
2025/2/10 14:08,0,2.031,2.032,2.031,1230,249826,2.0295
2025/2/10 14:09,0,2.03,2.031,2.03,10207,2072610,2.0295
2025/2/10 14:10,0,2.03,2.031,2.03,5050,1025151,2.0295
2025/2/10 14:11,0,2.03,2.031,2.03,7531,1528825,2.0295
2025/2/10 14:12,0,2.03,2.03,2.029,10720,2175276,2.0295
2025/2/10 14:13,0,2.03,2.03,2.029,2886,585684,2.0295
2025/2/10 14:14,0,2.03,2.03,2.029,1411,286406,2.0295
2025/2/10 14:15,0,2.029,2.03,2.029,3492,708589,2.0295
2025/2/10 14:16,0,2.029,2.03,2.029,3594,729287,2.0295
2025/2/10 14:17,0,2.029,2.03,2.029,1365,277055,2.0295
2025/2/10 14:18,0,2.03,2.03,2.029,5894,1196051,2.0295
2025/2/10 14:19,0,2.03,2.03,2.029,3417,693502,2.0295
2025/2/10 14:20,0,2.03,2.03,2.029,7317,1485094,2.0295
2025/2/10 14:21,0,2.031,2.031,2.029,9688,1966624,2.0295
2025/2/10 14:22,0,2.03,2.031,2.029,4031,818334,2.0295
2025/2/10 14:23,0,2.03,2.03,2.029,1874,380383,2.0295
2025/2/10 14:24,0,2.029,2.03,2.029,4059,823599,2.0295
2025/2/10 14:25,0,2.031,2.031,2.029,21912,4448390,2.0295
2025/2/10 14:26,0,2.031,2.031,2.03,4297,872457,2.0295
2025/2/10 14:27,0,2.032,2.032,2.031,13090,2659477,2.0295
2025/2/10 14:28,0,2.031,2.032,2.031,3598,730783,2.0295
2025/2/10 14:29,0,2.032,2.033,2.031,22076,4485910,2.0296
2025/2/10 14:30,0,2.032,2.032,2.031,950,193002,2.0296
2025/2/10 14:31,0,2.032,2.032,2.031,4302,873851,2.0296
2025/2/10 14:32,0,2.033,2.033,2.031,11239,2283907,2.0296
2025/2/10 14:33,0,2.032,2.034,2.032,16895,3434877,2.0296
2025/2/10 14:34,0,2.033,2.033,2.032,4025,817989,2.0296
2025/2/10 14:35,0,2.031,2.033,2.03,30986,6292568,2.0297
2025/2/10 14:36,0,2.03,2.031,2.03,4360,885157,2.0297
2025/2/10 14:37,0,2.031,2.031,2.03,2598,527514,2.0297
2025/2/10 14:38,0,2.031,2.033,2.03,28958,5884337,2.0297
2025/2/10 14:39,0,2.032,2.033,2.032,1287,261581,2.0297
2025/2/10 14:40,0,2.032,2.033,2.032,1120,227626,2.0297
2025/2/10 14:41,0,2.033,2.033,2.032,852,173197,2.0297
2025/2/10 14:42,0,2.032,2.033,2.032,13141,2670313,2.0298
2025/2/10 14:43,0,2.031,2.032,2.031,13523,2746610,2.0298
2025/2/10 14:44,0,2.03,2.031,2.03,3560,722889,2.0298
2025/2/10 14:45,0,2.03,2.031,2.03,2507,509003,2.0298
2025/2/10 14:46,0,2.031,2.032,2.031,6423,1304406,2.0298
2025/2/10 14:47,0,2.032,2.032,2.031,6881,1397609,2.0298
2025/2/10 14:48,0,2.032,2.032,2.03,2312,469630,2.0298
2025/2/10 14:49,0,2.031,2.032,2.031,3441,699031,2.0298
2025/2/10 14:50,0,2.032,2.032,2.031,1990,404334,2.0298
2025/2/10 14:51,0,2.032,2.032,2.031,5988,1216353,2.0298
2025/2/10 14:52,0,2.031,2.032,2.03,20730,4210253,2.0298
2025/2/10 14:53,0,2.032,2.032,2.03,3446,699934,2.0298
2025/2/10 14:54,0,2.032,2.032,2.031,7444,1512075,2.0298
2025/2/10 14:55,0,2.032,2.032,2.031,8730,1773730,2.0298
2025/2/10 14:56,0,2.032,2.032,2.031,11326,2300914,2.0298
2025/2/10 14:57,0,2.032,2.032,2.031,8740,1775637,2.0299
2025/2/10 14:58,0,2.032,2.032,2.031,12563,2552051,2.0299
2025/2/10 14:59,0,2.033,2.033,2.032,15278,3104948,2.0299
2025/2/10 15:00,0,2.032,2.033,2.031,15416,3132399,2.0299
2025/2/11 9:30,0,2.04,2.04,2.04,22563,4602852,2.04
2025/2/11 9:31,0,2.043,2.044,2.041,56472,11529451,2.0412
2025/2/11 9:32,0,2.041,2.043,2.041,34651,7076318,2.0415
2025/2/11 9:33,0,2.041,2.042,2.041,24748,5051376,2.0414
2025/2/11 9:34,0,2.042,2.042,2.041,14057,2869923,2.0414
2025/2/11 9:35,0,2.045,2.045,2.042,26877,5490751,2.0417
2025/2/11 9:36,0,2.046,2.046,2.044,17275,3532905,2.042
2025/2/11 9:37,0,2.045,2.046,2.045,14802,3027964,2.0422
2025/2/11 9:38,0,2.046,2.047,2.045,24377,4987317,2.0426
2025/2/11 9:39,0,2.046,2.048,2.046,29843,6107141,2.043
2025/2/11 9:40,0,2.043,2.046,2.043,34535,7062031,2.0432
2025/2/11 9:41,0,2.044,2.044,2.043,10184,2081491,2.0433
2025/2/11 9:42,0,2.045,2.045,2.044,33050,6755452,2.0433
2025/2/11 9:43,0,2.045,2.046,2.044,8820,1803592,2.0434
2025/2/11 9:44,0,2.044,2.045,2.044,3996,816958,2.0434
2025/2/11 9:45,0,2.044,2.045,2.043,11547,2360015,2.0434
2025/2/11 9:46,0,2.045,2.045,2.043,2770,566257,2.0434
2025/2/11 9:47,0,2.044,2.045,2.044,7394,1511465,2.0434
2025/2/11 9:48,0,2.044,2.044,2.043,4916,1004772,2.0434
2025/2/11 9:49,0,2.044,2.044,2.043,3199,653741,2.0434
2025/2/11 9:50,0,2.044,2.045,2.043,6212,1269671,2.0434
2025/2/11 9:51,0,2.045,2.045,2.044,2483,507696,2.0434
2025/2/11 9:52,0,2.045,2.045,2.044,15417,3152697,2.0435
2025/2/11 9:53,0,2.046,2.046,2.045,2942,601810,2.0435
2025/2/11 9:54,0,2.046,2.046,2.045,16806,3438363,2.0436
2025/2/11 9:55,0,2.047,2.047,2.046,7726,1581240,2.0437
2025/2/11 9:56,0,2.046,2.047,2.046,4579,937115,2.0437
2025/2/11 9:57,0,2.046,2.047,2.046,17955,3673851,2.0438
2025/2/11 9:58,0,2.045,2.046,2.045,9559,1955641,2.0438
2025/2/11 9:59,0,2.046,2.047,2.045,3786,774548,2.0438
2025/2/11 10:00,0,2.046,2.046,2.046,4581,937236,2.0439
2025/2/11 10:01,0,2.047,2.047,2.046,2749,562487,2.0439
2025/2/11 10:02,0,2.046,2.047,2.045,10330,2113561,2.0439
2025/2/11 10:03,0,2.045,2.046,2.045,29228,5977145,2.044
2025/2/11 10:04,0,2.045,2.045,2.044,3398,694832,2.044
2025/2/11 10:05,0,2.046,2.046,2.045,5198,1063268,2.044
2025/2/11 10:06,0,2.045,2.046,2.045,4266,872536,2.044
2025/2/11 10:07,0,2.045,2.046,2.045,2583,528266,2.044
2025/2/11 10:08,0,2.044,2.045,2.044,4144,847409,2.044
2025/2/11 10:09,0,2.046,2.046,2.045,4801,981871,2.044
2025/2/11 10:10,0,2.046,2.046,2.045,4178,854419,2.044
2025/2/11 10:11,0,2.045,2.046,2.045,2320,474464,2.044
2025/2/11 10:12,0,2.046,2.046,2.045,3406,696541,2.0441
2025/2/11 10:13,0,2.045,2.046,2.045,3546,725250,2.0441
2025/2/11 10:14,0,2.045,2.045,2.044,3137,641382,2.0441
2025/2/11 10:15,0,2.045,2.045,2.044,3925,802535,2.0441
2025/2/11 10:16,0,2.044,2.045,2.044,2522,515650,2.0441
2025/2/11 10:17,0,2.044,2.045,2.044,19531,3992544,2.0441
2025/2/11 10:18,0,2.045,2.045,2.044,2349,480346,2.0441
2025/2/11 10:19,0,2.045,2.045,2.044,5088,1040151,2.0441
2025/2/11 10:20,0,2.044,2.045,2.044,6752,1380241,2.0441
2025/2/11 10:21,0,2.043,2.044,2.043,20626,4215795,2.0441
2025/2/11 10:22,0,2.043,2.044,2.043,23181,4735970,2.044
2025/2/11 10:23,0,2.041,2.043,2.041,20512,4188401,2.044
2025/2/11 10:24,0,2.042,2.042,2.041,6380,1302328,2.0439
2025/2/11 10:25,0,2.042,2.042,2.041,6456,1318272,2.0439
2025/2/11 10:26,0,2.043,2.043,2.041,12506,2553792,2.0439
2025/2/11 10:27,0,2.043,2.044,2.042,11105,2268837,2.0439
2025/2/11 10:28,0,2.043,2.044,2.043,4279,874574,2.0439
2025/2/11 10:29,0,2.044,2.044,2.043,4844,990024,2.0439
2025/2/11 10:30,0,2.044,2.044,2.043,3061,625580,2.0439
2025/2/11 10:31,0,2.044,2.044,2.043,2849,582306,2.0439
2025/2/11 10:32,0,2.044,2.044,2.043,2983,609456,2.0439
2025/2/11 10:33,0,2.044,2.044,2.043,5523,1128779,2.0439
2025/2/11 10:34,0,2.043,2.044,2.042,18635,3807139,2.0439
2025/2/11 10:35,0,2.043,2.043,2.042,3279,669661,2.0438
2025/2/11 10:36,0,2.043,2.043,2.042,2059,420484,2.0438
2025/2/11 10:37,0,2.043,2.043,2.042,5910,1206861,2.0438
2025/2/11 10:38,0,2.043,2.043,2.042,1336,272818,2.0438
2025/2/11 10:39,0,2.043,2.043,2.042,2672,545757,2.0438
2025/2/11 10:40,0,2.043,2.043,2.042,3013,615432,2.0438
2025/2/11 10:41,0,2.042,2.043,2.042,1602,327155,2.0438
2025/2/11 10:42,0,2.042,2.043,2.042,1358,277374,2.0438
2025/2/11 10:43,0,2.042,2.043,2.042,5296,1081557,2.0438
2025/2/11 10:44,0,2.043,2.043,2.042,3090,631220,2.0438
2025/2/11 10:45,0,2.043,2.043,2.042,3687,753140,2.0438
2025/2/11 10:46,0,2.043,2.043,2.042,2298,469418,2.0438
2025/2/11 10:47,0,2.043,2.043,2.042,1053,215077,2.0438
2025/2/11 10:48,0,2.042,2.043,2.042,2063,421379,2.0438
2025/2/11 10:49,0,2.043,2.043,2.042,11788,2408261,2.0438
2025/2/11 10:50,0,2.043,2.044,2.042,6773,1383708,2.0438
2025/2/11 10:51,0,2.044,2.044,2.043,1219,249073,2.0438
2025/2/11 10:52,0,2.044,2.044,2.043,5697,1164072,2.0438
2025/2/11 10:53,0,2.043,2.043,2.042,3126,638634,2.0438
2025/2/11 10:54,0,2.043,2.043,2.042,1994,407249,2.0438
2025/2/11 10:55,0,2.043,2.043,2.042,4260,870174,2.0437
2025/2/11 10:56,0,2.043,2.043,2.042,2258,461299,2.0437
2025/2/11 10:57,0,2.043,2.043,2.042,49851,10179830,2.0437
2025/2/11 10:58,0,2.042,2.043,2.042,2626,536164,2.0436
2025/2/11 10:59,0,2.041,2.042,2.041,11016,2248588,2.0436
2025/2/11 11:00,0,2.04,2.042,2.04,15836,3232140,2.0436
2025/2/11 11:01,0,2.04,2.041,2.04,6155,1255667,2.0435
2025/2/11 11:02,0,2.041,2.041,2.04,6322,1289738,2.0435
2025/2/11 11:03,0,2.04,2.041,2.04,7142,1457145,2.0435
2025/2/11 11:04,0,2.04,2.041,2.04,6314,1288158,2.0435
2025/2/11 11:05,0,2.041,2.041,2.04,6270,1279145,2.0434
2025/2/11 11:06,0,2.04,2.041,2.04,6375,1301049,2.0434
2025/2/11 11:07,0,2.04,2.041,2.04,2113,431121,2.0434
2025/2/11 11:08,0,2.041,2.041,2.04,2737,558608,2.0434
2025/2/11 11:09,0,2.041,2.041,2.04,13471,2749375,2.0434
2025/2/11 11:10,0,2.042,2.042,2.041,15413,3145884,2.0433
2025/2/11 11:11,0,2.042,2.042,2.042,713,145585,2.0433
2025/2/11 11:12,0,2.042,2.042,2.042,1001,204404,2.0433
2025/2/11 11:13,0,2.042,2.042,2.041,5609,1145356,2.0433
2025/2/11 11:14,0,2.041,2.042,2.041,13725,2801274,2.0433
2025/2/11 11:15,0,2.042,2.042,2.04,2660,542893,2.0433
2025/2/11 11:16,0,2.041,2.042,2.04,1495,305129,2.0433
2025/2/11 11:17,0,2.041,2.042,2.04,3104,633523,2.0433
2025/2/11 11:18,0,2.041,2.042,2.041,1426,291067,2.0433
2025/2/11 11:19,0,2.04,2.041,2.04,418,85314,2.0433
2025/2/11 11:20,0,2.041,2.041,2.04,2117,432053,2.0433
2025/2/11 11:21,0,2.04,2.041,2.04,2291,467552,2.0433
2025/2/11 11:22,0,2.041,2.041,2.04,1491,304289,2.0433
2025/2/11 11:23,0,2.041,2.041,2.04,267,54486,2.0433
2025/2/11 11:24,0,2.042,2.042,2.04,6766,1380941,2.0433
2025/2/11 11:25,0,2.041,2.042,2.04,2645,539830,2.0432
2025/2/11 11:26,0,2.04,2.041,2.04,1015,207158,2.0432
2025/2/11 11:27,0,2.041,2.041,2.04,1288,262757,2.0432
2025/2/11 11:28,0,2.041,2.041,2.04,563,114882,2.0432
2025/2/11 11:29,0,2.041,2.042,2.041,5102,1041324,2.0432
2025/2/11 11:30,0,2.041,2.042,2.041,15441,3151537,2.0432
2025/2/11 13:01,0,2.042,2.042,2.041,10547,2153368,2.0432
2025/2/11 13:02,0,2.043,2.043,2.042,5173,1056753,2.0432
2025/2/11 13:03,0,2.042,2.043,2.042,4405,899879,2.0432
2025/2/11 13:04,0,2.043,2.043,2.042,1922,392538,2.0432
2025/2/11 13:05,0,2.043,2.043,2.042,2111,431258,2.0432
2025/2/11 13:06,0,2.043,2.044,2.042,7852,1604182,2.0432
2025/2/11 13:07,0,2.043,2.043,2.042,1666,340351,2.0432
2025/2/11 13:08,0,2.042,2.043,2.042,2471,504607,2.0432
2025/2/11 13:09,0,2.043,2.043,2.042,3450,704495,2.0432
2025/2/11 13:10,0,2.043,2.043,2.042,1028,209996,2.0432
2025/2/11 13:11,0,2.042,2.043,2.042,2433,496833,2.0432
2025/2/11 13:12,0,2.043,2.043,2.042,3203,654312,2.0432
2025/2/11 13:13,0,2.043,2.043,2.042,1876,383173,2.0432
2025/2/11 13:14,0,2.042,2.043,2.042,5129,1047787,2.0432
2025/2/11 13:15,0,2.042,2.043,2.042,1687,344520,2.0432
2025/2/11 13:16,0,2.042,2.043,2.042,671,137047,2.0432
2025/2/11 13:17,0,2.042,2.043,2.042,1526,311631,2.0432
2025/2/11 13:18,0,2.042,2.043,2.042,9169,1872357,2.0431
2025/2/11 13:19,0,2.043,2.043,2.042,2166,442315,2.0431
2025/2/11 13:20,0,2.043,2.043,2.042,443,90495,2.0431
2025/2/11 13:21,0,2.043,2.043,2.042,1577,322072,2.0431
2025/2/11 13:22,0,2.043,2.043,2.042,177,36150,2.0431
2025/2/11 13:23,0,2.043,2.043,2.042,3523,719408,2.0431
2025/2/11 13:24,0,2.042,2.043,2.042,1387,283262,2.0431
2025/2/11 13:25,0,2.042,2.043,2.042,1582,323189,2.0431
2025/2/11 13:26,0,2.043,2.043,2.042,748,152762,2.0431
2025/2/11 13:27,0,2.042,2.043,2.042,467,95397,2.0431
2025/2/11 13:28,0,2.043,2.043,2.042,2359,481832,2.0431
2025/2/11 13:29,0,2.042,2.043,2.042,340,69452,2.0431
2025/2/11 13:30,0,2.043,2.043,2.042,50,10211,2.0431
2025/2/11 13:31,0,2.042,2.043,2.042,6747,1378279,2.0431
2025/2/11 13:32,0,2.043,2.043,2.042,11812,2413174,2.0431
2025/2/11 13:33,0,2.043,2.043,2.042,339,69256,2.0431
2025/2/11 13:34,0,2.043,2.044,2.042,3677,751261,2.0431
2025/2/11 13:35,0,2.043,2.044,2.043,785,160384,2.0431
2025/2/11 13:36,0,2.044,2.044,2.043,1577,322317,2.0431
2025/2/11 13:37,0,2.044,2.044,2.043,2576,526509,2.0431
2025/2/11 13:38,0,2.044,2.044,2.043,8250,1686254,2.0431
2025/2/11 13:39,0,2.043,2.044,2.043,12824,2620164,2.0431
2025/2/11 13:40,0,2.043,2.044,2.043,1772,362004,2.0431
2025/2/11 13:41,0,2.043,2.043,2.042,1390,283961,2.0431
2025/2/11 13:42,0,2.043,2.043,2.042,780,159337,2.0431
2025/2/11 13:43,0,2.042,2.043,2.042,983,200822,2.0431
2025/2/11 13:44,0,2.042,2.043,2.042,281,57394,2.0431
2025/2/11 13:45,0,2.043,2.043,2.042,497,101527,2.0431
2025/2/11 13:46,0,2.043,2.043,2.042,1349,275592,2.0431
2025/2/11 13:47,0,2.042,2.043,2.042,385,78655,2.0431
2025/2/11 13:48,0,2.042,2.043,2.042,1570,320689,2.0431
2025/2/11 13:49,0,2.042,2.043,2.042,3660,747535,2.0431
2025/2/11 13:50,0,2.043,2.043,2.042,1495,305404,2.0431
2025/2/11 13:51,0,2.043,2.043,2.042,5793,1182992,2.0431
2025/2/11 13:52,0,2.043,2.043,2.042,1040,212471,2.0431
2025/2/11 13:53,0,2.043,2.043,2.042,1297,264943,2.0431
2025/2/11 13:54,0,2.043,2.043,2.042,898,183397,2.0431
2025/2/11 13:55,0,2.043,2.043,2.042,7782,1589194,2.0431
2025/2/11 13:56,0,2.043,2.043,2.042,5638,1151769,2.0431
2025/2/11 13:57,0,2.043,2.043,2.042,10213,2086010,2.0431
2025/2/11 13:58,0,2.043,2.043,2.042,6477,1322745,2.0431
2025/2/11 13:59,0,2.042,2.043,2.042,1242,253719,2.0431
2025/2/11 14:00,0,2.043,2.043,2.042,5231,1068176,2.0431
2025/2/11 14:01,0,2.042,2.043,2.042,12891,2632450,2.0431
2025/2/11 14:02,0,2.042,2.042,2.041,7765,1585522,2.0431
2025/2/11 14:03,0,2.042,2.042,2.042,4469,912563,2.0431
2025/2/11 14:04,0,2.042,2.043,2.042,5828,1190089,2.0431
2025/2/11 14:05,0,2.042,2.043,2.042,4637,946881,2.0431
2025/2/11 14:06,0,2.041,2.042,2.041,732,149474,2.0431
2025/2/11 14:07,0,2.042,2.042,2.041,1139,232555,2.0431
2025/2/11 14:08,0,2.042,2.042,2.041,989,201941,2.0431
2025/2/11 14:09,0,2.041,2.042,2.041,1001,204326,2.0431
2025/2/11 14:10,0,2.042,2.042,2.041,1300,265448,2.0431
2025/2/11 14:11,0,2.042,2.042,2.041,256,52272,2.0431
2025/2/11 14:12,0,2.042,2.042,2.041,2946,601534,2.0431
2025/2/11 14:13,0,2.042,2.042,2.041,1548,316035,2.0431
2025/2/11 14:14,0,2.042,2.042,2.041,376,76752,2.0431
2025/2/11 14:15,0,2.041,2.042,2.041,1168,238437,2.0431
2025/2/11 14:16,0,2.041,2.042,2.041,2551,520734,2.0431
2025/2/11 14:17,0,2.041,2.042,2.041,2070,422493,2.0431
2025/2/11 14:18,0,2.042,2.042,2.041,2575,525814,2.0431
2025/2/11 14:19,0,2.042,2.042,2.041,733,149671,2.0431
2025/2/11 14:20,0,2.041,2.042,2.041,3121,637057,2.0431
2025/2/11 14:21,0,2.041,2.042,2.041,2193,447709,2.043
2025/2/11 14:22,0,2.042,2.042,2.041,3293,672113,2.043
2025/2/11 14:23,0,2.042,2.042,2.041,1081,220735,2.043
2025/2/11 14:24,0,2.042,2.042,2.041,813,165999,2.043
2025/2/11 14:25,0,2.042,2.042,2.041,2165,442067,2.043
2025/2/11 14:26,0,2.041,2.042,2.041,3156,644274,2.043
2025/2/11 14:27,0,2.042,2.042,2.041,2230,455252,2.043
2025/2/11 14:28,0,2.042,2.042,2.041,1543,315065,2.043
2025/2/11 14:29,0,2.042,2.042,2.041,1049,214195,2.043
2025/2/11 14:30,0,2.041,2.042,2.041,31697,6469488,2.043
2025/2/11 14:31,0,2.041,2.041,2.04,3770,769224,2.043
2025/2/11 14:32,0,2.04,2.041,2.04,7194,1467600,2.043
2025/2/11 14:33,0,2.041,2.041,2.04,1868,381208,2.043
2025/2/11 14:34,0,2.041,2.041,2.041,11832,2414911,2.0429
2025/2/11 14:35,0,2.04,2.041,2.04,1693,345471,2.0429
2025/2/11 14:36,0,2.04,2.041,2.04,1267,258572,2.0429
2025/2/11 14:37,0,2.041,2.041,2.04,3502,714715,2.0429
2025/2/11 14:38,0,2.041,2.041,2.041,1231,251213,2.0429
2025/2/11 14:39,0,2.041,2.041,2.04,24074,4913347,2.0429
2025/2/11 14:40,0,2.041,2.041,2.04,4409,899775,2.0429
2025/2/11 14:41,0,2.041,2.041,2.04,9387,1915274,2.0429
2025/2/11 14:42,0,2.041,2.041,2.04,7708,1573130,2.0429
2025/2/11 14:43,0,2.042,2.042,2.041,3880,791929,2.0429
2025/2/11 14:44,0,2.041,2.042,2.041,3220,657357,2.0429
2025/2/11 14:45,0,2.042,2.042,2.041,1750,357233,2.0429
2025/2/11 14:46,0,2.041,2.042,2.041,2831,577996,2.0428
2025/2/11 14:47,0,2.041,2.042,2.041,3037,619978,2.0428
2025/2/11 14:48,0,2.041,2.042,2.041,2184,445836,2.0428
2025/2/11 14:49,0,2.041,2.042,2.041,4727,964892,2.0428
2025/2/11 14:50,0,2.042,2.042,2.041,7339,1498013,2.0428
2025/2/11 14:51,0,2.041,2.042,2.04,10885,2221603,2.0428
2025/2/11 14:52,0,2.041,2.042,2.04,4637,946463,2.0428
2025/2/11 14:53,0,2.041,2.042,2.041,3547,724027,2.0428
2025/2/11 14:54,0,2.041,2.042,2.041,11412,2329280,2.0428
2025/2/11 14:55,0,2.04,2.041,2.04,9000,1836875,2.0428
2025/2/11 14:56,0,2.041,2.042,2.041,5668,1156798,2.0428
2025/2/11 14:57,0,2.042,2.042,2.041,10106,2063446,2.0428
2025/2/11 14:58,0,2.042,2.042,2.041,12386,2529100,2.0428
2025/2/11 14:59,0,2.042,2.042,2.041,11858,2420894,2.0428
2025/2/11 15:00,0,2.041,2.042,2.041,13572,2770588,2.0427
2025/2/12 9:30,0,2.041,2.041,2.041,26100,5327010,2.041
2025/2/12 9:31,0,2.042,2.043,2.041,17181,3507942,2.0413
2025/2/12 9:32,0,2.04,2.042,2.04,21332,4353526,2.0411
2025/2/12 9:33,0,2.04,2.041,2.04,11575,2361608,2.041
2025/2/12 9:34,0,2.041,2.041,2.04,12784,2608679,2.041
2025/2/12 9:35,0,2.041,2.042,2.04,11898,2428127,2.0409
2025/2/12 9:36,0,2.041,2.042,2.041,1306,266603,2.0409
2025/2/12 9:37,0,2.042,2.042,2.041,28247,5767604,2.0411
2025/2/12 9:38,0,2.042,2.043,2.042,3813,778708,2.0412
2025/2/12 9:39,0,2.043,2.043,2.042,8883,1814227,2.0412
2025/2/12 9:40,0,2.043,2.043,2.042,6119,1249607,2.0413
2025/2/12 9:41,0,2.042,2.043,2.042,3565,728035,2.0413
2025/2/12 9:42,0,2.042,2.043,2.042,663,135405,2.0413
2025/2/12 9:43,0,2.043,2.043,2.042,6153,1256820,2.0414
2025/2/12 9:44,0,2.042,2.043,2.042,4162,849984,2.0414
2025/2/12 9:45,0,2.043,2.043,2.042,3282,670299,2.0414
2025/2/12 9:46,0,2.042,2.043,2.042,6726,1373576,2.0414
2025/2/12 9:47,0,2.042,2.043,2.042,2552,521198,2.0414
2025/2/12 9:48,0,2.042,2.043,2.042,6678,1364258,2.0415
2025/2/12 9:49,0,2.042,2.043,2.042,14444,2949652,2.0415
2025/2/12 9:50,0,2.042,2.043,2.042,2174,444008,2.0415
2025/2/12 9:51,0,2.042,2.043,2.042,12479,2549296,2.0416
2025/2/12 9:52,0,2.042,2.043,2.042,6203,1266863,2.0416
2025/2/12 9:53,0,2.042,2.043,2.042,2598,530580,2.0417
2025/2/12 9:54,0,2.043,2.043,2.042,834,170330,2.0417
2025/2/12 9:55,0,2.042,2.043,2.042,27388,5594645,2.0418
2025/2/12 9:56,0,2.043,2.044,2.042,8206,1676490,2.0418
2025/2/12 9:57,0,2.043,2.044,2.043,1711,349624,2.0418
2025/2/12 9:58,0,2.043,2.044,2.043,1095,223730,2.0418
2025/2/12 9:59,0,2.044,2.044,2.043,5262,1075352,2.0419
2025/2/12 10:00,0,2.043,2.044,2.043,3486,712464,2.0419
2025/2/12 10:01,0,2.043,2.044,2.043,7573,1547712,2.0419
2025/2/12 10:02,0,2.043,2.044,2.043,18102,3699920,2.0421
2025/2/12 10:03,0,2.043,2.044,2.043,2587,528597,2.0421
2025/2/12 10:04,0,2.043,2.044,2.043,1933,394913,2.0421
2025/2/12 10:05,0,2.043,2.044,2.043,9564,1954337,2.0421
2025/2/12 10:06,0,2.044,2.044,2.043,26522,5421012,2.0423
2025/2/12 10:07,0,2.044,2.044,2.043,1460,298350,2.0423
2025/2/12 10:08,0,2.044,2.044,2.043,1093,223327,2.0423
2025/2/12 10:09,0,2.044,2.044,2.043,7881,1610688,2.0423
2025/2/12 10:10,0,2.044,2.045,2.043,5381,1099844,2.0423
2025/2/12 10:11,0,2.044,2.045,2.044,1326,271092,2.0423
2025/2/12 10:12,0,2.044,2.045,2.044,2344,479204,2.0424
2025/2/12 10:13,0,2.044,2.045,2.044,2029,414835,2.0424
2025/2/12 10:14,0,2.044,2.045,2.044,4940,1009935,2.0424
2025/2/12 10:15,0,2.044,2.045,2.044,1568,320609,2.0424
2025/2/12 10:16,0,2.044,2.045,2.044,4191,856929,2.0424
2025/2/12 10:17,0,2.044,2.045,2.044,1701,347797,2.0424
2025/2/12 10:18,0,2.044,2.045,2.044,2052,419510,2.0425
2025/2/12 10:19,0,2.045,2.046,2.044,24849,5081570,2.0426
2025/2/12 10:20,0,2.046,2.046,2.045,3506,717189,2.0426
2025/2/12 10:21,0,2.046,2.047,2.046,32739,6698695,2.0429
2025/2/12 10:22,0,2.046,2.046,2.045,11688,2391296,2.043
2025/2/12 10:23,0,2.046,2.047,2.046,20919,4280197,2.0431
2025/2/12 10:24,0,2.046,2.047,2.046,3814,780401,2.0431
2025/2/12 10:25,0,2.046,2.047,2.046,2280,466505,2.0432
2025/2/12 10:26,0,2.046,2.047,2.046,1885,385706,2.0432
2025/2/12 10:27,0,2.046,2.046,2.045,12222,2500606,2.0432
2025/2/12 10:28,0,2.045,2.046,2.045,5992,1225370,2.0433
2025/2/12 10:29,0,2.045,2.046,2.045,1294,264635,2.0433
2025/2/12 10:30,0,2.045,2.046,2.045,3766,770385,2.0433
2025/2/12 10:31,0,2.045,2.046,2.045,11880,2429991,2.0433
2025/2/12 10:32,0,2.045,2.046,2.045,16218,3316586,2.0434
2025/2/12 10:33,0,2.045,2.045,2.044,1469,300389,2.0434
2025/2/12 10:34,0,2.045,2.045,2.044,8137,1663463,2.0434
2025/2/12 10:35,0,2.045,2.045,2.044,8231,1683234,2.0434
2025/2/12 10:36,0,2.044,2.046,2.044,434,88733,2.0434
2025/2/12 10:37,0,2.045,2.045,2.044,6481,1324724,2.0434
2025/2/12 10:38,0,2.044,2.045,2.044,7312,1494797,2.0434
2025/2/12 10:39,0,2.044,2.045,2.044,1366,279335,2.0435
2025/2/12 10:40,0,2.045,2.045,2.044,6494,1327488,2.0435
2025/2/12 10:41,0,2.045,2.045,2.044,6834,1396927,2.0435
2025/2/12 10:42,0,2.044,2.045,2.043,6131,1252864,2.0435
2025/2/12 10:43,0,2.044,2.044,2.044,1535,313754,2.0435
2025/2/12 10:44,0,2.044,2.044,2.043,1454,297120,2.0435
2025/2/12 10:45,0,2.043,2.044,2.043,2029,414610,2.0435
2025/2/12 10:46,0,2.044,2.044,2.044,3214,656937,2.0435
2025/2/12 10:47,0,2.044,2.044,2.043,1510,308597,2.0435
2025/2/12 10:48,0,2.044,2.044,2.043,1327,271229,2.0435
2025/2/12 10:49,0,2.044,2.045,2.044,2149,439298,2.0435
2025/2/12 10:50,0,2.044,2.044,2.044,2355,481362,2.0435
2025/2/12 10:51,0,2.043,2.044,2.043,1733,354082,2.0435
2025/2/12 10:52,0,2.044,2.044,2.043,420,85821,2.0435
2025/2/12 10:53,0,2.043,2.044,2.043,3945,805987,2.0435
2025/2/12 10:54,0,2.044,2.044,2.043,6699,1368632,2.0435
2025/2/12 10:55,0,2.044,2.044,2.043,1259,257281,2.0435
2025/2/12 10:56,0,2.044,2.044,2.043,1283,262205,2.0435
2025/2/12 10:57,0,2.044,2.044,2.043,718,146758,2.0435
2025/2/12 10:58,0,2.043,2.044,2.043,8732,1783956,2.0435
2025/2/12 10:59,0,2.044,2.044,2.043,642,131189,2.0435
2025/2/12 11:00,0,2.044,2.044,2.043,560,114429,2.0435
2025/2/12 11:01,0,2.043,2.044,2.043,728,148758,2.0435
2025/2/12 11:02,0,2.043,2.044,2.043,903,184498,2.0435
2025/2/12 11:03,0,2.044,2.044,2.043,368,75188,2.0435
2025/2/12 11:04,0,2.044,2.044,2.043,830,169642,2.0435
2025/2/12 11:05,0,2.044,2.044,2.043,621,126885,2.0435
2025/2/12 11:06,0,2.043,2.044,2.043,165,33717,2.0435
2025/2/12 11:07,0,2.043,2.044,2.043,12682,2590934,2.0435
2025/2/12 11:08,0,2.042,2.044,2.042,3841,784665,2.0435
2025/2/12 11:09,0,2.042,2.043,2.042,2776,566864,2.0434
2025/2/12 11:10,0,2.042,2.042,2.042,3305,674881,2.0434
2025/2/12 11:11,0,2.043,2.043,2.042,1944,396968,2.0434
2025/2/12 11:12,0,2.042,2.043,2.042,1631,333114,2.0434
2025/2/12 11:13,0,2.042,2.043,2.042,17684,3611099,2.0434
2025/2/12 11:14,0,2.043,2.043,2.042,14651,2992998,2.0434
2025/2/12 11:15,0,2.043,2.043,2.042,645,131771,2.0434
2025/2/12 11:16,0,2.043,2.044,2.043,1589,324640,2.0434
2025/2/12 11:17,0,2.042,2.043,2.042,989,201977,2.0434
2025/2/12 11:18,0,2.042,2.043,2.042,841,171788,2.0434
2025/2/12 11:19,0,2.042,2.043,2.042,914,186695,2.0434
2025/2/12 11:20,0,2.043,2.043,2.042,2301,470052,2.0434
2025/2/12 11:21,0,2.043,2.043,2.042,1829,373556,2.0434
2025/2/12 11:22,0,2.042,2.043,2.042,805,164381,2.0434
2025/2/12 11:23,0,2.042,2.043,2.042,843,172186,2.0434
2025/2/12 11:24,0,2.043,2.043,2.042,1098,224321,2.0434
2025/2/12 11:25,0,2.043,2.043,2.042,6109,1248063,2.0434
2025/2/12 11:26,0,2.042,2.043,2.042,806,164600,2.0434
2025/2/12 11:27,0,2.043,2.043,2.042,1072,218934,2.0434
2025/2/12 11:28,0,2.043,2.043,2.042,330,67417,2.0434
2025/2/12 11:29,0,2.043,2.043,2.042,687,140323,2.0434
2025/2/12 11:30,0,2.042,2.043,2.042,245,50049,2.0434
2025/2/12 13:01,0,2.041,2.043,2.041,41241,8420117,2.0433
2025/2/12 13:02,0,2.041,2.042,2.041,12939,2641865,2.0432
2025/2/12 13:03,0,2.042,2.043,2.041,2565,523774,2.0432
2025/2/12 13:04,0,2.042,2.043,2.042,1683,343789,2.0432
2025/2/12 13:05,0,2.042,2.043,2.042,4132,843776,2.0432
2025/2/12 13:06,0,2.042,2.043,2.042,3081,629142,2.0432
2025/2/12 13:07,0,2.041,2.042,2.041,1559,318246,2.0432
2025/2/12 13:08,0,2.042,2.042,2.041,528,107806,2.0432
2025/2/12 13:09,0,2.042,2.042,2.041,5316,1085504,2.0432
2025/2/12 13:10,0,2.042,2.042,2.041,770,157218,2.0432
2025/2/12 13:11,0,2.042,2.042,2.041,5205,1062850,2.0432
2025/2/12 13:12,0,2.042,2.042,2.042,1426,291179,2.0432
2025/2/12 13:13,0,2.042,2.042,2.041,510,104099,2.0432
2025/2/12 13:14,0,2.042,2.042,2.041,387,79007,2.0432
2025/2/12 13:15,0,2.041,2.042,2.041,1018,207788,2.0432
2025/2/12 13:16,0,2.042,2.042,2.041,438,89414,2.0432
2025/2/12 13:17,0,2.041,2.042,2.041,1215,248054,2.0432
2025/2/12 13:18,0,2.042,2.042,2.042,60,12252,2.0432
2025/2/12 13:19,0,2.042,2.042,2.041,1163,237413,2.0432
2025/2/12 13:20,0,2.042,2.042,2.041,6213,1268693,2.0432
2025/2/12 13:21,0,2.042,2.042,2.041,965,197048,2.0432
2025/2/12 13:22,0,2.042,2.042,2.041,428,87383,2.0432
2025/2/12 13:23,0,2.041,2.042,2.041,1035,211302,2.0432
2025/2/12 13:24,0,2.042,2.042,2.041,2621,535156,2.0432
2025/2/12 13:25,0,2.042,2.043,2.041,9068,1851681,2.0432
2025/2/12 13:26,0,2.042,2.042,2.042,768,156826,2.0432
2025/2/12 13:27,0,2.043,2.043,2.042,7983,1630158,2.0431
2025/2/12 13:28,0,2.042,2.043,2.042,460,93948,2.0431
2025/2/12 13:29,0,2.043,2.043,2.042,1010,206246,2.0431
2025/2/12 13:30,0,2.043,2.043,2.042,15828,3233078,2.0431
2025/2/12 13:31,0,2.043,2.043,2.042,785,160340,2.0431
2025/2/12 13:32,0,2.042,2.043,2.042,1879,383761,2.0431
2025/2/12 13:33,0,2.042,2.043,2.042,4529,924831,2.0431
2025/2/12 13:34,0,2.042,2.043,2.042,2213,451902,2.0431
2025/2/12 13:35,0,2.042,2.042,2.041,5583,1139514,2.0431
2025/2/12 13:36,0,2.041,2.042,2.041,726,148210,2.0431
2025/2/12 13:37,0,2.041,2.042,2.041,5822,1188332,2.0431
2025/2/12 13:38,0,2.042,2.042,2.041,2175,443948,2.0431
2025/2/12 13:39,0,2.042,2.042,2.041,3519,718240,2.0431
2025/2/12 13:40,0,2.042,2.042,2.041,2088,426264,2.0431
2025/2/12 13:41,0,2.041,2.042,2.041,4105,837865,2.0431
2025/2/12 13:42,0,2.041,2.042,2.041,1242,253499,2.0431
2025/2/12 13:43,0,2.041,2.042,2.041,612,124916,2.0431
2025/2/12 13:44,0,2.042,2.042,2.041,10545,2153159,2.0431
2025/2/12 13:45,0,2.042,2.043,2.042,2693,549930,2.043
2025/2/12 13:46,0,2.041,2.042,2.041,1924,392728,2.043
2025/2/12 13:47,0,2.041,2.042,2.041,3450,704147,2.043
2025/2/12 13:48,0,2.042,2.042,2.041,3611,737033,2.043
2025/2/12 13:49,0,2.042,2.042,2.041,4723,964103,2.043
2025/2/12 13:50,0,2.042,2.042,2.041,1609,328398,2.043
2025/2/12 13:51,0,2.042,2.042,2.041,5100,1040929,2.043
2025/2/12 13:52,0,2.042,2.042,2.041,225,45938,2.043
2025/2/12 13:53,0,2.041,2.042,2.041,3660,747035,2.043
2025/2/12 13:54,0,2.041,2.042,2.041,1813,370035,2.043
2025/2/12 13:55,0,2.041,2.042,2.041,3587,732117,2.043
2025/2/12 13:56,0,2.04,2.041,2.04,3449,703619,2.043
2025/2/12 13:57,0,2.04,2.041,2.04,3833,781933,2.043
2025/2/12 13:58,0,2.041,2.041,2.04,3826,780526,2.0429
2025/2/12 13:59,0,2.041,2.041,2.04,3422,698129,2.0429
2025/2/12 14:00,0,2.04,2.041,2.04,7840,1599459,2.0429
2025/2/12 14:01,0,2.04,2.041,2.04,5725,1168139,2.0429
2025/2/12 14:02,0,2.041,2.041,2.04,537,109571,2.0429
2025/2/12 14:03,0,2.04,2.041,2.04,6174,1259800,2.0429
2025/2/12 14:04,0,2.041,2.041,2.04,1781,363434,2.0429
2025/2/12 14:05,0,2.041,2.041,2.04,3758,766652,2.0429
2025/2/12 14:06,0,2.04,2.041,2.04,5666,1156317,2.0429
2025/2/12 14:07,0,2.041,2.041,2.04,106,21630,2.0429
2025/2/12 14:08,0,2.041,2.041,2.04,452,92233,2.0429
2025/2/12 14:09,0,2.041,2.041,2.04,307,62628,2.0429
2025/2/12 14:10,0,2.04,2.041,2.04,1031,210328,2.0428
2025/2/12 14:11,0,2.04,2.041,2.04,1911,390034,2.0428
2025/2/12 14:12,0,2.04,2.041,2.04,7912,1614119,2.0428
2025/2/12 14:13,0,2.04,2.041,2.04,2099,428255,2.0428
2025/2/12 14:14,0,2.041,2.041,2.04,271,55303,2.0428
2025/2/12 14:15,0,2.041,2.041,2.04,7826,1597257,2.0428
2025/2/12 14:16,0,2.041,2.042,2.041,5160,1053223,2.0428
2025/2/12 14:17,0,2.04,2.041,2.04,11387,2324132,2.0428
2025/2/12 14:18,0,2.041,2.041,2.04,2833,577989,2.0428
2025/2/12 14:19,0,2.041,2.041,2.04,730,148985,2.0428
2025/2/12 14:20,0,2.041,2.041,2.04,812,165701,2.0428
2025/2/12 14:21,0,2.041,2.041,2.04,793,161808,2.0428
2025/2/12 14:22,0,2.041,2.041,2.04,12063,2461746,2.0427
2025/2/12 14:23,0,2.041,2.042,2.041,1308,266996,2.0427
2025/2/12 14:24,0,2.041,2.042,2.041,7269,1483627,2.0427
2025/2/12 14:25,0,2.041,2.042,2.041,752,153485,2.0427
2025/2/12 14:26,0,2.041,2.042,2.041,4312,880430,2.0427
2025/2/12 14:27,0,2.042,2.042,2.041,1060,216406,2.0427
2025/2/12 14:28,0,2.041,2.042,2.041,748,152694,2.0427
2025/2/12 14:29,0,2.042,2.042,2.041,3473,709182,2.0427
2025/2/12 14:30,0,2.042,2.042,2.041,10602,2164909,2.0427
2025/2/12 14:31,0,2.042,2.042,2.041,721,147179,2.0427
2025/2/12 14:32,0,2.042,2.042,2.041,5969,1218838,2.0427
2025/2/12 14:33,0,2.043,2.043,2.042,17157,3503815,2.0427
2025/2/12 14:34,0,2.042,2.043,2.042,2488,508066,2.0427
2025/2/12 14:35,0,2.042,2.042,2.041,3781,772109,2.0427
2025/2/12 14:36,0,2.042,2.043,2.042,2282,466025,2.0427
2025/2/12 14:37,0,2.042,2.043,2.042,2678,546922,2.0427
2025/2/12 14:38,0,2.043,2.043,2.042,1047,213818,2.0427
2025/2/12 14:39,0,2.043,2.043,2.042,4778,976053,2.0427
2025/2/12 14:40,0,2.043,2.043,2.042,1077,219988,2.0427
2025/2/12 14:41,0,2.043,2.043,2.042,1003,204890,2.0427
2025/2/12 14:42,0,2.043,2.043,2.042,9835,2008478,2.0427
2025/2/12 14:43,0,2.043,2.043,2.042,6646,1357765,2.0427
2025/2/12 14:44,0,2.042,2.043,2.042,6982,1426152,2.0427
2025/2/12 14:45,0,2.042,2.043,2.042,2217,452847,2.0427
2025/2/12 14:46,0,2.043,2.043,2.042,1376,281021,2.0427
2025/2/12 14:47,0,2.042,2.043,2.042,8975,1833019,2.0427
2025/2/12 14:48,0,2.042,2.043,2.042,4589,937418,2.0427
2025/2/12 14:49,0,2.042,2.043,2.041,7659,1563974,2.0427
2025/2/12 14:50,0,2.041,2.042,2.041,6715,1371043,2.0427
2025/2/12 14:51,0,2.042,2.042,2.041,5438,1110328,2.0427
2025/2/12 14:52,0,2.042,2.042,2.041,7735,1579409,2.0427
2025/2/12 14:53,0,2.042,2.042,2.041,15608,3186568,2.0426
2025/2/12 14:54,0,2.043,2.043,2.042,13303,2717693,2.0427
2025/2/12 14:55,0,2.044,2.045,2.043,12109,2475068,2.0427
2025/2/12 14:56,0,2.044,2.045,2.043,11155,2280383,2.0427
2025/2/12 14:57,0,2.044,2.045,2.044,9798,2003390,2.0427
2025/2/12 14:58,0,2.045,2.046,2.045,20064,4103287,2.0427
2025/2/12 14:59,0,2.046,2.046,2.045,7816,1598720,2.0428
2025/2/12 15:00,0,2.046,2.046,2.045,6321,1292997,2.0428
2025/2/13 9:30,0,2.051,2.051,2.051,21719,4454567,2.051
2025/2/13 9:31,0,2.052,2.053,2.05,44878,9207024,2.0514
2025/2/13 9:32,0,2.052,2.052,2.051,11229,2303435,2.0514
2025/2/13 9:33,0,2.052,2.052,2.051,20272,4159396,2.0515
2025/2/13 9:34,0,2.052,2.053,2.051,11583,2376842,2.0515
2025/2/13 9:35,0,2.052,2.053,2.052,9874,2026552,2.0516
2025/2/13 9:36,0,2.053,2.053,2.052,9357,1920075,2.0516
2025/2/13 9:37,0,2.052,2.053,2.052,22731,4664446,2.0517
2025/2/13 9:38,0,2.053,2.053,2.051,15967,3276903,2.0517
2025/2/13 9:39,0,2.054,2.054,2.052,40062,8224682,2.052
2025/2/13 9:40,0,2.053,2.054,2.052,11091,2277146,2.052
2025/2/13 9:41,0,2.052,2.053,2.052,14370,2948380,2.052
2025/2/13 9:42,0,2.05,2.052,2.05,23376,4793954,2.0519
2025/2/13 9:43,0,2.051,2.052,2.051,8216,1685156,2.0519
2025/2/13 9:44,0,2.051,2.052,2.05,2171,445372,2.0519
2025/2/13 9:45,0,2.051,2.051,2.05,9065,1858506,2.0518
2025/2/13 9:46,0,2.049,2.051,2.049,23063,4727840,2.0517
2025/2/13 9:47,0,2.048,2.05,2.048,25902,5307216,2.0515
2025/2/13 9:48,0,2.05,2.05,2.048,7885,1615846,2.0514
2025/2/13 9:49,0,2.049,2.05,2.048,13277,2720311,2.0513
2025/2/13 9:50,0,2.049,2.049,2.048,4085,836842,2.0513
2025/2/13 9:51,0,2.048,2.049,2.048,7203,1475566,2.0512
2025/2/13 9:52,0,2.049,2.049,2.048,3675,752739,2.0512
2025/2/13 9:53,0,2.049,2.049,2.048,1550,317525,2.0512
2025/2/13 9:54,0,2.049,2.049,2.048,2261,463132,2.0512
2025/2/13 9:55,0,2.049,2.049,2.048,901,184544,2.0512
2025/2/13 9:56,0,2.05,2.05,2.048,15316,3137975,2.0511
2025/2/13 9:57,0,2.049,2.05,2.049,4790,981497,2.051
2025/2/13 9:58,0,2.049,2.05,2.049,1567,321098,2.051
2025/2/13 9:59,0,2.05,2.05,2.049,1439,294908,2.051
2025/2/13 10:00,0,2.05,2.05,2.049,2316,474767,2.051
2025/2/13 10:01,0,2.049,2.05,2.049,1129,231373,2.051
2025/2/13 10:02,0,2.05,2.05,2.049,784,160665,2.051
2025/2/13 10:03,0,2.049,2.05,2.049,1289,264189,2.051
2025/2/13 10:04,0,2.049,2.05,2.049,2134,437337,2.051
2025/2/13 10:05,0,2.05,2.05,2.049,3326,681529,2.051
2025/2/13 10:06,0,2.049,2.05,2.049,6066,1242978,2.051
2025/2/13 10:07,0,2.048,2.049,2.048,28820,5903865,2.0508
2025/2/13 10:08,0,2.048,2.049,2.047,21113,4324924,2.0507
2025/2/13 10:09,0,2.048,2.049,2.048,7627,1562666,2.0507
2025/2/13 10:10,0,2.048,2.049,2.048,14474,2964311,2.0506
2025/2/13 10:11,0,2.05,2.05,2.048,29184,5979848,2.0505
2025/2/13 10:12,0,2.05,2.05,2.049,16258,3332777,2.0505
2025/2/13 10:13,0,2.05,2.05,2.049,5958,1221359,2.0505
2025/2/13 10:14,0,2.049,2.05,2.049,6759,1385518,2.0505
2025/2/13 10:15,0,2.049,2.05,2.049,14228,2916287,2.0504
2025/2/13 10:16,0,2.05,2.05,2.049,3593,736304,2.0504
2025/2/13 10:17,0,2.049,2.05,2.049,10501,2151531,2.0504
2025/2/13 10:18,0,2.049,2.05,2.048,3192,654036,2.0504
2025/2/13 10:19,0,2.05,2.05,2.049,3299,675994,2.0504
2025/2/13 10:20,0,2.049,2.05,2.049,996,204103,2.0504
2025/2/13 10:21,0,2.05,2.05,2.049,188,38526,2.0504
2025/2/13 10:22,0,2.049,2.05,2.049,1620,331955,2.0504
2025/2/13 10:23,0,2.05,2.05,2.049,226,46308,2.0504
2025/2/13 10:24,0,2.049,2.05,2.049,2383,488348,2.0504
2025/2/13 10:25,0,2.049,2.05,2.049,236,48374,2.0504
2025/2/13 10:26,0,2.049,2.05,2.049,947,194087,2.0504
2025/2/13 10:27,0,2.05,2.05,2.049,840,172149,2.0504
2025/2/13 10:28,0,2.049,2.05,2.049,5552,1137761,2.0504
2025/2/13 10:29,0,2.049,2.05,2.049,1120,229494,2.0504
2025/2/13 10:30,0,2.05,2.05,2.049,4741,971537,2.0504
2025/2/13 10:31,0,2.049,2.05,2.049,618,126667,2.0504
2025/2/13 10:32,0,2.05,2.05,2.049,2284,468203,2.0503
2025/2/13 10:33,0,2.05,2.05,2.049,4436,909359,2.0503
2025/2/13 10:34,0,2.049,2.05,2.049,987,202241,2.0503
2025/2/13 10:35,0,2.049,2.05,2.049,7303,1496524,2.0503
2025/2/13 10:36,0,2.05,2.05,2.049,882,180752,2.0503
2025/2/13 10:37,0,2.05,2.05,2.049,2321,475720,2.0503
2025/2/13 10:38,0,2.049,2.05,2.049,1146,234837,2.0503
2025/2/13 10:39,0,2.049,2.05,2.049,1747,358049,2.0503
2025/2/13 10:40,0,2.05,2.05,2.049,1602,328307,2.0503
2025/2/13 10:41,0,2.049,2.05,2.049,3633,744665,2.0503
2025/2/13 10:42,0,2.049,2.05,2.049,1078,220899,2.0503
2025/2/13 10:43,0,2.049,2.05,2.049,1573,322347,2.0503
2025/2/13 10:44,0,2.05,2.05,2.049,3467,710655,2.0503
2025/2/13 10:45,0,2.05,2.05,2.05,1143,234312,2.0503
2025/2/13 10:46,0,2.049,2.05,2.049,1058,216811,2.0503
2025/2/13 10:47,0,2.05,2.05,2.049,1495,306452,2.0503
2025/2/13 10:48,0,2.05,2.05,2.049,484,99181,2.0503
2025/2/13 10:49,0,2.049,2.05,2.049,1035,212134,2.0503
2025/2/13 10:50,0,2.049,2.05,2.049,975,199806,2.0503
2025/2/13 10:51,0,2.05,2.05,2.049,1347,276078,2.0503
2025/2/13 10:52,0,2.05,2.05,2.049,1488,304966,2.0503
2025/2/13 10:53,0,2.049,2.05,2.049,2479,508123,2.0503
2025/2/13 10:54,0,2.05,2.05,2.049,1114,228367,2.0503
2025/2/13 10:55,0,2.049,2.05,2.049,9205,1886315,2.0503
2025/2/13 10:56,0,2.049,2.05,2.049,264,54108,2.0503
2025/2/13 10:57,0,2.05,2.05,2.049,237,48576,2.0503
2025/2/13 10:58,0,2.05,2.05,2.049,477,97746,2.0503
2025/2/13 10:59,0,2.049,2.05,2.049,307,62925,2.0503
2025/2/13 11:00,0,2.05,2.05,2.049,3786,775796,2.0503
2025/2/13 11:01,0,2.049,2.05,2.049,4112,842624,2.0503
2025/2/13 11:02,0,2.049,2.05,2.049,6208,1272120,2.0503
2025/2/13 11:03,0,2.05,2.05,2.049,568,116402,2.0503
2025/2/13 11:04,0,2.05,2.05,2.049,203,41603,2.0503
2025/2/13 11:05,0,2.049,2.05,2.049,364,74584,2.0503
2025/2/13 11:06,0,2.049,2.049,2.049,159,32584,2.0503
2025/2/13 11:07,0,2.049,2.05,2.049,1022,209409,2.0502
2025/2/13 11:08,0,2.049,2.05,2.049,1647,337479,2.0502
2025/2/13 11:09,0,2.049,2.05,2.049,941,192817,2.0502
2025/2/13 11:10,0,2.049,2.05,2.049,67,13729,2.0502
2025/2/13 11:11,0,2.05,2.05,2.049,1741,356752,2.0502
2025/2/13 11:12,0,2.049,2.05,2.049,11868,2431758,2.0502
2025/2/13 11:13,0,2.049,2.049,2.048,1311,268586,2.0502
2025/2/13 11:14,0,2.049,2.049,2.048,343,70273,2.0502
2025/2/13 11:15,0,2.048,2.049,2.048,1720,352306,2.0502
2025/2/13 11:16,0,2.048,2.049,2.048,13854,2837302,2.0502
2025/2/13 11:17,0,2.049,2.049,2.048,904,185153,2.0502
2025/2/13 11:18,0,2.048,2.049,2.048,532,108983,2.0502
2025/2/13 11:19,0,2.048,2.049,2.048,12620,2584799,2.0501
2025/2/13 11:20,0,2.048,2.049,2.048,2947,603553,2.0501
2025/2/13 11:21,0,2.049,2.049,2.048,878,179820,2.0501
2025/2/13 11:22,0,2.048,2.049,2.048,74,15161,2.0501
2025/2/13 11:23,0,2.049,2.049,2.048,1618,331507,2.0501
2025/2/13 11:24,0,2.048,2.049,2.048,759,155446,2.0501
2025/2/13 11:25,0,2.048,2.049,2.048,2592,530851,2.0501
2025/2/13 11:26,0,2.049,2.049,2.048,212,43433,2.0501
2025/2/13 11:27,0,2.049,2.049,2.049,1248,255709,2.0501
2025/2/13 11:28,0,2.048,2.049,2.048,1283,262764,2.0501
2025/2/13 11:29,0,2.049,2.049,2.048,2454,502684,2.0501
2025/2/13 11:30,0,2.049,2.049,2.048,2099,430065,2.0501
2025/2/13 13:01,0,2.049,2.049,2.048,34205,7006423,2.05
2025/2/13 13:02,0,2.048,2.049,2.048,4058,831095,2.05
2025/2/13 13:03,0,2.049,2.049,2.048,481,98527,2.05
2025/2/13 13:04,0,2.048,2.049,2.048,976,199902,2.05
2025/2/13 13:05,0,2.048,2.049,2.048,794,162622,2.05
2025/2/13 13:06,0,2.049,2.049,2.048,345,70691,2.05
2025/2/13 13:07,0,2.048,2.049,2.048,913,187056,2.05
2025/2/13 13:08,0,2.049,2.049,2.048,880,180285,2.05
2025/2/13 13:09,0,2.048,2.049,2.048,3860,790716,2.05
2025/2/13 13:10,0,2.049,2.049,2.048,677,138679,2.05
2025/2/13 13:11,0,2.048,2.049,2.048,7486,1533564,2.05
2025/2/13 13:12,0,2.048,2.049,2.048,1129,231268,2.05
2025/2/13 13:13,0,2.049,2.049,2.048,747,153013,2.05
2025/2/13 13:14,0,2.049,2.049,2.048,469,96088,2.05
2025/2/13 13:15,0,2.049,2.049,2.048,1311,268515,2.05
2025/2/13 13:16,0,2.048,2.049,2.048,11332,2320879,2.0499
2025/2/13 13:17,0,2.049,2.049,2.048,771,157912,2.0499
2025/2/13 13:18,0,2.048,2.049,2.048,5738,1175147,2.0499
2025/2/13 13:19,0,2.048,2.049,2.047,17571,3598502,2.0499
2025/2/13 13:20,0,2.049,2.049,2.048,5978,1224622,2.0499
2025/2/13 13:21,0,2.049,2.049,2.048,4295,879862,2.0499
2025/2/13 13:22,0,2.049,2.049,2.048,6714,1375688,2.0499
2025/2/13 13:23,0,2.049,2.049,2.048,3282,672371,2.0499
2025/2/13 13:24,0,2.049,2.049,2.048,3324,681009,2.0498
2025/2/13 13:25,0,2.048,2.049,2.048,4519,925606,2.0498
2025/2/13 13:26,0,2.048,2.049,2.048,8054,1649756,2.0498
2025/2/13 13:27,0,2.049,2.049,2.048,2227,456296,2.0498
2025/2/13 13:28,0,2.05,2.05,2.049,6654,1363506,2.0498
2025/2/13 13:29,0,2.049,2.05,2.049,3094,634211,2.0498
2025/2/13 13:30,0,2.049,2.05,2.049,8761,1795348,2.0498
2025/2/13 13:31,0,2.05,2.05,2.049,2212,453459,2.0498
2025/2/13 13:32,0,2.05,2.05,2.049,3257,667589,2.0498
2025/2/13 13:33,0,2.049,2.05,2.049,4559,934262,2.0498
2025/2/13 13:34,0,2.05,2.05,2.049,2256,462281,2.0498
2025/2/13 13:35,0,2.049,2.05,2.049,3601,738119,2.0498
2025/2/13 13:36,0,2.049,2.049,2.048,8052,1649329,2.0498
2025/2/13 13:37,0,2.05,2.05,2.048,2831,580181,2.0498
2025/2/13 13:38,0,2.049,2.05,2.049,2948,604260,2.0498
2025/2/13 13:39,0,2.049,2.05,2.049,5763,1180974,2.0498
2025/2/13 13:40,0,2.048,2.049,2.048,14813,3033854,2.0498
2025/2/13 13:41,0,2.048,2.049,2.048,9090,1861840,2.0497
2025/2/13 13:42,0,2.048,2.049,2.048,2801,573843,2.0497
2025/2/13 13:43,0,2.048,2.049,2.047,6942,1421652,2.0497
2025/2/13 13:44,0,2.048,2.048,2.047,5500,1126233,2.0497
2025/2/13 13:45,0,2.047,2.048,2.047,9062,1855382,2.0497
2025/2/13 13:46,0,2.048,2.048,2.047,9240,1891940,2.0497
2025/2/13 13:47,0,2.048,2.048,2.048,6827,1398145,2.0497
2025/2/13 13:48,0,2.049,2.049,2.048,2535,519257,2.0497
2025/2/13 13:49,0,2.049,2.049,2.048,6046,1238395,2.0497
2025/2/13 13:50,0,2.049,2.049,2.048,4299,880654,2.0496
2025/2/13 13:51,0,2.049,2.049,2.048,1191,244010,2.0496
2025/2/13 13:52,0,2.048,2.049,2.048,2766,566635,2.0496
2025/2/13 13:53,0,2.048,2.049,2.048,2671,547252,2.0496
2025/2/13 13:54,0,2.048,2.049,2.048,1780,364625,2.0496
2025/2/13 13:55,0,2.048,2.049,2.048,2588,530186,2.0496
2025/2/13 13:56,0,2.049,2.049,2.048,6899,1413524,2.0496
2025/2/13 13:57,0,2.049,2.049,2.048,5605,1148010,2.0496
2025/2/13 13:58,0,2.049,2.049,2.048,2440,499931,2.0496
2025/2/13 13:59,0,2.05,2.05,2.048,10040,2057273,2.0496
2025/2/13 14:00,0,2.049,2.05,2.049,3784,775433,2.0496
2025/2/13 14:01,0,2.05,2.05,2.049,3072,629750,2.0496
2025/2/13 14:02,0,2.048,2.05,2.048,4239,868663,2.0496
2025/2/13 14:03,0,2.049,2.049,2.048,7216,1477940,2.0496
2025/2/13 14:04,0,2.049,2.049,2.048,2131,436595,2.0496
2025/2/13 14:05,0,2.049,2.049,2.048,4127,845536,2.0496
2025/2/13 14:06,0,2.048,2.049,2.048,1631,334140,2.0496
2025/2/13 14:07,0,2.049,2.049,2.048,2090,428226,2.0496
2025/2/13 14:08,0,2.048,2.049,2.048,3613,740167,2.0496
2025/2/13 14:09,0,2.048,2.049,2.048,2048,419524,2.0496
2025/2/13 14:10,0,2.049,2.049,2.048,10874,2227998,2.0496
2025/2/13 14:11,0,2.049,2.049,2.048,4041,827974,2.0496
2025/2/13 14:12,0,2.049,2.049,2.049,2717,556692,2.0496
2025/2/13 14:13,0,2.049,2.049,2.048,4190,858283,2.0496
2025/2/13 14:14,0,2.048,2.049,2.048,6815,1395880,2.0496
2025/2/13 14:15,0,2.049,2.049,2.048,1671,342354,2.0496
2025/2/13 14:16,0,2.049,2.049,2.048,2552,522852,2.0496
2025/2/13 14:17,0,2.049,2.05,2.048,7259,1487308,2.0496
2025/2/13 14:18,0,2.05,2.05,2.049,1122,230002,2.0496
2025/2/13 14:19,0,2.049,2.05,2.049,3371,690998,2.0496
2025/2/13 14:20,0,2.05,2.05,2.049,5195,1064667,2.0496
2025/2/13 14:21,0,2.05,2.05,2.049,7207,1476894,2.0496
2025/2/13 14:22,0,2.049,2.05,2.049,1905,390520,2.0496
2025/2/13 14:23,0,2.049,2.05,2.049,2713,556125,2.0496
2025/2/13 14:24,0,2.05,2.05,2.049,4011,822236,2.0496
2025/2/13 14:25,0,2.05,2.05,2.049,4449,912029,2.0496
2025/2/13 14:26,0,2.05,2.05,2.049,3766,772018,2.0496
2025/2/13 14:27,0,2.05,2.05,2.049,10805,2214678,2.0496
2025/2/13 14:28,0,2.051,2.051,2.05,2192,449543,2.0496
2025/2/13 14:29,0,2.051,2.051,2.05,3584,735072,2.0496
2025/2/13 14:30,0,2.051,2.051,2.05,12183,2498731,2.0496
2025/2/13 14:31,0,2.052,2.052,2.051,13920,2855203,2.0496
2025/2/13 14:32,0,2.051,2.052,2.051,7806,1601434,2.0496
2025/2/13 14:33,0,2.052,2.052,2.051,3440,705880,2.0496
2025/2/13 14:34,0,2.051,2.052,2.051,20057,4114184,2.0497
2025/2/13 14:35,0,2.051,2.052,2.051,2548,522842,2.0497
2025/2/13 14:36,0,2.053,2.053,2.051,8173,1677098,2.0497
2025/2/13 14:37,0,2.052,2.053,2.051,6262,1285113,2.0497
2025/2/13 14:38,0,2.051,2.052,2.051,6464,1325854,2.0497
2025/2/13 14:39,0,2.051,2.052,2.051,6272,1286494,2.0497
2025/2/13 14:40,0,2.05,2.052,2.05,12986,2662949,2.0497
2025/2/13 14:41,0,2.051,2.052,2.05,14502,2974196,2.0497
2025/2/13 14:42,0,2.05,2.052,2.05,4871,999060,2.0497
2025/2/13 14:43,0,2.05,2.051,2.05,9868,2023279,2.0497
2025/2/13 14:44,0,2.05,2.051,2.05,17280,3542348,2.0497
2025/2/13 14:45,0,2.051,2.051,2.049,6888,1412039,2.0497
2025/2/13 14:46,0,2.051,2.051,2.05,5773,1184019,2.0497
2025/2/13 14:47,0,2.051,2.051,2.05,7262,1489373,2.0498
2025/2/13 14:48,0,2.051,2.051,2.05,4745,973177,2.0498
2025/2/13 14:49,0,2.051,2.051,2.05,3307,678223,2.0498
2025/2/13 14:50,0,2.05,2.051,2.05,13974,2865928,2.0498
2025/2/13 14:51,0,2.05,2.051,2.05,9646,1978155,2.0498
2025/2/13 14:52,0,2.052,2.052,2.051,10775,2210046,2.0498
2025/2/13 14:53,0,2.052,2.052,2.051,8722,1789673,2.0498
2025/2/13 14:54,0,2.052,2.052,2.051,3543,726980,2.0498
2025/2/13 14:55,0,2.053,2.053,2.051,9007,1848294,2.0498
2025/2/13 14:56,0,2.053,2.053,2.052,10147,2083064,2.0498
2025/2/13 14:57,0,2.053,2.053,2.052,16327,3351775,2.0499
2025/2/13 14:58,0,2.053,2.055,2.052,77772,15974625,2.0501
2025/2/13 14:59,0,2.056,2.056,2.053,42226,8674708,2.0502
2025/2/13 15:00,0,2.055,2.056,2.054,22792,4684313,2.0503
2025/2/14 9:30,2.069,2.069,2.069,2.069,38623,7991099,2.069
2025/2/14 9:31,2.069,2.069,2.071,2.068,78083,16158269,2.0692
2025/2/14 9:32,2.069,2.067,2.069,2.067,27609,5710323,2.0691
2025/2/14 9:33,2.067,2.066,2.068,2.066,41763,8632861,2.0686
2025/2/14 9:34,2.066,2.067,2.068,2.066,20255,4185911,2.0684
2025/2/14 9:35,2.067,2.068,2.069,2.067,18556,3837785,2.0684
2025/2/14 9:36,2.068,2.069,2.069,2.068,7778,1608801,2.0684
2025/2/14 9:37,2.068,2.068,2.069,2.068,9020,1865767,2.0684
2025/2/14 9:38,2.068,2.069,2.069,2.068,5758,1191170,2.0684
2025/2/14 9:39,2.068,2.068,2.069,2.068,8063,1667798,2.0684
2025/2/14 9:40,2.069,2.068,2.069,2.068,17197,3556862,2.0684
2025/2/14 9:41,2.068,2.068,2.068,2.067,7790,1610619,2.0684
2025/2/14 9:42,2.067,2.068,2.068,2.067,31806,6577926,2.0684
2025/2/14 9:43,2.068,2.068,2.069,2.068,6584,1361639,2.0684
2025/2/14 9:44,2.069,2.068,2.069,2.068,7238,1497070,2.0684
2025/2/14 9:45,2.069,2.068,2.069,2.068,8558,1770572,2.0684
2025/2/14 9:46,2.069,2.069,2.069,2.068,15051,3113918,2.0684
2025/2/14 9:47,2.069,2.069,2.069,2.068,3619,748743,2.0684
2025/2/14 9:48,2.07,2.07,2.07,2.069,11619,2404580,2.0684
2025/2/14 9:49,2.069,2.07,2.07,2.069,12700,2628291,2.0685
2025/2/14 9:50,2.07,2.07,2.07,2.069,13572,2809338,2.0685
2025/2/14 9:51,2.07,2.07,2.07,2.069,11927,2468318,2.0686
2025/2/14 9:52,2.069,2.071,2.071,2.069,8722,1805362,2.0686
2025/2/14 9:53,2.069,2.07,2.071,2.069,8604,1781078,2.0686
2025/2/14 9:54,2.07,2.071,2.071,2.07,27845,5766070,2.0687
2025/2/14 9:55,2.071,2.071,2.072,2.07,21183,4387652,2.0689
2025/2/14 9:56,2.071,2.073,2.073,2.071,19612,4063430,2.069
2025/2/14 9:57,2.073,2.074,2.074,2.072,21227,4400256,2.0691
2025/2/14 9:58,2.074,2.073,2.074,2.073,8621,1787564,2.0692
2025/2/14 9:59,2.073,2.072,2.073,2.072,4979,1031989,2.0693
2025/2/14 10:00,2.072,2.072,2.073,2.071,17000,3522384,2.0693
2025/2/14 10:01,2.073,2.071,2.073,2.071,12382,2565593,2.0694
2025/2/14 10:02,2.071,2.071,2.072,2.071,9223,1910242,2.0694
2025/2/14 10:03,2.071,2.071,2.071,2.07,8944,1852231,2.0695
2025/2/14 10:04,2.071,2.07,2.071,2.07,11259,2331659,2.0695
2025/2/14 10:05,2.071,2.072,2.072,2.071,7571,1568231,2.0695
2025/2/14 10:06,2.071,2.071,2.072,2.071,2925,605902,2.0695
2025/2/14 10:07,2.072,2.071,2.072,2.071,2499,517746,2.0695
2025/2/14 10:08,2.071,2.071,2.072,2.071,2871,594810,2.0695
2025/2/14 10:09,2.071,2.071,2.072,2.071,8460,1752845,2.0696
2025/2/14 10:10,2.072,2.071,2.072,2.071,4822,999048,2.0696
2025/2/14 10:11,2.072,2.072,2.072,2.071,6651,1377869,2.0696
2025/2/14 10:12,2.071,2.072,2.072,2.071,5145,1065952,2.0696
2025/2/14 10:13,2.072,2.073,2.073,2.072,7048,1460596,2.0697
2025/2/14 10:14,2.072,2.071,2.073,2.071,5867,1215495,2.0697
2025/2/14 10:15,2.071,2.072,2.072,2.071,22608,4682206,2.0697
2025/2/14 10:16,2.071,2.071,2.072,2.071,2185,452590,2.0697
2025/2/14 10:17,2.072,2.07,2.072,2.07,4833,1000996,2.0697
2025/2/14 10:18,2.07,2.07,2.071,2.07,1262,261319,2.0697
2025/2/14 10:19,2.07,2.07,2.071,2.07,3459,716161,2.0697
2025/2/14 10:20,2.071,2.07,2.071,2.07,9324,1930188,2.0698
2025/2/14 10:21,2.071,2.07,2.071,2.07,11562,2393379,2.0698
2025/2/14 10:22,2.07,2.069,2.071,2.069,7103,1469947,2.0698
2025/2/14 10:23,2.069,2.069,2.07,2.069,3603,745767,2.0698
2025/2/14 10:24,2.069,2.07,2.07,2.069,1664,344396,2.0698
2025/2/14 10:25,2.069,2.07,2.07,2.069,2761,571475,2.0698
2025/2/14 10:26,2.07,2.071,2.071,2.069,2749,569209,2.0698
2025/2/14 10:27,2.07,2.071,2.071,2.07,5512,1141495,2.0698
2025/2/14 10:28,2.07,2.07,2.071,2.07,4959,1026941,2.0698
2025/2/14 10:29,2.07,2.07,2.071,2.07,3528,730624,2.0698
2025/2/14 10:30,2.07,2.071,2.072,2.07,2048,424141,2.0698
2025/2/14 10:31,2.071,2.071,2.072,2.07,15154,3137270,2.0698
2025/2/14 10:32,2.071,2.071,2.071,2.07,2151,445399,2.0698
2025/2/14 10:33,2.07,2.07,2.071,2.07,4879,1010078,2.0698
2025/2/14 10:34,2.07,2.069,2.071,2.069,6198,1282740,2.0698
2025/2/14 10:35,2.069,2.069,2.07,2.069,1158,239642,2.0698
2025/2/14 10:36,2.069,2.069,2.07,2.069,1715,354953,2.0698
2025/2/14 10:37,2.07,2.07,2.07,2.069,1505,311425,2.0698
2025/2/14 10:38,2.069,2.069,2.07,2.069,5397,1116700,2.0698
2025/2/14 10:39,2.069,2.07,2.071,2.069,4202,869813,2.0698
2025/2/14 10:40,2.07,2.07,2.071,2.07,815,168752,2.0698
2025/2/14 10:41,2.07,2.07,2.071,2.07,8851,1832288,2.0698
2025/2/14 10:42,2.071,2.07,2.071,2.07,2476,512741,2.0698
2025/2/14 10:43,2.07,2.07,2.071,2.069,13974,2892656,2.0698
2025/2/14 10:44,2.07,2.069,2.07,2.069,6039,1249599,2.0698
2025/2/14 10:45,2.069,2.069,2.07,2.069,1246,257836,2.0698
2025/2/14 10:46,2.07,2.069,2.07,2.069,4749,982621,2.0698
2025/2/14 10:47,2.069,2.07,2.07,2.069,2345,485231,2.0698
2025/2/14 10:48,2.069,2.069,2.07,2.069,1180,244198,2.0698
2025/2/14 10:49,2.069,2.07,2.07,2.069,8433,1745006,2.0698
2025/2/14 10:50,2.069,2.069,2.07,2.069,4023,832407,2.0698
2025/2/14 10:51,2.069,2.069,2.07,2.069,8794,1819521,2.0698
2025/2/14 10:52,2.07,2.068,2.07,2.068,2964,613237,2.0698
2025/2/14 10:53,2.068,2.069,2.069,2.068,5376,1111798,2.0698
2025/2/14 10:54,2.069,2.068,2.069,2.068,7558,1563109,2.0697
2025/2/14 10:55,2.069,2.069,2.069,2.068,6944,1436498,2.0697
2025/2/14 10:56,2.068,2.069,2.069,2.068,6534,1351364,2.0697
2025/2/14 10:57,2.068,2.068,2.069,2.068,7739,1600646,2.0697
2025/2/14 10:58,2.068,2.068,2.069,2.068,10792,2232415,2.0697
2025/2/14 10:59,2.068,2.068,2.069,2.068,6241,1290731,2.0697
2025/2/14 11:00,2.069,2.068,2.069,2.068,3956,818138,2.0697
2025/2/14 11:01,2.069,2.068,2.069,2.068,3485,721004,2.0697
2025/2/14 11:02,2.069,2.068,2.069,2.068,5778,1195175,2.0697
2025/2/14 11:03,2.069,2.068,2.069,2.068,6472,1338502,2.0697
2025/2/14 11:04,2.068,2.068,2.069,2.068,6967,1440809,2.0696
2025/2/14 11:05,2.068,2.068,2.069,2.068,2123,439062,2.0696
2025/2/14 11:06,2.069,2.068,2.069,2.068,1707,353040,2.0696
2025/2/14 11:07,2.068,2.068,2.069,2.068,1017,210351,2.0696
2025/2/14 11:08,2.068,2.069,2.069,2.068,3853,796926,2.0696
2025/2/14 11:09,2.069,2.069,2.069,2.068,2142,443014,2.0696
2025/2/14 11:10,2.068,2.069,2.069,2.068,2174,449624,2.0696
2025/2/14 11:11,2.069,2.068,2.069,2.068,3756,776943,2.0696
2025/2/14 11:12,2.068,2.068,2.069,2.068,6093,1260085,2.0696
2025/2/14 11:13,2.068,2.068,2.069,2.068,1787,369585,2.0696
2025/2/14 11:14,2.068,2.068,2.069,2.068,3051,631020,2.0696
2025/2/14 11:15,2.068,2.068,2.069,2.068,2645,547070,2.0696
2025/2/14 11:16,2.068,2.067,2.069,2.067,10027,2073574,2.0696
2025/2/14 11:17,2.067,2.067,2.068,2.067,2775,573719,2.0696
2025/2/14 11:18,2.067,2.068,2.068,2.067,6568,1358138,2.0696
2025/2/14 11:19,2.068,2.068,2.069,2.068,2291,473892,2.0696
2025/2/14 11:20,2.069,2.068,2.069,2.068,991,204964,2.0696
2025/2/14 11:21,2.069,2.068,2.069,2.068,1167,241380,2.0696
2025/2/14 11:22,2.068,2.068,2.069,2.068,1246,257717,2.0696
2025/2/14 11:23,2.068,2.068,2.069,2.068,1619,334836,2.0696
2025/2/14 11:24,2.068,2.068,2.069,2.068,1991,411772,2.0696
2025/2/14 11:25,2.068,2.068,2.069,2.068,3621,749138,2.0696
2025/2/14 11:26,2.068,2.069,2.069,2.068,6578,1360956,2.0695
2025/2/14 11:27,2.068,2.069,2.069,2.068,1269,262519,2.0695
2025/2/14 11:28,2.068,2.068,2.069,2.068,1343,277802,2.0695
2025/2/14 11:29,2.068,2.068,2.069,2.068,669,138392,2.0695
2025/2/14 11:30,2.068,2.069,2.069,2.068,2678,554020,2.0695
2025/2/14 13:01,2.069,2.069,2.069,2.067,77187,15963286,2.0694
2025/2/14 13:02,2.068,2.069,2.069,2.067,1467,303405,2.0694
2025/2/14 13:03,2.068,2.068,2.069,2.067,16875,3489694,2.0694
2025/2/14 13:04,2.068,2.068,2.069,2.068,3126,646530,2.0694
2025/2/14 13:05,2.068,2.068,2.069,2.068,2621,542171,2.0694
2025/2/14 13:06,2.069,2.068,2.069,2.068,854,176646,2.0694
2025/2/14 13:07,2.068,2.069,2.069,2.068,9535,1972392,2.0694
2025/2/14 13:08,2.069,2.069,2.069,2.068,1367,282772,2.0694
2025/2/14 13:09,2.069,2.068,2.069,2.068,9464,1957292,2.0694
2025/2/14 13:10,2.068,2.068,2.068,2.068,2046,423107,2.0694
2025/2/14 13:11,2.068,2.067,2.068,2.067,3236,669013,2.0694
2025/2/14 13:12,2.067,2.067,2.068,2.067,721,149065,2.0694
2025/2/14 13:13,2.068,2.068,2.068,2.067,2279,471229,2.0694
2025/2/14 13:14,2.068,2.067,2.068,2.067,505,104411,2.0694
2025/2/14 13:15,2.067,2.067,2.068,2.067,1942,401488,2.0694
2025/2/14 13:16,2.067,2.068,2.068,2.067,1335,276051,2.0694
2025/2/14 13:17,2.068,2.067,2.068,2.067,1169,241725,2.0694
2025/2/14 13:18,2.067,2.067,2.068,2.067,912,188547,2.0694
2025/2/14 13:19,2.067,2.068,2.068,2.067,12554,2595148,2.0693
2025/2/14 13:20,2.068,2.067,2.068,2.067,4398,909113,2.0693
2025/2/14 13:21,2.068,2.067,2.068,2.067,7475,1545143,2.0693
2025/2/14 13:22,2.067,2.067,2.068,2.066,25667,5305109,2.0693
2025/2/14 13:23,2.067,2.066,2.067,2.066,3556,734798,2.0693
2025/2/14 13:24,2.066,2.067,2.067,2.066,4666,964312,2.0692
2025/2/14 13:25,2.067,2.068,2.068,2.067,9567,1977499,2.0692
2025/2/14 13:26,2.068,2.067,2.068,2.067,1537,317728,2.0692
2025/2/14 13:27,2.067,2.067,2.068,2.067,1849,382222,2.0692
2025/2/14 13:28,2.067,2.068,2.068,2.067,3276,677351,2.0692
2025/2/14 13:29,2.068,2.068,2.068,2.067,3309,684085,2.0692
2025/2/14 13:30,2.068,2.067,2.068,2.067,878,181547,2.0692
2025/2/14 13:31,2.068,2.067,2.068,2.067,5769,1193010,2.0692
2025/2/14 13:32,2.068,2.068,2.068,2.067,7113,1470307,2.0692
2025/2/14 13:33,2.068,2.068,2.068,2.067,1635,338050,2.0692
2025/2/14 13:34,2.068,2.067,2.068,2.067,10113,2091206,2.0692
2025/2/14 13:35,2.068,2.066,2.068,2.066,20061,4146758,2.0691
2025/2/14 13:36,2.066,2.067,2.067,2.066,2615,540448,2.0691
2025/2/14 13:37,2.067,2.067,2.067,2.066,1465,302809,2.0691
2025/2/14 13:38,2.067,2.068,2.068,2.067,2896,598616,2.0691
2025/2/14 13:39,2.068,2.067,2.068,2.067,427,88292,2.0691
2025/2/14 13:40,2.067,2.067,2.067,2.066,14443,2985293,2.0691
2025/2/14 13:41,2.067,2.067,2.067,2.066,19777,4085973,2.0691
2025/2/14 13:42,2.067,2.066,2.067,2.065,12866,2657283,2.069
2025/2/14 13:43,2.066,2.064,2.066,2.064,14099,2911794,2.069
2025/2/14 13:44,2.064,2.065,2.065,2.064,18276,3772370,2.0689
2025/2/14 13:45,2.065,2.065,2.066,2.064,6000,1238998,2.0689
2025/2/14 13:46,2.065,2.065,2.066,2.065,13436,2775625,2.0689
2025/2/14 13:47,2.065,2.066,2.067,2.065,2468,509875,2.0689
2025/2/14 13:48,2.066,2.066,2.067,2.066,6390,1320206,2.0689
2025/2/14 13:49,2.066,2.066,2.067,2.066,5232,1080997,2.0688
2025/2/14 13:50,2.066,2.066,2.067,2.066,1869,386319,2.0688
2025/2/14 13:51,2.067,2.067,2.067,2.067,3196,660614,2.0688
2025/2/14 13:52,2.067,2.066,2.067,2.066,2822,583134,2.0688
2025/2/14 13:53,2.067,2.066,2.067,2.066,593,122557,2.0688
2025/2/14 13:54,2.066,2.066,2.067,2.066,1474,304663,2.0688
2025/2/14 13:55,2.066,2.067,2.067,2.066,5040,1041477,2.0688
2025/2/14 13:56,2.067,2.068,2.068,2.067,3851,796025,2.0688
2025/2/14 13:57,2.068,2.067,2.068,2.067,775,160213,2.0688
2025/2/14 13:58,2.068,2.068,2.068,2.067,2709,560114,2.0688
2025/2/14 13:59,2.068,2.067,2.068,2.067,2405,497330,2.0688
2025/2/14 14:00,2.067,2.069,2.069,2.067,29348,6068503,2.0688
2025/2/14 14:01,2.069,2.068,2.069,2.068,2292,474031,2.0688
2025/2/14 14:02,2.068,2.068,2.069,2.068,4075,843035,2.0688
2025/2/14 14:03,2.068,2.069,2.069,2.068,768,158876,2.0688
2025/2/14 14:04,2.069,2.069,2.069,2.068,1440,297862,2.0688
2025/2/14 14:05,2.068,2.067,2.068,2.067,15274,3158738,2.0688
2025/2/14 14:06,2.067,2.068,2.069,2.067,7687,1589667,2.0688
2025/2/14 14:07,2.068,2.069,2.069,2.068,665,137582,2.0688
2025/2/14 14:08,2.069,2.068,2.069,2.068,1142,236245,2.0688
2025/2/14 14:09,2.068,2.068,2.068,2.068,1026,212178,2.0688
2025/2/14 14:10,2.068,2.069,2.069,2.068,2354,486863,2.0688
2025/2/14 14:11,2.069,2.069,2.069,2.069,6720,1390357,2.0688
2025/2/14 14:12,2.068,2.068,2.069,2.068,2601,537937,2.0688
2025/2/14 14:13,2.068,2.068,2.069,2.068,1917,396491,2.0688
2025/2/14 14:14,2.068,2.069,2.069,2.068,1802,372678,2.0688
2025/2/14 14:15,2.068,2.068,2.069,2.067,7633,1578471,2.0688
2025/2/14 14:16,2.068,2.069,2.069,2.068,7396,1529557,2.0688
2025/2/14 14:17,2.068,2.068,2.069,2.068,2274,470266,2.0688
2025/2/14 14:18,2.068,2.068,2.069,2.068,1403,290180,2.0688
2025/2/14 14:19,2.068,2.068,2.069,2.068,2795,578219,2.0688
2025/2/14 14:20,2.068,2.069,2.069,2.068,8315,1719552,2.0688
2025/2/14 14:21,2.068,2.068,2.068,2.067,5664,1171315,2.0688
2025/2/14 14:22,2.068,2.067,2.068,2.067,767,158556,2.0688
2025/2/14 14:23,2.067,2.068,2.068,2.067,987,204092,2.0688
2025/2/14 14:24,2.068,2.068,2.068,2.067,1844,381307,2.0688
2025/2/14 14:25,2.068,2.068,2.068,2.067,1737,359166,2.0688
2025/2/14 14:26,2.068,2.068,2.068,2.067,3211,663739,2.0687
2025/2/14 14:27,2.068,2.068,2.068,2.067,329,68016,2.0687
2025/2/14 14:28,2.068,2.068,2.068,2.067,2423,500946,2.0687
2025/2/14 14:29,2.067,2.068,2.068,2.067,7063,1459984,2.0687
2025/2/14 14:30,2.068,2.068,2.068,2.067,1129,233432,2.0687
2025/2/14 14:31,2.068,2.067,2.068,2.067,1416,292797,2.0687
2025/2/14 14:32,2.068,2.067,2.068,2.067,1645,340119,2.0687
2025/2/14 14:33,2.068,2.067,2.068,2.067,5874,1214194,2.0687
2025/2/14 14:34,2.067,2.067,2.068,2.067,2252,465531,2.0687
2025/2/14 14:35,2.067,2.068,2.068,2.067,1090,225378,2.0687
2025/2/14 14:36,2.068,2.067,2.068,2.067,4798,992152,2.0687
2025/2/14 14:37,2.067,2.067,2.068,2.067,18877,3901968,2.0687
2025/2/14 14:38,2.067,2.066,2.067,2.066,4517,933599,2.0687
2025/2/14 14:39,2.067,2.066,2.067,2.066,2739,566028,2.0687
2025/2/14 14:40,2.066,2.066,2.067,2.066,2640,545441,2.0687
2025/2/14 14:41,2.067,2.066,2.067,2.066,1371,283289,2.0687
2025/2/14 14:42,2.067,2.067,2.067,2.066,4287,885733,2.0687
2025/2/14 14:43,2.067,2.066,2.067,2.066,1606,331845,2.0687
2025/2/14 14:44,2.066,2.066,2.067,2.066,7426,1534279,2.0687
2025/2/14 14:45,2.066,2.065,2.067,2.065,12307,2542772,2.0686
2025/2/14 14:46,2.066,2.066,2.066,2.065,11246,2323310,2.0686
2025/2/14 14:47,2.066,2.067,2.067,2.066,5002,1033661,2.0686
2025/2/14 14:48,2.067,2.068,2.068,2.066,19410,4012002,2.0686
2025/2/14 14:49,2.068,2.068,2.068,2.067,2231,461246,2.0686
2025/2/14 14:50,2.068,2.068,2.068,2.067,12062,2494194,2.0686
2025/2/14 14:51,2.068,2.067,2.068,2.067,10706,2213418,2.0686
2025/2/14 14:52,2.068,2.067,2.068,2.067,8625,1783307,2.0686
2025/2/14 14:53,2.067,2.068,2.068,2.067,4198,867959,2.0686
2025/2/14 14:54,2.068,2.068,2.068,2.067,4305,890122,2.0686
2025/2/14 14:55,2.068,2.068,2.068,2.067,5928,1225483,2.0686
2025/2/14 14:56,2.067,2.067,2.068,2.066,32464,6710597,2.0685
2025/2/14 14:57,2.067,2.068,2.068,2.066,20672,4272005,2.0685
2025/2/14 14:58,2.068,2.068,2.068,2.067,13431,2777036,2.0685
2025/2/14 14:59,2.067,2.066,2.068,2.066,10214,2111344,2.0685
2025/2/14 15:00,2.066,2.066,2.067,2.066,15707,3245323,2.0685
