day,open,high,low,close,volume
2025/1/27 13:53,27.77,27.77,27.75,27.76,104800
2025/1/27 13:54,27.76,27.76,27.73,27.74,105300
2025/1/27 13:55,27.73,27.75,27.73,27.74,64300
2025/1/27 13:56,27.73,27.75,27.73,27.75,67400
2025/1/27 13:57,27.75,27.75,27.74,27.75,44200
2025/1/27 13:58,27.75,27.76,27.74,27.74,104200
2025/1/27 13:59,27.74,27.75,27.72,27.73,127300
2025/1/27 14:00,27.73,27.73,27.71,27.72,81800
2025/1/27 14:01,27.72,27.74,27.71,27.74,64100
2025/1/27 14:02,27.74,27.76,27.73,27.75,154600
2025/1/27 14:03,27.74,27.76,27.73,27.75,158200
2025/1/27 14:04,27.75,27.78,27.74,27.76,153000
2025/1/27 14:05,27.76,27.77,27.74,27.77,160500
2025/1/27 14:06,27.77,27.77,27.74,27.77,150600
2025/1/27 14:07,27.77,27.8,27.77,27.8,121700
2025/1/27 14:08,27.79,27.8,27.77,27.8,102400
2025/1/27 14:09,27.79,27.8,27.77,27.8,146300
2025/1/27 14:10,27.81,27.83,27.8,27.82,122100
2025/1/27 14:11,27.81,27.82,27.78,27.81,132400
2025/1/27 14:12,27.8,27.81,27.78,27.81,109800
2025/1/27 14:13,27.8,27.84,27.78,27.83,149100
2025/1/27 14:14,27.84,27.84,27.8,27.84,220000
2025/1/27 14:15,27.84,27.9,27.82,27.89,253100
2025/1/27 14:16,27.89,27.95,27.88,27.94,264800
2025/1/27 14:17,27.94,27.97,27.93,27.95,242200
2025/1/27 14:18,27.94,27.96,27.93,27.95,95500
2025/1/27 14:19,27.95,27.96,27.93,27.95,139000
2025/1/27 14:20,27.94,27.95,27.92,27.95,117800
2025/1/27 14:21,27.94,27.94,27.9,27.93,118400
2025/1/27 14:22,27.93,27.95,27.92,27.94,116700
2025/1/27 14:23,27.93,27.94,27.92,27.94,79300
2025/1/27 14:24,27.93,27.99,27.93,27.98,319000
2025/1/27 14:25,27.97,27.98,27.95,27.96,121400
2025/1/27 14:26,27.96,28.02,27.96,28.02,613600
2025/1/27 14:27,28.01,28.05,27.98,28.01,437500
2025/1/27 14:28,27.98,28.02,27.97,28.02,147800
2025/1/27 14:29,28.01,28.02,27.99,28.02,163200
2025/1/27 14:30,28.01,28.01,27.97,28.01,153900
2025/1/27 14:31,28.01,28.01,27.93,28.01,313200
2025/1/27 14:32,28.01,28.04,28,28.03,308000
2025/1/27 14:33,28.03,28.04,28.01,28.03,140400
2025/1/27 14:34,28.02,28.02,28,28.02,222500
2025/1/27 14:35,28.02,28.03,28.01,28.02,188200
2025/1/27 14:36,28.02,28.03,28.01,28.02,175700
2025/1/27 14:37,28.02,28.04,28,28.02,309900
2025/1/27 14:38,28.02,28.04,28.01,28.02,299200
2025/1/27 14:39,28.02,28.03,27.97,28.01,310800
2025/1/27 14:40,28.01,28.04,28,28.03,271600
2025/1/27 14:41,28.03,28.05,28.01,28.04,275500
2025/1/27 14:42,28.03,28.04,28,28.02,227300
2025/1/27 14:43,28.02,28.03,28,28,203800
2025/1/27 14:44,28,28.02,27.95,28.01,459500
2025/1/27 14:45,28,28,27.91,27.98,571800
2025/1/27 14:46,27.97,27.99,27.91,27.94,587600
2025/1/27 14:47,27.93,27.96,27.93,27.94,105700
2025/1/27 14:48,27.94,27.99,27.94,27.97,195800
2025/1/27 14:49,27.97,27.99,27.92,27.93,303400
2025/1/27 14:50,27.93,27.95,27.92,27.92,206300
2025/1/27 14:51,27.92,27.96,27.91,27.93,181000
2025/1/27 14:52,27.94,27.96,27.93,27.94,241300
2025/1/27 14:53,27.95,27.96,27.92,27.92,246200
2025/1/27 14:54,27.92,27.95,27.83,27.87,320600
2025/1/27 14:55,27.89,27.92,27.87,27.88,321900
2025/1/27 14:56,27.88,27.92,27.86,27.89,240690
2025/1/27 14:57,27.88,27.92,27.84,27.9,290300
2025/1/27 15:00,27.83,27.83,27.83,27.83,510857
2025/2/5 9:31,27.72,27.85,27.66,27.68,1761600
2025/2/5 9:32,27.66,27.67,27.44,27.59,1673900
2025/2/5 9:33,27.6,27.64,27.57,27.6,344600
2025/2/5 9:34,27.57,27.62,27.54,27.57,397900
2025/2/5 9:35,27.57,27.58,27.51,27.56,455100
2025/2/5 9:36,27.55,27.62,27.55,27.6,364000
2025/2/5 9:37,27.6,27.6,27.44,27.45,619800
2025/2/5 9:38,27.45,27.47,27.39,27.41,618400
2025/2/5 9:39,27.4,27.42,27.38,27.4,568900
2025/2/5 9:40,27.4,27.41,27.36,27.38,505000
2025/2/5 9:41,27.38,27.39,27.32,27.33,437000
2025/2/5 9:42,27.33,27.34,27.3,27.31,615300
2025/2/5 9:43,27.31,27.31,27.27,27.27,467500
2025/2/5 9:44,27.28,27.28,27.24,27.27,358700
2025/2/5 9:45,27.26,27.27,27.22,27.25,436600
2025/2/5 9:46,27.25,27.25,27.22,27.25,389300
2025/2/5 9:47,27.25,27.26,27.23,27.24,384800
2025/2/5 9:48,27.24,27.25,27.18,27.22,1090900
2025/2/5 9:49,27.22,27.29,27.22,27.28,240400
2025/2/5 9:50,27.28,27.3,27.27,27.3,434700
2025/2/5 9:51,27.3,27.3,27.24,27.27,439600
2025/2/5 9:52,27.28,27.29,27.21,27.28,391200
2025/2/5 9:53,27.28,27.29,27.23,27.25,280800
2025/2/5 9:54,27.25,27.31,27.23,27.28,325400
2025/2/5 9:55,27.29,27.29,27.2,27.21,367400
2025/2/5 9:56,27.21,27.21,27.18,27.19,671000
2025/2/5 9:57,27.19,27.2,27.19,27.2,196200
2025/2/5 9:58,27.2,27.2,27.17,27.17,593800
2025/2/5 9:59,27.18,27.18,27.16,27.17,301700
2025/2/5 10:00,27.17,27.17,27.14,27.15,432700
2025/2/5 10:01,27.16,27.16,27.12,27.13,333200
2025/2/5 10:02,27.13,27.13,27.1,27.11,763400
2025/2/5 10:03,27.1,27.12,27.1,27.12,324000
2025/2/5 10:04,27.12,27.13,27.11,27.11,176300
2025/2/5 10:05,27.11,27.12,27.09,27.1,529200
2025/2/5 10:06,27.1,27.11,27.09,27.09,207300
2025/2/5 10:07,27.1,27.11,27.08,27.08,491500
2025/2/5 10:08,27.08,27.09,27.04,27.04,432000
2025/2/5 10:09,27.04,27.15,27.04,27.09,331500
2025/2/5 10:10,27.09,27.09,27.05,27.05,255500
2025/2/5 10:11,27.06,27.08,27.05,27.06,250900
2025/2/5 10:12,27.06,27.08,27.06,27.06,259000
2025/2/5 10:13,27.07,27.13,27.06,27.13,313000
2025/2/5 10:14,27.13,27.17,27.13,27.15,227619
2025/2/5 10:15,27.14,27.16,27.12,27.13,213881
2025/2/5 10:16,27.12,27.13,27.1,27.1,197900
2025/2/5 10:17,27.11,27.12,27.09,27.09,242300
2025/2/5 10:18,27.1,27.11,27.08,27.09,322200
2025/2/5 10:19,27.09,27.11,27.08,27.1,138900
2025/2/5 10:20,27.1,27.11,27.09,27.11,124600
2025/2/5 10:21,27.11,27.11,27.09,27.1,201000
2025/2/5 10:22,27.1,27.1,27.09,27.09,99500
2025/2/5 10:23,27.1,27.1,27.09,27.09,174300
2025/2/5 10:24,27.1,27.1,27.09,27.1,303300
2025/2/5 10:25,27.09,27.14,27.09,27.13,468400
2025/2/5 10:26,27.13,27.15,27.1,27.14,239000
2025/2/5 10:27,27.14,27.15,27.13,27.15,97800
2025/2/5 10:28,27.14,27.17,27.14,27.15,256900
2025/2/5 10:29,27.15,27.15,27.14,27.14,139900
2025/2/5 10:30,27.15,27.16,27.14,27.16,201000
2025/2/5 10:31,27.16,27.17,27.15,27.16,163900
2025/2/5 10:32,27.16,27.16,27.14,27.14,148700
2025/2/5 10:33,27.14,27.15,27.12,27.12,201000
2025/2/5 10:34,27.12,27.13,27.11,27.13,134000
2025/2/5 10:35,27.13,27.13,27.12,27.12,89000
2025/2/5 10:36,27.13,27.13,27.11,27.11,145800
2025/2/5 10:37,27.11,27.11,27.1,27.1,126300
2025/2/5 10:38,27.1,27.11,27.1,27.11,101900
2025/2/5 10:39,27.1,27.11,27.09,27.09,304013
2025/2/5 10:40,27.1,27.11,27.09,27.1,99900
2025/2/5 10:41,27.1,27.1,27.09,27.09,178600
2025/2/5 10:42,27.09,27.11,27.08,27.08,247487
2025/2/5 10:43,27.09,27.1,27.08,27.08,193700
2025/2/5 10:44,27.08,27.09,27.08,27.09,188300
2025/2/5 10:45,27.09,27.1,27.08,27.09,152800
2025/2/5 10:46,27.1,27.1,27.09,27.1,73700
2025/2/5 10:47,27.1,27.11,27.09,27.11,189800
2025/2/5 10:48,27.11,27.12,27.1,27.11,112400
2025/2/5 10:49,27.11,27.12,27.1,27.11,77000
2025/2/5 10:50,27.11,27.13,27.11,27.13,99813
2025/2/5 10:51,27.13,27.13,27.11,27.13,86800
2025/2/5 10:52,27.13,27.13,27.12,27.12,64400
2025/2/5 10:53,27.12,27.13,27.11,27.13,165200
2025/2/5 10:54,27.13,27.13,27.11,27.12,69100
2025/2/5 10:55,27.12,27.13,27.11,27.11,97200
2025/2/5 10:56,27.11,27.12,27.11,27.11,114200
2025/2/5 10:57,27.11,27.12,27.1,27.11,93400
2025/2/5 10:58,27.11,27.12,27.1,27.1,100600
2025/2/5 10:59,27.11,27.13,27.1,27.12,108100
2025/2/5 11:00,27.13,27.13,27.12,27.13,85300
2025/2/5 11:01,27.12,27.15,27.12,27.14,82300
2025/2/5 11:02,27.14,27.15,27.12,27.13,109400
2025/2/5 11:03,27.13,27.13,27.11,27.12,91000
2025/2/5 11:04,27.12,27.12,27.1,27.11,150400
2025/2/5 11:05,27.11,27.11,27.1,27.11,67400
2025/2/5 11:06,27.11,27.11,27.1,27.1,136600
2025/2/5 11:07,27.11,27.11,27.1,27.11,67000
2025/2/5 11:08,27.1,27.11,27.09,27.09,225000
2025/2/5 11:09,27.1,27.11,27.09,27.1,138700
2025/2/5 11:10,27.1,27.12,27.09,27.12,123900
2025/2/5 11:11,27.11,27.12,27.11,27.11,71600
2025/2/5 11:12,27.11,27.12,27.1,27.1,177400
2025/2/5 11:13,27.11,27.11,27.1,27.11,58300
2025/2/5 11:14,27.1,27.11,27.1,27.11,80700
2025/2/5 11:15,27.11,27.11,27.1,27.11,122300
2025/2/5 11:16,27.1,27.11,27.1,27.1,85800
2025/2/5 11:17,27.1,27.11,27.09,27.1,195300
2025/2/5 11:18,27.09,27.1,27.08,27.09,127000
2025/2/5 11:19,27.08,27.09,27.08,27.09,98500
2025/2/5 11:20,27.09,27.09,27.08,27.09,106000
2025/2/5 11:21,27.09,27.11,27.09,27.1,159600
2025/2/5 11:22,27.1,27.12,27.09,27.11,110900
2025/2/5 11:23,27.1,27.12,27.09,27.09,141200
2025/2/5 11:24,27.09,27.09,27.08,27.08,129300
2025/2/5 11:25,27.09,27.09,27.08,27.09,92700
2025/2/5 11:26,27.09,27.1,27.08,27.09,101000
2025/2/5 11:27,27.1,27.1,27.09,27.09,70200
2025/2/5 11:28,27.1,27.1,27.09,27.09,111200
2025/2/5 11:29,27.09,27.1,27.08,27.08,141800
2025/2/5 11:30,27.08,27.09,27.08,27.09,100600
2025/2/5 13:01,27.09,27.12,27.01,27.01,2279300
2025/2/5 13:02,27.02,27.02,27.01,27.01,404000
2025/2/5 13:03,27.01,27.02,26.98,27,1797600
2025/2/5 13:04,27,27.02,27,27,189700
2025/2/5 13:05,27.01,27.01,26.99,27,319800
2025/2/5 13:06,27.01,27.01,26.98,27,257200
2025/2/5 13:07,27,27,26.98,26.99,175200
2025/2/5 13:08,27,27.02,26.99,27.01,183900
2025/2/5 13:09,27.01,27.03,27,27.02,123600
2025/2/5 13:10,27.02,27.03,27,27.02,179300
2025/2/5 13:11,27.02,27.03,27.02,27.02,101000
2025/2/5 13:12,27.02,27.03,27.01,27.02,120200
2025/2/5 13:13,27.03,27.03,27.01,27.02,96600
2025/2/5 13:14,27.02,27.02,27,27.01,179200
2025/2/5 13:15,27,27.01,27,27.01,105300
2025/2/5 13:16,27.01,27.01,27,27.01,132100
2025/2/5 13:17,27.01,27.02,27,27.02,178000
2025/2/5 13:18,27.02,27.02,27.01,27.02,115200
2025/2/5 13:19,27.01,27.02,27.01,27.02,43600
2025/2/5 13:20,27.01,27.02,27.01,27.01,97500
2025/2/5 13:21,27.01,27.02,27.01,27.02,134600
2025/2/5 13:22,27.01,27.02,27.01,27.01,146100
2025/2/5 13:23,27.01,27.02,27,27.02,140200
2025/2/5 13:24,27.02,27.03,27.01,27.02,171700
2025/2/5 13:25,27.03,27.03,27.01,27.01,129500
2025/2/5 13:26,27.02,27.02,27.01,27.01,92200
2025/2/5 13:27,27.01,27.02,27.01,27.01,65000
2025/2/5 13:28,27.01,27.02,27,27.01,331200
2025/2/5 13:29,27.01,27.01,27,27,139900
2025/2/5 13:30,27,27.01,27,27,129293
2025/2/5 13:31,27,27.01,27,27,251900
2025/2/5 13:32,27,27.01,26.99,26.99,177507
2025/2/5 13:33,26.99,27,26.98,26.99,149300
2025/2/5 13:34,26.98,27,26.96,26.99,428780
2025/2/5 13:35,26.99,27,26.97,27,212200
2025/2/5 13:36,27,27.02,26.99,27.01,166300
2025/2/5 13:37,27,27.01,26.99,27,89900
2025/2/5 13:38,27,27,26.98,26.99,71800
2025/2/5 13:39,27,27,26.98,26.98,114200
2025/2/5 13:40,26.98,26.98,26.97,26.97,138500
2025/2/5 13:41,26.97,26.98,26.96,26.96,175100
2025/2/5 13:42,26.96,26.99,26.96,26.99,232300
2025/2/5 13:43,26.99,26.99,26.97,26.98,69800
2025/2/5 13:44,26.98,26.98,26.95,26.96,269320
2025/2/5 13:45,26.95,26.97,26.95,26.97,240400
2025/2/5 13:46,26.97,26.97,26.96,26.97,164000
2025/2/5 13:47,26.97,26.97,26.96,26.97,103990
2025/2/5 13:48,26.97,26.97,26.96,26.96,114600
2025/2/5 13:49,26.96,26.97,26.95,26.95,247466
2025/2/5 13:50,26.96,26.96,26.95,26.96,78300
2025/2/5 13:51,26.95,26.96,26.95,26.95,91900
2025/2/5 13:52,26.96,26.97,26.95,26.97,230100
2025/2/5 13:53,26.97,26.97,26.96,26.96,79200
2025/2/5 13:54,26.97,26.97,26.96,26.96,70100
2025/2/5 13:55,26.97,26.97,26.95,26.95,235700
2025/2/5 13:56,26.95,26.96,26.95,26.95,114600
2025/2/5 13:57,26.95,26.96,26.94,26.95,510344
2025/2/5 13:58,26.95,26.95,26.92,26.92,225400
2025/2/5 13:59,26.93,26.93,26.91,26.93,276100
2025/2/5 14:00,26.92,26.95,26.92,26.94,152900
2025/2/5 14:01,26.94,26.94,26.92,26.93,127200
2025/2/5 14:02,26.93,26.93,26.91,26.92,315700
2025/2/5 14:03,26.92,26.96,26.91,26.95,186900
2025/2/5 14:04,26.95,26.96,26.92,26.92,124000
2025/2/5 14:05,26.93,26.93,26.91,26.93,201922
2025/2/5 14:06,26.93,26.94,26.92,26.93,148000
2025/2/5 14:07,26.93,26.93,26.92,26.92,83500
2025/2/5 14:08,26.93,26.93,26.91,26.92,115100
2025/2/5 14:09,26.93,26.94,26.91,26.94,225700
2025/2/5 14:10,26.94,26.94,26.93,26.93,80900
2025/2/5 14:11,26.94,26.94,26.93,26.93,126300
2025/2/5 14:12,26.93,26.94,26.92,26.93,168500
2025/2/5 14:13,26.92,26.93,26.92,26.92,113100
2025/2/5 14:14,26.92,26.93,26.92,26.93,164800
2025/2/5 14:15,26.93,26.93,26.92,26.92,135300
2025/2/5 14:16,26.93,26.93,26.92,26.93,123200
2025/2/5 14:17,26.92,26.95,26.92,26.93,174200
2025/2/5 14:18,26.94,26.96,26.92,26.93,204600
2025/2/5 14:19,26.92,26.94,26.92,26.94,106000
2025/2/5 14:20,26.94,26.94,26.93,26.94,102800
2025/2/5 14:21,26.94,26.96,26.93,26.95,245100
2025/2/5 14:22,26.95,26.96,26.94,26.94,102900
2025/2/5 14:23,26.94,26.95,26.92,26.93,210500
2025/2/5 14:24,26.93,26.93,26.91,26.92,176300
2025/2/5 14:25,26.92,26.92,26.91,26.92,102700
2025/2/5 14:26,26.92,26.92,26.91,26.91,155200
2025/2/5 14:27,26.92,26.93,26.91,26.93,176500
2025/2/5 14:28,26.93,26.93,26.92,26.93,97100
2025/2/5 14:29,26.93,26.93,26.91,26.91,205100
2025/2/5 14:30,26.92,26.92,26.91,26.91,126300
2025/2/5 14:31,26.91,26.94,26.91,26.93,202700
2025/2/5 14:32,26.94,26.94,26.92,26.93,197500
2025/2/5 14:33,26.93,26.93,26.92,26.92,162500
2025/2/5 14:34,26.92,26.93,26.91,26.91,203700
2025/2/5 14:35,26.92,26.93,26.91,26.91,183000
2025/2/5 14:36,26.92,26.92,26.91,26.91,198200
2025/2/5 14:37,26.92,26.93,26.91,26.91,161719
2025/2/5 14:38,26.92,26.92,26.91,26.91,140900
2025/2/5 14:39,26.92,26.93,26.91,26.93,176100
2025/2/5 14:40,26.93,26.94,26.92,26.93,202800
2025/2/5 14:41,26.93,26.95,26.93,26.93,99000
2025/2/5 14:42,26.93,26.94,26.91,26.91,226000
2025/2/5 14:43,26.92,26.93,26.91,26.91,238600
2025/2/5 14:44,26.91,26.92,26.91,26.91,187400
2025/2/5 14:45,26.91,26.92,26.9,26.9,294000
2025/2/5 14:46,26.9,26.91,26.89,26.9,649800
2025/2/5 14:47,26.9,26.9,26.88,26.89,301000
2025/2/5 14:48,26.89,26.89,26.88,26.89,233400
2025/2/5 14:49,26.89,26.89,26.87,26.88,391100
2025/2/5 14:50,26.89,26.89,26.87,26.88,269900
2025/2/5 14:51,26.88,26.88,26.87,26.87,354900
2025/2/5 14:52,26.88,26.88,26.87,26.87,208300
2025/2/5 14:53,26.87,26.88,26.86,26.87,368600
2025/2/5 14:54,26.87,26.88,26.86,26.87,343879
2025/2/5 14:55,26.87,26.88,26.86,26.87,388611
2025/2/5 14:56,26.87,26.88,26.86,26.86,473800
2025/2/5 14:57,26.87,26.88,26.86,26.88,332800
2025/2/5 15:00,26.85,26.85,26.85,26.85,821180
2025/2/6 9:31,26.84,26.98,26.81,26.9,1109700
2025/2/6 9:32,26.92,26.96,26.9,26.93,320900
2025/2/6 9:33,26.93,27,26.92,26.96,851700
2025/2/6 9:34,26.96,26.97,26.91,26.93,337900
2025/2/6 9:35,26.93,26.94,26.85,26.91,284500
2025/2/6 9:36,26.91,26.95,26.89,26.94,216100
2025/2/6 9:37,26.94,26.97,26.93,26.96,150700
2025/2/6 9:38,26.96,26.96,26.93,26.95,210600
2025/2/6 9:39,26.94,26.96,26.91,26.93,155100
2025/2/6 9:40,26.92,26.95,26.9,26.92,198900
2025/2/6 9:41,26.92,26.95,26.9,26.93,119900
2025/2/6 9:42,26.93,26.94,26.89,26.91,161500
2025/2/6 9:43,26.92,26.95,26.91,26.93,138200
2025/2/6 9:44,26.93,26.95,26.91,26.92,125100
2025/2/6 9:45,26.92,26.93,26.9,26.92,113500
2025/2/6 9:46,26.92,26.93,26.89,26.91,137400
2025/2/6 9:47,26.92,26.97,26.91,26.97,177586
2025/2/6 9:48,26.97,26.97,26.92,26.93,124914
2025/2/6 9:49,26.93,26.95,26.92,26.94,83600
2025/2/6 9:50,26.95,26.96,26.93,26.95,101900
2025/2/6 9:51,26.95,26.95,26.91,26.94,73500
2025/2/6 9:52,26.94,26.95,26.92,26.93,69800
2025/2/6 9:53,26.93,26.93,26.9,26.91,103700
2025/2/6 9:54,26.9,26.92,26.89,26.91,103900
2025/2/6 9:55,26.91,26.92,26.9,26.91,61600
2025/2/6 9:56,26.9,26.91,26.89,26.91,60800
2025/2/6 9:57,26.91,26.96,26.91,26.95,366000
2025/2/6 9:58,26.95,26.95,26.9,26.9,159100
2025/2/6 9:59,26.9,26.9,26.85,26.85,324200
2025/2/6 10:00,26.86,26.86,26.81,26.86,326300
2025/2/6 10:01,26.85,26.89,26.84,26.89,85400
2025/2/6 10:02,26.88,26.93,26.88,26.92,127200
2025/2/6 10:03,26.91,26.93,26.9,26.93,78600
2025/2/6 10:04,26.93,26.97,26.93,26.95,249500
2025/2/6 10:05,26.95,26.97,26.95,26.95,114800
2025/2/6 10:06,26.95,26.95,26.93,26.93,140900
2025/2/6 10:07,26.92,26.93,26.9,26.91,71500
2025/2/6 10:08,26.91,26.91,26.89,26.9,106100
2025/2/6 10:09,26.9,26.91,26.89,26.9,79000
2025/2/6 10:10,26.89,26.91,26.89,26.91,38400
2025/2/6 10:11,26.9,26.91,26.87,26.87,135700
2025/2/6 10:12,26.87,26.91,26.87,26.9,75000
2025/2/6 10:13,26.91,26.92,26.89,26.92,106200
2025/2/6 10:14,26.91,26.93,26.91,26.92,86500
2025/2/6 10:15,26.92,26.92,26.9,26.91,84500
2025/2/6 10:16,26.91,26.93,26.89,26.9,111800
2025/2/6 10:17,26.9,26.91,26.88,26.9,92700
2025/2/6 10:18,26.89,26.9,26.88,26.89,43200
2025/2/6 10:19,26.9,26.91,26.89,26.9,64200
2025/2/6 10:20,26.91,26.91,26.88,26.89,74400
2025/2/6 10:21,26.89,26.9,26.88,26.9,68200
2025/2/6 10:22,26.9,26.9,26.87,26.88,117400
2025/2/6 10:23,26.88,26.89,26.87,26.87,87900
2025/2/6 10:24,26.88,26.88,26.86,26.88,69000
2025/2/6 10:25,26.87,26.89,26.87,26.88,50600
2025/2/6 10:26,26.87,26.88,26.86,26.87,62299
2025/2/6 10:27,26.86,26.87,26.86,26.87,26900
2025/2/6 10:28,26.87,26.87,26.85,26.86,169700
2025/2/6 10:29,26.86,26.86,26.83,26.84,231800
2025/2/6 10:30,26.84,26.86,26.83,26.85,99300
2025/2/6 10:31,26.85,26.86,26.84,26.85,94600
2025/2/6 10:32,26.85,26.87,26.85,26.87,118300
2025/2/6 10:33,26.86,26.89,26.85,26.87,80100
2025/2/6 10:34,26.86,26.91,26.86,26.9,94700
2025/2/6 10:35,26.9,26.95,26.89,26.94,235600
2025/2/6 10:36,26.94,26.96,26.91,26.91,310200
2025/2/6 10:37,26.92,26.96,26.91,26.95,194900
2025/2/6 10:38,26.94,26.97,26.92,26.94,292800
2025/2/6 10:39,26.94,26.97,26.93,26.96,103400
2025/2/6 10:40,26.96,26.98,26.94,26.98,241600
2025/2/6 10:41,26.98,26.99,26.94,26.95,120486
2025/2/6 10:42,26.96,26.96,26.92,26.94,128000
2025/2/6 10:43,26.94,26.96,26.92,26.95,124500
2025/2/6 10:44,26.95,26.96,26.93,26.94,169700
2025/2/6 10:45,26.94,26.97,26.93,26.96,157600
2025/2/6 10:46,26.96,26.99,26.96,26.99,263100
2025/2/6 10:47,26.99,27.02,26.99,26.99,409300
2025/2/6 10:48,27,27.01,26.98,26.98,88300
2025/2/6 10:49,26.99,27.01,26.97,27.01,126100
2025/2/6 10:50,27,27.02,26.99,27.01,186700
2025/2/6 10:51,27.01,27.04,27.01,27.03,131100
2025/2/6 10:52,27.03,27.08,27.02,27.08,273600
2025/2/6 10:53,27.07,27.08,27.06,27.07,182000
2025/2/6 10:54,27.06,27.08,27.06,27.08,91300
2025/2/6 10:55,27.08,27.12,27.07,27.11,365269
2025/2/6 10:56,27.11,27.11,27.09,27.09,154400
2025/2/6 10:57,27.1,27.12,27.09,27.12,270800
2025/2/6 10:58,27.11,27.17,27.11,27.16,349500
2025/2/6 10:59,27.16,27.18,27.14,27.17,254800
2025/2/6 11:00,27.17,27.2,27.16,27.19,357800
2025/2/6 11:01,27.19,27.21,27.17,27.17,483900
2025/2/6 11:02,27.18,27.2,27.17,27.19,157900
2025/2/6 11:03,27.18,27.2,27.12,27.12,90500
2025/2/6 11:04,27.12,27.13,27.11,27.12,94000
2025/2/6 11:05,27.12,27.13,27.1,27.1,150700
2025/2/6 11:06,27.1,27.1,27.08,27.08,87700
2025/2/6 11:07,27.08,27.1,27.04,27.04,118700
2025/2/6 11:08,27.04,27.05,27.02,27.04,57500
2025/2/6 11:09,27.05,27.05,27.03,27.04,68700
2025/2/6 11:10,27.03,27.04,27.02,27.03,63700
2025/2/6 11:11,27.04,27.05,27.02,27.04,202100
2025/2/6 11:12,27.03,27.07,27.03,27.06,188000
2025/2/6 11:13,27.06,27.07,27.05,27.05,133800
2025/2/6 11:14,27.06,27.07,27.04,27.04,224400
2025/2/6 11:15,27.04,27.06,27.04,27.06,145200
2025/2/6 11:16,27.05,27.08,27.05,27.08,231600
2025/2/6 11:17,27.08,27.09,27.06,27.07,47400
2025/2/6 11:18,27.07,27.09,27.07,27.08,58400
2025/2/6 11:19,27.08,27.08,27.06,27.08,63900
2025/2/6 11:20,27.08,27.09,27.07,27.07,47500
2025/2/6 11:21,27.06,27.07,27.03,27.03,56300
2025/2/6 11:22,27.03,27.04,27.02,27.02,73500
2025/2/6 11:23,27.03,27.05,27.02,27.04,77200
2025/2/6 11:24,27.03,27.04,27.02,27.03,76600
2025/2/6 11:25,27.02,27.02,26.99,27,332000
2025/2/6 11:26,26.99,27.01,26.99,27,47800
2025/2/6 11:27,27,27.02,26.98,26.98,105400
2025/2/6 11:28,26.98,27,26.98,27,190400
2025/2/6 11:29,27,27.05,26.99,27.01,237700
2025/2/6 11:30,27,27.02,27,27.01,24200
2025/2/6 13:01,27.01,27.02,26.98,27,499100
2025/2/6 13:02,27.01,27.02,26.99,27.02,123400
2025/2/6 13:03,27.01,27.03,27.01,27.03,38900
2025/2/6 13:04,27.02,27.03,27,27.02,127100
2025/2/6 13:05,27.01,27.04,27.01,27.04,50400
2025/2/6 13:06,27.04,27.04,27.02,27.03,55100
2025/2/6 13:07,27.03,27.03,27.01,27.01,80400
2025/2/6 13:08,27.01,27.04,27,27.03,316400
2025/2/6 13:09,27.02,27.04,27.01,27.03,55100
2025/2/6 13:10,27.02,27.03,26.98,26.98,189000
2025/2/6 13:11,26.99,27,26.98,26.99,150700
2025/2/6 13:12,26.98,27.01,26.98,27.01,79800
2025/2/6 13:13,27,27.03,27,27.02,79800
2025/2/6 13:14,27.02,27.04,27.01,27.02,110300
2025/2/6 13:15,27.01,27.02,27,27.01,42200
2025/2/6 13:16,27.01,27.02,27,27.02,81900
2025/2/6 13:17,27.02,27.03,27.01,27.03,104000
2025/2/6 13:18,27.02,27.03,27.01,27.03,248600
2025/2/6 13:19,27.03,27.04,27.02,27.03,175400
2025/2/6 13:20,27.03,27.03,27,27.02,202100
2025/2/6 13:21,27.03,27.03,27.01,27.01,76300
2025/2/6 13:22,27.01,27.03,27.01,27.03,149500
2025/2/6 13:23,27.03,27.04,27.02,27.03,99100
2025/2/6 13:24,27.02,27.04,27.02,27.02,52400
2025/2/6 13:25,27.03,27.03,27.01,27.02,297700
2025/2/6 13:26,27.03,27.05,27.02,27.05,102300
2025/2/6 13:27,27.05,27.06,27.04,27.06,91400
2025/2/6 13:28,27.06,27.06,27.04,27.05,45300
2025/2/6 13:29,27.05,27.06,27.04,27.05,33300
2025/2/6 13:30,27.05,27.05,27.02,27.03,95000
2025/2/6 13:31,27.02,27.03,27.01,27.03,87700
2025/2/6 13:32,27.02,27.03,27.01,27.02,44300
2025/2/6 13:33,27.02,27.03,27.01,27.02,78800
2025/2/6 13:34,27.01,27.02,27,27,130900
2025/2/6 13:35,27,27.01,26.98,26.99,253000
2025/2/6 13:36,26.99,27.02,26.99,27,108300
2025/2/6 13:37,27,27.02,26.99,27,23200
2025/2/6 13:38,27,27.01,27,27.01,32100
2025/2/6 13:39,27.01,27.01,27,27.01,30700
2025/2/6 13:40,27.01,27.01,26.99,26.99,75700
2025/2/6 13:41,27,27,26.99,27,82100
2025/2/6 13:42,27,27,26.99,27,104700
2025/2/6 13:43,27,27,26.99,26.99,130900
2025/2/6 13:44,26.99,26.99,26.98,26.98,66400
2025/2/6 13:45,26.99,27,26.98,26.99,69900
2025/2/6 13:46,26.99,26.99,26.98,26.99,134600
2025/2/6 13:47,26.99,26.99,26.98,26.99,69400
2025/2/6 13:48,26.99,26.99,26.97,26.97,368400
2025/2/6 13:49,26.98,26.98,26.97,26.98,59800
2025/2/6 13:50,26.98,26.98,26.96,26.97,108900
2025/2/6 13:51,26.97,26.98,26.96,26.98,160800
2025/2/6 13:52,26.97,26.99,26.96,26.96,122300
2025/2/6 13:53,26.98,26.99,26.96,26.98,219200
2025/2/6 13:54,26.98,26.99,26.96,26.98,52200
2025/2/6 13:55,26.98,26.99,26.95,26.95,201900
2025/2/6 13:56,26.96,26.98,26.95,26.98,214800
2025/2/6 13:57,26.98,26.98,26.97,26.98,116300
2025/2/6 13:58,26.98,26.98,26.95,26.95,255100
2025/2/6 13:59,26.98,26.98,26.95,26.96,154200
2025/2/6 14:00,26.96,26.98,26.95,26.97,114200
2025/2/6 14:01,26.98,26.99,26.96,26.99,103300
2025/2/6 14:02,26.98,27,26.98,27,95400
2025/2/6 14:03,27,27.02,26.99,27.02,147700
2025/2/6 14:04,27.02,27.02,26.99,27.01,176400
2025/2/6 14:05,27.01,27.02,27,27.01,145400
2025/2/6 14:06,27,27.01,27,27.01,70800
2025/2/6 14:07,27.01,27.01,27,27.01,86900
2025/2/6 14:08,27.01,27.03,27.01,27.02,124400
2025/2/6 14:09,27.03,27.04,27.02,27.04,119600
2025/2/6 14:10,27.04,27.05,27.03,27.04,136400
2025/2/6 14:11,27.03,27.04,27.02,27.02,57500
2025/2/6 14:12,27.02,27.03,27.01,27.03,84300
2025/2/6 14:13,27.02,27.03,27.01,27.01,65300
2025/2/6 14:14,27.02,27.02,27,27.01,50900
2025/2/6 14:15,27,27.01,27,27.01,89200
2025/2/6 14:16,27.01,27.01,26.99,27.01,258100
2025/2/6 14:17,27,27.01,26.98,26.99,175900
2025/2/6 14:18,26.99,27,26.98,26.98,125500
2025/2/6 14:19,26.98,26.99,26.98,26.99,59800
2025/2/6 14:20,26.99,26.99,26.98,26.98,79900
2025/2/6 14:21,26.98,26.99,26.97,26.97,48600
2025/2/6 14:22,26.98,26.98,26.97,26.97,78300
2025/2/6 14:23,26.98,26.98,26.97,26.98,99900
2025/2/6 14:24,26.98,26.98,26.97,26.97,58300
2025/2/6 14:25,26.98,26.98,26.96,26.97,192700
2025/2/6 14:26,26.97,26.98,26.97,26.98,90000
2025/2/6 14:27,26.97,26.99,26.97,26.99,171000
2025/2/6 14:28,26.99,26.99,26.98,26.99,103200
2025/2/6 14:29,26.99,26.99,26.98,26.99,97395
2025/2/6 14:30,26.99,27,26.98,26.99,86600
2025/2/6 14:31,27,27.01,26.99,27.01,160400
2025/2/6 14:32,27,27.01,27,27.01,73000
2025/2/6 14:33,27,27.04,27,27.04,250300
2025/2/6 14:34,27.04,27.05,27.03,27.05,152900
2025/2/6 14:35,27.04,27.06,27.04,27.05,214600
2025/2/6 14:36,27.05,27.07,27.05,27.07,189400
2025/2/6 14:37,27.07,27.07,27.04,27.05,148900
2025/2/6 14:38,27.05,27.07,27.04,27.05,140500
2025/2/6 14:39,27.06,27.07,27.05,27.07,131700
2025/2/6 14:40,27.06,27.06,27.04,27.05,125500
2025/2/6 14:41,27.06,27.06,27.04,27.04,101100
2025/2/6 14:42,27.05,27.05,27.03,27.04,114700
2025/2/6 14:43,27.04,27.05,27.02,27.04,136800
2025/2/6 14:44,27.03,27.05,27.03,27.03,167600
2025/2/6 14:45,27.04,27.05,27.03,27.04,120900
2025/2/6 14:46,27.04,27.05,27.03,27.04,198400
2025/2/6 14:47,27.04,27.05,27.03,27.05,162600
2025/2/6 14:48,27.05,27.06,27.04,27.06,218400
2025/2/6 14:49,27.05,27.06,27.04,27.05,224423
2025/2/6 14:50,27.06,27.06,27.05,27.06,94700
2025/2/6 14:51,27.05,27.06,27.04,27.05,136800
2025/2/6 14:52,27.05,27.05,27.04,27.05,103400
2025/2/6 14:53,27.05,27.06,27.04,27.05,212000
2025/2/6 14:54,27.05,27.06,27.03,27.04,305900
2025/2/6 14:55,27.04,27.05,27.03,27.05,144267
2025/2/6 14:56,27.04,27.05,27.04,27.04,154800
2025/2/6 14:57,27.04,27.06,27.04,27.05,162423
2025/2/6 15:00,27.05,27.05,27.05,27.05,420800
2025/2/7 9:31,27.07,27.13,26.92,26.92,1112100
2025/2/7 9:32,26.92,26.95,26.91,26.92,424100
2025/2/7 9:33,26.92,26.93,26.85,26.88,665900
2025/2/7 9:34,26.89,26.96,26.87,26.94,264000
2025/2/7 9:35,26.94,26.95,26.91,26.95,166300
2025/2/7 9:36,26.95,26.97,26.94,26.96,94800
2025/2/7 9:37,26.96,26.98,26.96,26.97,111500
2025/2/7 9:38,26.98,27.01,26.97,27.01,96500
2025/2/7 9:39,27.01,27.02,26.98,26.99,103400
2025/2/7 9:40,26.98,27.07,26.98,27.04,159500
2025/2/7 9:41,27.04,27.04,27,27.04,113600
2025/2/7 9:42,27.04,27.07,27.02,27.05,164200
2025/2/7 9:43,27.07,27.09,27.04,27.09,181467
2025/2/7 9:44,27.09,27.1,27.07,27.08,103000
2025/2/7 9:45,27.08,27.09,27.03,27.03,197533
2025/2/7 9:46,27.04,27.07,27.02,27.03,119600
2025/2/7 9:47,27.04,27.05,27.03,27.03,144900
2025/2/7 9:48,27.04,27.08,27.03,27.08,256767
2025/2/7 9:49,27.06,27.09,27.04,27.08,215600
2025/2/7 9:50,27.08,27.1,27.07,27.08,254000
2025/2/7 9:51,27.09,27.1,27.07,27.09,136900
2025/2/7 9:52,27.09,27.12,27.08,27.09,178900
2025/2/7 9:53,27.1,27.12,27.1,27.11,144000
2025/2/7 9:54,27.11,27.12,27.1,27.12,147000
2025/2/7 9:55,27.11,27.12,27.08,27.08,256700
2025/2/7 9:56,27.1,27.14,27.09,27.14,329400
2025/2/7 9:57,27.13,27.14,27.12,27.12,142900
2025/2/7 9:58,27.12,27.13,27.08,27.08,161529
2025/2/7 9:59,27.09,27.11,27.08,27.1,122900
2025/2/7 10:00,27.1,27.11,27.09,27.1,124600
2025/2/7 10:01,27.11,27.14,27.09,27.14,302900
2025/2/7 10:02,27.13,27.14,27.12,27.13,95500
2025/2/7 10:03,27.14,27.16,27.13,27.15,297400
2025/2/7 10:04,27.15,27.16,27.14,27.15,130000
2025/2/7 10:05,27.15,27.15,27.12,27.15,138200
2025/2/7 10:06,27.14,27.18,27.14,27.17,221700
2025/2/7 10:07,27.17,27.2,27.17,27.2,319300
2025/2/7 10:08,27.19,27.22,27.15,27.17,538400
2025/2/7 10:09,27.18,27.2,27.16,27.17,331400
2025/2/7 10:10,27.18,27.19,27.14,27.15,218800
2025/2/7 10:11,27.15,27.15,27.13,27.14,125400
2025/2/7 10:12,27.14,27.15,27.1,27.11,220500
2025/2/7 10:13,27.1,27.12,27.09,27.12,120200
2025/2/7 10:14,27.11,27.15,27.11,27.14,117600
2025/2/7 10:15,27.14,27.16,27.13,27.14,127900
2025/2/7 10:16,27.14,27.16,27.14,27.16,146800
2025/2/7 10:17,27.15,27.2,27.15,27.18,260400
2025/2/7 10:18,27.18,27.19,27.16,27.18,117100
2025/2/7 10:19,27.18,27.23,27.18,27.22,457800
2025/2/7 10:20,27.23,27.25,27.21,27.24,411800
2025/2/7 10:21,27.24,27.25,27.24,27.24,199000
2025/2/7 10:22,27.24,27.25,27.22,27.22,267600
2025/2/7 10:23,27.23,27.24,27.22,27.24,183542
2025/2/7 10:24,27.24,27.24,27.23,27.23,147856
2025/2/7 10:25,27.24,27.26,27.23,27.25,285259
2025/2/7 10:26,27.25,27.29,27.25,27.29,526500
2025/2/7 10:27,27.27,27.34,27.27,27.33,771200
2025/2/7 10:28,27.32,27.34,27.3,27.31,302400
2025/2/7 10:29,27.31,27.32,27.28,27.28,176100
2025/2/7 10:30,27.29,27.29,27.26,27.28,149200
2025/2/7 10:31,27.28,27.29,27.27,27.29,115000
2025/2/7 10:32,27.29,27.29,27.26,27.26,99700
2025/2/7 10:33,27.26,27.26,27.24,27.24,121700
2025/2/7 10:34,27.25,27.25,27.23,27.25,93100
2025/2/7 10:35,27.24,27.25,27.23,27.24,79100
2025/2/7 10:36,27.24,27.25,27.21,27.22,255700
2025/2/7 10:37,27.23,27.25,27.22,27.25,58600
2025/2/7 10:38,27.25,27.26,27.23,27.25,98100
2025/2/7 10:39,27.25,27.28,27.25,27.26,98800
2025/2/7 10:40,27.26,27.28,27.25,27.28,83300
2025/2/7 10:41,27.28,27.28,27.26,27.27,70300
2025/2/7 10:42,27.27,27.27,27.25,27.26,79800
2025/2/7 10:43,27.26,27.28,27.23,27.24,167800
2025/2/7 10:44,27.25,27.27,27.23,27.26,53900
2025/2/7 10:45,27.26,27.29,27.25,27.27,112500
2025/2/7 10:46,27.27,27.28,27.25,27.26,76200
2025/2/7 10:47,27.26,27.27,27.23,27.24,124600
2025/2/7 10:48,27.24,27.24,27.22,27.23,52100
2025/2/7 10:49,27.23,27.26,27.22,27.25,72400
2025/2/7 10:50,27.25,27.26,27.24,27.25,74900
2025/2/7 10:51,27.26,27.26,27.24,27.25,76400
2025/2/7 10:52,27.25,27.27,27.25,27.27,120200
2025/2/7 10:53,27.26,27.27,27.24,27.25,70500
2025/2/7 10:54,27.25,27.27,27.24,27.27,91700
2025/2/7 10:55,27.27,27.28,27.26,27.28,78100
2025/2/7 10:56,27.27,27.28,27.26,27.26,43900
2025/2/7 10:57,27.27,27.27,27.24,27.24,124300
2025/2/7 10:58,27.24,27.25,27.23,27.25,42200
2025/2/7 10:59,27.25,27.28,27.24,27.28,176900
2025/2/7 11:00,27.27,27.29,27.26,27.29,121600
2025/2/7 11:01,27.28,27.29,27.27,27.28,73700
2025/2/7 11:02,27.29,27.29,27.28,27.29,105200
2025/2/7 11:03,27.29,27.3,27.28,27.3,248525
2025/2/7 11:04,27.29,27.34,27.29,27.34,555600
2025/2/7 11:05,27.34,27.34,27.29,27.3,188300
2025/2/7 11:06,27.31,27.31,27.3,27.31,99800
2025/2/7 11:07,27.31,27.32,27.3,27.3,99000
2025/2/7 11:08,27.31,27.34,27.31,27.33,229200
2025/2/7 11:09,27.33,27.34,27.33,27.34,160200
2025/2/7 11:10,27.34,27.35,27.33,27.34,178600
2025/2/7 11:11,27.33,27.35,27.32,27.35,277200
2025/2/7 11:12,27.34,27.35,27.32,27.32,141800
2025/2/7 11:13,27.32,27.33,27.32,27.33,101400
2025/2/7 11:14,27.33,27.34,27.32,27.33,176200
2025/2/7 11:15,27.33,27.38,27.33,27.37,673790
2025/2/7 11:16,27.37,27.38,27.35,27.38,116600
2025/2/7 11:17,27.38,27.39,27.37,27.38,219700
2025/2/7 11:18,27.39,27.42,27.38,27.41,334300
2025/2/7 11:19,27.4,27.4,27.35,27.36,246600
2025/2/7 11:20,27.35,27.38,27.35,27.36,71500
2025/2/7 11:21,27.36,27.37,27.33,27.33,156900
2025/2/7 11:22,27.33,27.37,27.33,27.36,77400
2025/2/7 11:23,27.35,27.38,27.35,27.37,100100
2025/2/7 11:24,27.37,27.4,27.35,27.37,264200
2025/2/7 11:25,27.37,27.4,27.37,27.38,84700
2025/2/7 11:26,27.38,27.4,27.36,27.37,242000
2025/2/7 11:27,27.37,27.42,27.37,27.4,285000
2025/2/7 11:28,27.4,27.4,27.37,27.39,159600
2025/2/7 11:29,27.39,27.39,27.37,27.38,129200
2025/2/7 11:30,27.38,27.39,27.38,27.39,73300
2025/2/7 13:01,27.4,27.42,27.36,27.41,655500
2025/2/7 13:02,27.4,27.42,27.35,27.35,316200
2025/2/7 13:03,27.36,27.36,27.34,27.35,136400
2025/2/7 13:04,27.35,27.37,27.35,27.37,85300
2025/2/7 13:05,27.37,27.39,27.35,27.38,136037
2025/2/7 13:06,27.37,27.38,27.35,27.36,90200
2025/2/7 13:07,27.36,27.37,27.35,27.35,86341
2025/2/7 13:08,27.36,27.4,27.35,27.4,123913
2025/2/7 13:09,27.4,27.41,27.39,27.39,106200
2025/2/7 13:10,27.39,27.41,27.38,27.41,100400
2025/2/7 13:11,27.4,27.42,27.4,27.42,141400
2025/2/7 13:12,27.41,27.45,27.41,27.44,236400
2025/2/7 13:13,27.43,27.48,27.43,27.48,385600
2025/2/7 13:14,27.48,27.49,27.45,27.47,197500
2025/2/7 13:15,27.46,27.47,27.45,27.45,63500
2025/2/7 13:16,27.45,27.48,27.45,27.47,244200
2025/2/7 13:17,27.46,27.47,27.44,27.44,91600
2025/2/7 13:18,27.45,27.47,27.43,27.47,150500
2025/2/7 13:19,27.47,27.48,27.45,27.47,195000
2025/2/7 13:20,27.46,27.47,27.46,27.47,95400
2025/2/7 13:21,27.46,27.49,27.46,27.49,176500
2025/2/7 13:22,27.49,27.49,27.47,27.48,119100
2025/2/7 13:23,27.48,27.48,27.45,27.47,99700
2025/2/7 13:24,27.46,27.48,27.45,27.48,143300
2025/2/7 13:25,27.47,27.5,27.47,27.49,263200
2025/2/7 13:26,27.49,27.51,27.47,27.5,619700
2025/2/7 13:27,27.49,27.51,27.49,27.5,99700
2025/2/7 13:28,27.5,27.53,27.5,27.51,278300
2025/2/7 13:29,27.51,27.51,27.47,27.49,195200
2025/2/7 13:30,27.49,27.5,27.46,27.46,101500
2025/2/7 13:31,27.47,27.5,27.46,27.48,193400
2025/2/7 13:32,27.48,27.48,27.4,27.41,410800
2025/2/7 13:33,27.41,27.41,27.37,27.39,132800
2025/2/7 13:34,27.39,27.39,27.37,27.38,121600
2025/2/7 13:35,27.38,27.38,27.35,27.36,210100
2025/2/7 13:36,27.36,27.38,27.35,27.37,141200
2025/2/7 13:37,27.37,27.4,27.36,27.37,184300
2025/2/7 13:38,27.37,27.42,27.36,27.41,154153
2025/2/7 13:39,27.41,27.43,27.39,27.4,105700
2025/2/7 13:40,27.4,27.42,27.38,27.39,88800
2025/2/7 13:41,27.39,27.4,27.37,27.38,48400
2025/2/7 13:42,27.38,27.39,27.36,27.36,99500
2025/2/7 13:43,27.36,27.37,27.35,27.36,112500
2025/2/7 13:44,27.35,27.38,27.34,27.35,116200
2025/2/7 13:45,27.34,27.35,27.33,27.33,123000
2025/2/7 13:46,27.33,27.34,27.31,27.31,141100
2025/2/7 13:47,27.32,27.32,27.3,27.3,192900
2025/2/7 13:48,27.31,27.33,27.3,27.31,140600
2025/2/7 13:49,27.32,27.33,27.3,27.3,117500
2025/2/7 13:50,27.31,27.31,27.27,27.3,536500
2025/2/7 13:51,27.29,27.3,27.28,27.29,94300
2025/2/7 13:52,27.29,27.31,27.28,27.28,77500
2025/2/7 13:53,27.28,27.29,27.28,27.28,74200
2025/2/7 13:54,27.28,27.29,27.26,27.27,100800
2025/2/7 13:55,27.27,27.29,27.26,27.29,86900
2025/2/7 13:56,27.29,27.29,27.28,27.29,93800
2025/2/7 13:57,27.29,27.29,27.27,27.27,141900
2025/2/7 13:58,27.28,27.29,27.27,27.28,61800
2025/2/7 13:59,27.28,27.29,27.27,27.28,76182
2025/2/7 14:00,27.28,27.31,27.27,27.29,206300
2025/2/7 14:01,27.29,27.3,27.28,27.29,74400
2025/2/7 14:02,27.28,27.31,27.28,27.29,145300
2025/2/7 14:03,27.3,27.32,27.29,27.32,113900
2025/2/7 14:04,27.31,27.31,27.28,27.28,123600
2025/2/7 14:05,27.28,27.29,27.25,27.25,222118
2025/2/7 14:06,27.25,27.26,27.25,27.25,43600
2025/2/7 14:07,27.25,27.26,27.23,27.25,210600
2025/2/7 14:08,27.24,27.26,27.23,27.24,136300
2025/2/7 14:09,27.26,27.26,27.23,27.23,88100
2025/2/7 14:10,27.23,27.24,27.22,27.23,112000
2025/2/7 14:11,27.22,27.23,27.21,27.22,132600
2025/2/7 14:12,27.21,27.22,27.2,27.2,242600
2025/2/7 14:13,27.2,27.21,27.18,27.19,448500
2025/2/7 14:14,27.19,27.21,27.18,27.19,155100
2025/2/7 14:15,27.21,27.24,27.19,27.21,110700
2025/2/7 14:16,27.21,27.21,27.19,27.2,77200
2025/2/7 14:17,27.2,27.2,27.19,27.19,94900
2025/2/7 14:18,27.2,27.2,27.17,27.17,165900
2025/2/7 14:19,27.17,27.18,27.16,27.16,193299
2025/2/7 14:20,27.16,27.17,27.15,27.15,83501
2025/2/7 14:21,27.15,27.16,27.14,27.14,170100
2025/2/7 14:22,27.14,27.16,27.14,27.14,140400
2025/2/7 14:23,27.15,27.16,27.13,27.14,152500
2025/2/7 14:24,27.14,27.15,27.12,27.13,201700
2025/2/7 14:25,27.12,27.17,27.12,27.16,193900
2025/2/7 14:26,27.16,27.19,27.15,27.18,151600
2025/2/7 14:27,27.18,27.19,27.16,27.16,203900
2025/2/7 14:28,27.16,27.16,27.13,27.15,256000
2025/2/7 14:29,27.15,27.16,27.12,27.12,291600
2025/2/7 14:30,27.12,27.19,27.12,27.17,173400
2025/2/7 14:31,27.17,27.18,27.16,27.17,125100
2025/2/7 14:32,27.17,27.2,27.17,27.19,148950
2025/2/7 14:33,27.19,27.19,27.17,27.19,160500
2025/2/7 14:34,27.19,27.22,27.18,27.21,118800
2025/2/7 14:35,27.2,27.21,27.19,27.2,87600
2025/2/7 14:36,27.19,27.21,27.18,27.2,150500
2025/2/7 14:37,27.21,27.21,27.2,27.21,69700
2025/2/7 14:38,27.2,27.22,27.2,27.21,109200
2025/2/7 14:39,27.2,27.25,27.2,27.23,105000
2025/2/7 14:40,27.23,27.24,27.21,27.22,120600
2025/2/7 14:41,27.22,27.25,27.22,27.24,87600
2025/2/7 14:42,27.24,27.25,27.23,27.24,113400
2025/2/7 14:43,27.23,27.24,27.2,27.21,116900
2025/2/7 14:44,27.21,27.23,27.21,27.23,112200
2025/2/7 14:45,27.22,27.24,27.22,27.24,76100
2025/2/7 14:46,27.24,27.26,27.23,27.24,144137
2025/2/7 14:47,27.25,27.27,27.24,27.25,233493
2025/2/7 14:48,27.26,27.27,27.25,27.27,71200
2025/2/7 14:49,27.26,27.28,27.25,27.26,147100
2025/2/7 14:50,27.26,27.29,27.26,27.29,98900
2025/2/7 14:51,27.28,27.3,27.27,27.29,192800
2025/2/7 14:52,27.28,27.29,27.27,27.27,109100
2025/2/7 14:53,27.28,27.29,27.27,27.29,177400
2025/2/7 14:54,27.28,27.3,27.28,27.29,128900
2025/2/7 14:55,27.29,27.31,27.27,27.29,220700
2025/2/7 14:56,27.29,27.31,27.28,27.31,145700
2025/2/7 14:57,27.31,27.32,27.28,27.31,256800
2025/2/7 15:00,27.31,27.31,27.31,27.31,274615
2025/2/10 9:31,27.32,27.35,27.15,27.17,1198300
2025/2/10 9:32,27.17,27.22,27.09,27.11,505100
2025/2/10 9:33,27.12,27.18,27.07,27.14,534000
2025/2/10 9:34,27.14,27.14,27.08,27.09,639800
2025/2/10 9:35,27.1,27.11,27.07,27.08,669900
2025/2/10 9:36,27.09,27.1,27.06,27.07,612700
2025/2/10 9:37,27.09,27.11,27.07,27.1,423100
2025/2/10 9:38,27.1,27.11,27.05,27.05,654500
2025/2/10 9:39,27.06,27.07,27,27.01,1347700
2025/2/10 9:40,27,27.01,26.91,26.92,1373800
2025/2/10 9:41,26.91,26.92,26.86,26.88,1335000
2025/2/10 9:42,26.89,26.9,26.87,26.89,743300
2025/2/10 9:43,26.89,26.92,26.88,26.89,971000
2025/2/10 9:44,26.89,26.9,26.87,26.88,697700
2025/2/10 9:45,26.88,26.88,26.85,26.86,1229000
2025/2/10 9:46,26.86,26.88,26.85,26.86,580313
2025/2/10 9:47,26.87,26.93,26.86,26.93,503800
2025/2/10 9:48,26.92,26.93,26.9,26.91,299200
2025/2/10 9:49,26.91,26.92,26.88,26.89,573600
2025/2/10 9:50,26.88,26.91,26.88,26.91,237400
2025/2/10 9:51,26.91,26.91,26.88,26.89,426500
2025/2/10 9:52,26.89,26.9,26.88,26.89,249200
2025/2/10 9:53,26.89,26.9,26.89,26.9,196400
2025/2/10 9:54,26.89,26.9,26.89,26.9,212300
2025/2/10 9:55,26.9,26.9,26.88,26.9,244900
2025/2/10 9:56,26.9,26.9,26.88,26.9,396346
2025/2/10 9:57,26.9,26.95,26.89,26.93,375200
2025/2/10 9:58,26.93,26.97,26.93,26.96,406600
2025/2/10 9:59,26.95,26.99,26.95,26.98,250900
2025/2/10 10:00,26.98,27.02,26.98,27.02,235900
2025/2/10 10:01,27.01,27.02,26.97,26.98,342400
2025/2/10 10:02,26.98,27.01,26.98,27,334000
2025/2/10 10:03,27,27,26.98,26.99,152200
2025/2/10 10:04,26.99,27,26.95,26.96,384200
2025/2/10 10:05,26.97,26.97,26.95,26.96,184000
2025/2/10 10:06,26.96,26.98,26.95,26.97,458300
2025/2/10 10:07,26.98,26.99,26.97,26.99,144200
2025/2/10 10:08,26.99,26.99,26.91,26.92,496999
2025/2/10 10:09,26.92,26.92,26.9,26.91,426201
2025/2/10 10:10,26.91,26.93,26.9,26.92,412700
2025/2/10 10:11,26.92,26.98,26.91,26.95,231500
2025/2/10 10:12,26.94,26.95,26.92,26.92,152800
2025/2/10 10:13,26.92,26.93,26.91,26.91,172900
2025/2/10 10:14,26.91,26.94,26.91,26.93,220800
2025/2/10 10:15,26.94,26.95,26.93,26.94,117100
2025/2/10 10:16,26.95,26.95,26.93,26.94,154700
2025/2/10 10:17,26.94,26.95,26.93,26.93,338700
2025/2/10 10:18,26.93,26.93,26.91,26.92,222900
2025/2/10 10:19,26.91,26.92,26.91,26.91,111700
2025/2/10 10:20,26.91,26.92,26.91,26.92,96500
2025/2/10 10:21,26.92,26.92,26.91,26.92,96100
2025/2/10 10:22,26.91,26.93,26.91,26.93,159600
2025/2/10 10:23,26.93,26.93,26.92,26.93,134100
2025/2/10 10:24,26.93,26.95,26.92,26.95,205600
2025/2/10 10:25,26.94,26.99,26.94,26.98,113100
2025/2/10 10:26,26.99,27.01,26.98,27.01,194000
2025/2/10 10:27,27,27.01,26.99,26.99,129700
2025/2/10 10:28,27,27.04,26.98,27.04,381300
2025/2/10 10:29,27.04,27.05,27,27,93400
2025/2/10 10:30,27.01,27.02,27,27.01,114300
2025/2/10 10:31,27.01,27.02,27,27,98900
2025/2/10 10:32,27,27.01,26.97,26.98,118300
2025/2/10 10:33,26.98,26.99,26.97,26.97,98500
2025/2/10 10:34,26.97,26.98,26.91,26.91,616900
2025/2/10 10:35,26.92,26.92,26.91,26.92,176700
2025/2/10 10:36,26.91,26.93,26.91,26.91,119300
2025/2/10 10:37,26.92,26.92,26.91,26.91,123400
2025/2/10 10:38,26.91,26.93,26.91,26.93,109800
2025/2/10 10:39,26.93,26.93,26.92,26.92,127100
2025/2/10 10:40,26.93,26.94,26.92,26.93,203000
2025/2/10 10:41,26.93,26.94,26.92,26.92,117300
2025/2/10 10:42,26.93,26.93,26.91,26.92,209100
2025/2/10 10:43,26.91,26.93,26.9,26.91,338600
2025/2/10 10:44,26.92,26.92,26.91,26.92,50200
2025/2/10 10:45,26.92,26.95,26.91,26.94,150600
2025/2/10 10:46,26.95,26.95,26.93,26.93,66300
2025/2/10 10:47,26.93,26.94,26.93,26.93,63700
2025/2/10 10:48,26.93,26.95,26.93,26.95,117500
2025/2/10 10:49,26.94,26.95,26.94,26.95,105000
2025/2/10 10:50,26.95,26.95,26.94,26.94,72600
2025/2/10 10:51,26.94,26.95,26.93,26.93,182600
2025/2/10 10:52,26.93,26.96,26.93,26.95,240500
2025/2/10 10:53,26.95,26.96,26.95,26.95,51000
2025/2/10 10:54,26.95,26.97,26.95,26.96,125700
2025/2/10 10:55,26.96,26.98,26.96,26.97,80700
2025/2/10 10:56,26.98,26.99,26.97,26.98,90300
2025/2/10 10:57,26.98,26.99,26.97,26.99,78000
2025/2/10 10:58,26.99,27,26.98,26.98,70400
2025/2/10 10:59,26.98,26.99,26.98,26.99,85300
2025/2/10 11:00,26.98,26.99,26.98,26.98,74100
2025/2/10 11:01,26.99,26.99,26.97,26.97,80100
2025/2/10 11:02,26.98,26.98,26.96,26.96,62100
2025/2/10 11:03,26.96,26.97,26.95,26.95,83500
2025/2/10 11:04,26.95,26.97,26.95,26.96,125600
2025/2/10 11:05,26.96,26.97,26.96,26.97,89500
2025/2/10 11:06,26.97,27.01,26.96,27,198200
2025/2/10 11:07,27.01,27.01,26.99,26.99,85300
2025/2/10 11:08,27,27.03,26.99,27.03,208400
2025/2/10 11:09,27.03,27.04,27.02,27.03,119900
2025/2/10 11:10,27.03,27.04,27.01,27.01,62000
2025/2/10 11:11,27.02,27.02,27.01,27.01,62500
2025/2/10 11:12,27.02,27.02,27.01,27.01,71000
2025/2/10 11:13,27.02,27.02,27.01,27.02,66300
2025/2/10 11:14,27.02,27.02,27,27,133500
2025/2/10 11:15,27.01,27.01,27,27.01,109100
2025/2/10 11:16,27,27.02,26.99,27,189700
2025/2/10 11:17,27.01,27.02,27,27.01,95200
2025/2/10 11:18,27.01,27.01,27,27,98700
2025/2/10 11:19,27.01,27.02,27,27.01,103100
2025/2/10 11:20,27.01,27.02,27.01,27.02,103200
2025/2/10 11:21,27.01,27.02,27,27,165800
2025/2/10 11:22,27,27,26.98,26.99,102900
2025/2/10 11:23,26.99,27.02,26.99,27.02,212871
2025/2/10 11:24,27.01,27.02,27.01,27.02,68400
2025/2/10 11:25,27.02,27.03,27.01,27.02,104400
2025/2/10 11:26,27.02,27.03,27.02,27.02,52900
2025/2/10 11:27,27.02,27.07,27.02,27.06,235400
2025/2/10 11:28,27.06,27.11,27.06,27.11,257600
2025/2/10 11:29,27.11,27.12,27.09,27.12,205800
2025/2/10 11:30,27.11,27.13,27.09,27.1,115400
2025/2/10 13:01,27.09,27.13,27.05,27.1,530900
2025/2/10 13:02,27.1,27.15,27.1,27.15,241900
2025/2/10 13:03,27.14,27.19,27.14,27.18,371215
2025/2/10 13:04,27.19,27.25,27.18,27.24,441600
2025/2/10 13:05,27.23,27.27,27.23,27.25,312300
2025/2/10 13:06,27.26,27.26,27.24,27.24,198600
2025/2/10 13:07,27.25,27.25,27.2,27.24,252300
2025/2/10 13:08,27.24,27.25,27.23,27.23,171700
2025/2/10 13:09,27.24,27.24,27.2,27.2,229700
2025/2/10 13:10,27.21,27.24,27.2,27.21,216900
2025/2/10 13:11,27.21,27.21,27.17,27.18,175800
2025/2/10 13:12,27.18,27.18,27.15,27.16,180000
2025/2/10 13:13,27.17,27.18,27.14,27.14,184400
2025/2/10 13:14,27.15,27.16,27.13,27.15,216700
2025/2/10 13:15,27.16,27.18,27.16,27.16,194400
2025/2/10 13:16,27.16,27.19,27.16,27.16,114716
2025/2/10 13:17,27.16,27.17,27.13,27.13,160084
2025/2/10 13:18,27.13,27.14,27.12,27.13,142600
2025/2/10 13:19,27.13,27.17,27.13,27.16,134400
2025/2/10 13:20,27.17,27.17,27.15,27.15,92800
2025/2/10 13:21,27.15,27.17,27.15,27.16,163900
2025/2/10 13:22,27.17,27.21,27.17,27.2,174000
2025/2/10 13:23,27.21,27.22,27.19,27.2,222100
2025/2/10 13:24,27.19,27.2,27.18,27.18,103100
2025/2/10 13:25,27.18,27.19,27.16,27.16,165700
2025/2/10 13:26,27.16,27.18,27.15,27.16,115600
2025/2/10 13:27,27.16,27.17,27.14,27.14,106800
2025/2/10 13:28,27.14,27.16,27.13,27.14,237600
2025/2/10 13:29,27.14,27.15,27.13,27.15,139600
2025/2/10 13:30,27.15,27.19,27.14,27.17,270400
2025/2/10 13:31,27.17,27.18,27.17,27.17,85400
2025/2/10 13:32,27.17,27.18,27.17,27.17,80600
2025/2/10 13:33,27.17,27.18,27.17,27.17,96600
2025/2/10 13:34,27.17,27.19,27.17,27.19,274900
2025/2/10 13:35,27.2,27.2,27.19,27.2,201300
2025/2/10 13:36,27.2,27.21,27.19,27.21,160600
2025/2/10 13:37,27.2,27.22,27.2,27.2,162600
2025/2/10 13:38,27.2,27.21,27.2,27.21,150800
2025/2/10 13:39,27.2,27.21,27.2,27.2,140700
2025/2/10 13:40,27.2,27.21,27.17,27.17,211600
2025/2/10 13:41,27.17,27.18,27.17,27.17,103100
2025/2/10 13:42,27.17,27.2,27.17,27.2,187100
2025/2/10 13:43,27.2,27.2,27.19,27.19,100900
2025/2/10 13:44,27.19,27.21,27.19,27.21,215200
2025/2/10 13:45,27.2,27.22,27.2,27.22,129100
2025/2/10 13:46,27.21,27.22,27.21,27.22,72400
2025/2/10 13:47,27.22,27.22,27.21,27.22,154700
2025/2/10 13:48,27.22,27.22,27.21,27.21,152800
2025/2/10 13:49,27.21,27.22,27.19,27.2,170600
2025/2/10 13:50,27.2,27.2,27.18,27.18,309200
2025/2/10 13:51,27.19,27.19,27.16,27.17,143300
2025/2/10 13:52,27.17,27.18,27.17,27.17,131831
2025/2/10 13:53,27.18,27.2,27.17,27.2,420000
2025/2/10 13:54,27.2,27.21,27.19,27.2,146100
2025/2/10 13:55,27.21,27.21,27.2,27.2,65000
2025/2/10 13:56,27.21,27.22,27.2,27.22,198700
2025/2/10 13:57,27.22,27.23,27.2,27.21,169300
2025/2/10 13:58,27.2,27.21,27.2,27.2,56200
2025/2/10 13:59,27.21,27.21,27.2,27.21,83500
2025/2/10 14:00,27.21,27.21,27.16,27.16,290600
2025/2/10 14:01,27.17,27.17,27.15,27.17,135000
2025/2/10 14:02,27.17,27.17,27.15,27.15,110100
2025/2/10 14:03,27.16,27.16,27.12,27.14,301704
2025/2/10 14:04,27.15,27.16,27.14,27.15,128700
2025/2/10 14:05,27.16,27.18,27.15,27.18,87200
2025/2/10 14:06,27.18,27.18,27.17,27.18,76400
2025/2/10 14:07,27.18,27.18,27.12,27.14,240500
2025/2/10 14:08,27.15,27.16,27.14,27.16,192700
2025/2/10 14:09,27.16,27.16,27.15,27.16,107700
2025/2/10 14:10,27.16,27.16,27.15,27.16,74000
2025/2/10 14:11,27.16,27.16,27.15,27.15,99000
2025/2/10 14:12,27.16,27.16,27.15,27.15,125700
2025/2/10 14:13,27.16,27.16,27.13,27.13,205700
2025/2/10 14:14,27.15,27.15,27.12,27.12,105400
2025/2/10 14:15,27.13,27.14,27.12,27.14,139600
2025/2/10 14:16,27.13,27.15,27.12,27.14,150000
2025/2/10 14:17,27.14,27.15,27.14,27.15,93200
2025/2/10 14:18,27.14,27.15,27.14,27.14,109900
2025/2/10 14:19,27.14,27.15,27.14,27.15,117500
2025/2/10 14:20,27.14,27.16,27.14,27.16,140800
2025/2/10 14:21,27.15,27.16,27.15,27.15,166900
2025/2/10 14:22,27.15,27.16,27.15,27.15,147500
2025/2/10 14:23,27.15,27.17,27.15,27.15,364300
2025/2/10 14:24,27.15,27.17,27.15,27.15,166816
2025/2/10 14:25,27.15,27.16,27.12,27.13,277084
2025/2/10 14:26,27.13,27.15,27.12,27.14,209900
2025/2/10 14:27,27.15,27.16,27.14,27.14,158300
2025/2/10 14:28,27.15,27.16,27.14,27.15,151400
2025/2/10 14:29,27.15,27.16,27.14,27.14,164300
2025/2/10 14:30,27.15,27.15,27.14,27.14,172300
2025/2/10 14:31,27.14,27.15,27.13,27.13,121400
2025/2/10 14:32,27.13,27.14,27.1,27.1,378600
2025/2/10 14:33,27.1,27.11,27.05,27.09,502900
2025/2/10 14:34,27.09,27.1,27.07,27.09,333100
2025/2/10 14:35,27.09,27.11,27.07,27.11,293600
2025/2/10 14:36,27.11,27.11,27.1,27.11,136800
2025/2/10 14:37,27.11,27.12,27.1,27.11,270800
2025/2/10 14:38,27.11,27.12,27.1,27.1,215800
2025/2/10 14:39,27.1,27.11,27.08,27.1,536000
2025/2/10 14:40,27.1,27.12,27.08,27.11,380000
2025/2/10 14:41,27.11,27.11,27.09,27.11,209200
2025/2/10 14:42,27.1,27.11,27.09,27.09,120200
2025/2/10 14:43,27.1,27.11,27.09,27.1,161700
2025/2/10 14:44,27.1,27.11,27.1,27.1,264700
2025/2/10 14:45,27.1,27.11,27.07,27.09,637100
2025/2/10 14:46,27.1,27.11,27.09,27.09,177899
2025/2/10 14:47,27.1,27.11,27.09,27.1,181029
2025/2/10 14:48,27.1,27.11,27.1,27.1,79100
2025/2/10 14:49,27.1,27.11,27.1,27.1,147600
2025/2/10 14:50,27.11,27.13,27.1,27.12,438400
2025/2/10 14:51,27.12,27.14,27.12,27.13,205013
2025/2/10 14:52,27.13,27.14,27.11,27.12,205200
2025/2/10 14:53,27.12,27.12,27.1,27.12,282636
2025/2/10 14:54,27.1,27.12,27.1,27.11,165500
2025/2/10 14:55,27.11,27.12,27.1,27.11,179600
2025/2/10 14:56,27.12,27.13,27.1,27.13,394800
2025/2/10 14:57,27.13,27.14,27.12,27.13,126400
2025/2/10 15:00,27.13,27.13,27.13,27.13,595896
2025/2/11 9:31,27.15,27.21,27.12,27.18,1316100
2025/2/11 9:32,27.19,27.2,27.11,27.11,419800
2025/2/11 9:33,27.11,27.14,27.05,27.05,459200
2025/2/11 9:34,27.05,27.07,27,27.02,448500
2025/2/11 9:35,27.02,27.05,27.01,27.03,240800
2025/2/11 9:36,27.04,27.13,27.03,27.13,319300
2025/2/11 9:37,27.13,27.15,27.11,27.12,311000
2025/2/11 9:38,27.13,27.15,27.1,27.12,582000
2025/2/11 9:39,27.12,27.16,27.12,27.14,295300
2025/2/11 9:40,27.13,27.16,27.11,27.12,347700
2025/2/11 9:41,27.13,27.13,27.02,27.03,519600
2025/2/11 9:42,27.04,27.15,27.04,27.13,466600
2025/2/11 9:43,27.13,27.13,27.1,27.1,148100
2025/2/11 9:44,27.11,27.11,27.05,27.07,306000
2025/2/11 9:45,27.08,27.09,27.05,27.06,105000
2025/2/11 9:46,27.05,27.06,27.03,27.03,256200
2025/2/11 9:47,27.03,27.04,27,27,402900
2025/2/11 9:48,27.01,27.01,26.98,27.01,487000
2025/2/11 9:49,27.01,27.01,26.95,26.98,458400
2025/2/11 9:50,26.97,27.02,26.96,27.01,300000
2025/2/11 9:51,27.01,27.01,26.99,26.99,128900
2025/2/11 9:52,26.99,26.99,26.95,26.97,480300
2025/2/11 9:53,26.97,26.98,26.95,26.96,204600
2025/2/11 9:54,26.97,26.98,26.95,26.98,200100
2025/2/11 9:55,26.97,26.98,26.92,26.93,434200
2025/2/11 9:56,26.93,26.94,26.92,26.93,156100
2025/2/11 9:57,26.93,26.94,26.92,26.93,331300
2025/2/11 9:58,26.94,26.94,26.91,26.91,303000
2025/2/11 9:59,26.91,26.92,26.91,26.92,312600
2025/2/11 10:00,26.91,26.92,26.88,26.89,986500
2025/2/11 10:01,26.89,26.92,26.88,26.92,190000
2025/2/11 10:02,26.92,26.92,26.91,26.92,313200
2025/2/11 10:03,26.92,26.92,26.9,26.91,263300
2025/2/11 10:04,26.92,26.94,26.91,26.94,229200
2025/2/11 10:05,26.94,26.96,26.93,26.96,107900
2025/2/11 10:06,26.97,26.97,26.95,26.96,103500
2025/2/11 10:07,26.96,26.98,26.96,26.97,165200
2025/2/11 10:08,26.96,26.97,26.95,26.96,86000
2025/2/11 10:09,26.95,26.96,26.95,26.95,54600
2025/2/11 10:10,26.96,26.96,26.93,26.95,114394
2025/2/11 10:11,26.95,26.96,26.94,26.95,153900
2025/2/11 10:12,26.95,26.96,26.92,26.93,148700
2025/2/11 10:13,26.93,26.94,26.92,26.92,159200
2025/2/11 10:14,26.93,26.93,26.92,26.92,55300
2025/2/11 10:15,26.93,26.94,26.92,26.93,127300
2025/2/11 10:16,26.93,26.94,26.93,26.93,62000
2025/2/11 10:17,26.94,26.95,26.93,26.95,124000
2025/2/11 10:18,26.94,26.95,26.93,26.93,150900
2025/2/11 10:19,26.94,26.94,26.93,26.93,53100
2025/2/11 10:20,26.94,26.94,26.92,26.93,120800
2025/2/11 10:21,26.93,26.93,26.91,26.91,198700
2025/2/11 10:22,26.92,26.94,26.91,26.93,256700
2025/2/11 10:23,26.93,26.96,26.93,26.95,139100
2025/2/11 10:24,26.96,26.97,26.95,26.97,112500
2025/2/11 10:25,26.96,26.97,26.96,26.96,51400
2025/2/11 10:26,26.97,26.97,26.96,26.96,29400
2025/2/11 10:27,26.97,26.97,26.96,26.97,52200
2025/2/11 10:28,26.97,26.97,26.96,26.97,112100
2025/2/11 10:29,26.97,26.99,26.96,26.98,211500
2025/2/11 10:30,26.97,26.98,26.96,26.98,120300
2025/2/11 10:31,26.97,26.99,26.97,26.98,99100
2025/2/11 10:32,26.99,26.99,26.96,26.96,93400
2025/2/11 10:33,26.96,26.97,26.96,26.97,96700
2025/2/11 10:34,26.97,26.98,26.96,26.97,137800
2025/2/11 10:35,26.97,26.97,26.95,26.96,19400
2025/2/11 10:36,26.95,26.98,26.95,26.98,161900
2025/2/11 10:37,26.98,26.98,26.97,26.98,41900
2025/2/11 10:38,26.98,26.99,26.97,26.99,189100
2025/2/11 10:39,26.99,26.99,26.98,26.99,60800
2025/2/11 10:40,26.98,26.99,26.96,26.97,143800
2025/2/11 10:41,26.96,26.96,26.92,26.93,180900
2025/2/11 10:42,26.93,26.94,26.92,26.93,113000
2025/2/11 10:43,26.94,26.98,26.94,26.97,148500
2025/2/11 10:44,26.98,26.98,26.97,26.97,62600
2025/2/11 10:45,26.98,26.98,26.96,26.97,84400
2025/2/11 10:46,26.96,26.97,26.94,26.94,69700
2025/2/11 10:47,26.94,26.95,26.94,26.94,48200
2025/2/11 10:48,26.94,26.98,26.94,26.98,201300
2025/2/11 10:49,26.98,26.98,26.97,26.98,40500
2025/2/11 10:50,26.97,26.98,26.97,26.98,50100
2025/2/11 10:51,26.98,26.99,26.97,26.98,226500
2025/2/11 10:52,26.98,26.98,26.97,26.98,80000
2025/2/11 10:53,26.97,26.99,26.97,26.99,100500
2025/2/11 10:54,26.98,26.99,26.97,26.97,40300
2025/2/11 10:55,26.97,26.98,26.97,26.97,57900
2025/2/11 10:56,26.97,26.98,26.97,26.98,40700
2025/2/11 10:57,26.97,26.97,26.96,26.96,38400
2025/2/11 10:58,26.97,26.97,26.95,26.96,84300
2025/2/11 10:59,26.95,26.96,26.92,26.93,145500
2025/2/11 11:00,26.93,26.93,26.92,26.92,149100
2025/2/11 11:01,26.92,26.92,26.91,26.91,156800
2025/2/11 11:02,26.91,26.92,26.91,26.91,231400
2025/2/11 11:03,26.91,26.92,26.91,26.92,316700
2025/2/11 11:04,26.92,26.92,26.9,26.9,177100
2025/2/11 11:05,26.9,26.91,26.9,26.91,72800
2025/2/11 11:06,26.91,26.91,26.9,26.91,91900
2025/2/11 11:07,26.9,26.92,26.9,26.91,52800
2025/2/11 11:08,26.92,26.95,26.92,26.95,75000
2025/2/11 11:09,26.95,26.95,26.93,26.94,65000
2025/2/11 11:10,26.94,26.95,26.93,26.95,54700
2025/2/11 11:11,26.94,26.95,26.93,26.94,39700
2025/2/11 11:12,26.94,26.94,26.91,26.92,105100
2025/2/11 11:13,26.91,26.93,26.91,26.92,122400
2025/2/11 11:14,26.93,26.95,26.92,26.92,86200
2025/2/11 11:15,26.92,26.94,26.92,26.94,45200
2025/2/11 11:16,26.93,26.95,26.93,26.94,34000
2025/2/11 11:17,26.94,26.95,26.93,26.93,62200
2025/2/11 11:18,26.94,26.95,26.92,26.94,49600
2025/2/11 11:19,26.93,26.95,26.93,26.95,81100
2025/2/11 11:20,26.94,26.95,26.94,26.94,22500
2025/2/11 11:21,26.94,26.95,26.93,26.94,39300
2025/2/11 11:22,26.94,26.95,26.94,26.95,49200
2025/2/11 11:23,26.95,26.96,26.95,26.96,49300
2025/2/11 11:24,26.96,26.96,26.95,26.96,61500
2025/2/11 11:25,26.95,26.98,26.95,26.97,296900
2025/2/11 11:26,26.97,26.97,26.96,26.97,47700
2025/2/11 11:27,26.97,26.97,26.95,26.96,80900
2025/2/11 11:28,26.95,26.97,26.95,26.97,70000
2025/2/11 11:29,26.97,26.97,26.96,26.96,25000
2025/2/11 11:30,26.96,26.97,26.96,26.96,93600
2025/2/11 13:01,26.97,26.98,26.93,26.93,688529
2025/2/11 13:02,26.94,26.95,26.92,26.92,83900
2025/2/11 13:03,26.93,26.94,26.92,26.93,115200
2025/2/11 13:04,26.93,26.94,26.93,26.93,25800
2025/2/11 13:05,26.93,26.94,26.93,26.94,45600
2025/2/11 13:06,26.94,26.94,26.93,26.94,47100
2025/2/11 13:07,26.93,26.94,26.92,26.94,175800
2025/2/11 13:08,26.94,26.95,26.93,26.94,98000
2025/2/11 13:09,26.94,26.95,26.93,26.94,71400
2025/2/11 13:10,26.93,26.94,26.93,26.93,75500
2025/2/11 13:11,26.93,26.94,26.93,26.93,142600
2025/2/11 13:12,26.94,26.94,26.93,26.93,114200
2025/2/11 13:13,26.93,26.94,26.93,26.94,60500
2025/2/11 13:14,26.94,26.94,26.93,26.93,98900
2025/2/11 13:15,26.94,26.94,26.92,26.93,134600
2025/2/11 13:16,26.93,26.94,26.92,26.94,149700
2025/2/11 13:17,26.93,26.95,26.93,26.94,233400
2025/2/11 13:18,26.95,26.95,26.93,26.93,77000
2025/2/11 13:19,26.93,26.94,26.93,26.93,79300
2025/2/11 13:20,26.94,26.94,26.93,26.93,63100
2025/2/11 13:21,26.93,26.94,26.92,26.93,93000
2025/2/11 13:22,26.93,26.93,26.92,26.93,129300
2025/2/11 13:23,26.93,26.94,26.92,26.93,80400
2025/2/11 13:24,26.94,26.94,26.92,26.93,125300
2025/2/11 13:25,26.94,26.94,26.93,26.93,59000
2025/2/11 13:26,26.93,26.94,26.92,26.93,157800
2025/2/11 13:27,26.93,26.93,26.92,26.93,25100
2025/2/11 13:28,26.92,26.93,26.92,26.92,91400
2025/2/11 13:29,26.93,26.93,26.92,26.92,63000
2025/2/11 13:30,26.92,26.93,26.92,26.93,72800
2025/2/11 13:31,26.92,26.93,26.92,26.92,69800
2025/2/11 13:32,26.93,26.93,26.92,26.92,209900
2025/2/11 13:33,26.92,26.93,26.92,26.92,67100
2025/2/11 13:34,26.93,26.93,26.92,26.92,68000
2025/2/11 13:35,26.93,26.94,26.92,26.94,146700
2025/2/11 13:36,26.93,26.94,26.93,26.93,53500
2025/2/11 13:37,26.94,26.95,26.93,26.95,104300
2025/2/11 13:38,26.95,26.95,26.93,26.94,86000
2025/2/11 13:39,26.94,26.95,26.93,26.94,56900
2025/2/11 13:40,26.93,26.94,26.93,26.93,33400
2025/2/11 13:41,26.93,26.94,26.92,26.93,151200
2025/2/11 13:42,26.94,26.94,26.92,26.92,80300
2025/2/11 13:43,26.93,26.93,26.92,26.92,98900
2025/2/11 13:44,26.93,26.93,26.92,26.92,200300
2025/2/11 13:45,26.92,26.92,26.91,26.92,135700
2025/2/11 13:46,26.92,26.92,26.91,26.91,76900
2025/2/11 13:47,26.91,26.92,26.91,26.91,151300
2025/2/11 13:48,26.92,26.92,26.91,26.92,109900
2025/2/11 13:49,26.91,26.92,26.91,26.92,146100
2025/2/11 13:50,26.92,26.92,26.91,26.92,77800
2025/2/11 13:51,26.91,26.92,26.91,26.92,96600
2025/2/11 13:52,26.92,26.93,26.91,26.93,254200
2025/2/11 13:53,26.92,26.94,26.92,26.94,130900
2025/2/11 13:54,26.94,26.94,26.93,26.93,50000
2025/2/11 13:55,26.94,26.95,26.93,26.95,100400
2025/2/11 13:56,26.95,26.97,26.95,26.96,97600
2025/2/11 13:57,26.96,26.97,26.95,26.96,60300
2025/2/11 13:58,26.97,26.97,26.95,26.96,55700
2025/2/11 13:59,26.96,26.96,26.94,26.95,73800
2025/2/11 14:00,26.94,26.96,26.94,26.96,152400
2025/2/11 14:01,26.95,26.97,26.95,26.96,118300
2025/2/11 14:02,26.97,26.97,26.95,26.96,113100
2025/2/11 14:03,26.95,26.95,26.93,26.93,47200
2025/2/11 14:04,26.93,26.94,26.93,26.94,65400
2025/2/11 14:05,26.94,26.94,26.92,26.93,53200
2025/2/11 14:06,26.92,26.93,26.91,26.93,172000
2025/2/11 14:07,26.93,26.94,26.92,26.94,53000
2025/2/11 14:08,26.94,26.95,26.93,26.94,72700
2025/2/11 14:09,26.95,26.95,26.94,26.95,29400
2025/2/11 14:10,26.95,26.95,26.94,26.94,63800
2025/2/11 14:11,26.94,26.95,26.93,26.94,99800
2025/2/11 14:12,26.94,26.94,26.93,26.94,27700
2025/2/11 14:13,26.94,26.96,26.93,26.96,253600
2025/2/11 14:14,26.96,26.97,26.95,26.97,80100
2025/2/11 14:15,26.96,26.98,26.96,26.98,86800
2025/2/11 14:16,26.97,26.98,26.97,26.98,61600
2025/2/11 14:17,26.97,26.98,26.96,26.96,108600
2025/2/11 14:18,26.97,26.97,26.94,26.96,168900
2025/2/11 14:19,26.96,26.96,26.95,26.95,46900
2025/2/11 14:20,26.96,26.97,26.95,26.97,106500
2025/2/11 14:21,26.96,26.97,26.96,26.96,93600
2025/2/11 14:22,26.96,26.97,26.95,26.95,81300
2025/2/11 14:23,26.95,26.97,26.95,26.96,88000
2025/2/11 14:24,26.97,26.97,26.96,26.96,60200
2025/2/11 14:25,26.97,26.98,26.96,26.98,199500
2025/2/11 14:26,26.97,26.98,26.97,26.97,78700
2025/2/11 14:27,26.97,26.98,26.96,26.96,79900
2025/2/11 14:28,26.96,26.96,26.94,26.94,118200
2025/2/11 14:29,26.95,26.97,26.94,26.96,170300
2025/2/11 14:30,26.96,26.96,26.95,26.96,33600
2025/2/11 14:31,26.96,26.96,26.95,26.95,68800
2025/2/11 14:32,26.96,26.96,26.95,26.96,63300
2025/2/11 14:33,26.96,26.96,26.95,26.95,51800
2025/2/11 14:34,26.95,26.96,26.94,26.95,142300
2025/2/11 14:35,26.94,26.95,26.93,26.93,120500
2025/2/11 14:36,26.94,26.94,26.93,26.93,148200
2025/2/11 14:37,26.93,26.94,26.92,26.92,89400
2025/2/11 14:38,26.92,26.93,26.91,26.91,197700
2025/2/11 14:39,26.91,26.92,26.91,26.92,206300
2025/2/11 14:40,26.92,26.92,26.91,26.92,83500
2025/2/11 14:41,26.91,26.92,26.91,26.91,146650
2025/2/11 14:42,26.91,26.92,26.91,26.91,104900
2025/2/11 14:43,26.91,26.92,26.91,26.92,201200
2025/2/11 14:44,26.92,26.93,26.91,26.93,380100
2025/2/11 14:45,26.93,26.93,26.92,26.93,146400
2025/2/11 14:46,26.93,26.93,26.92,26.93,166200
2025/2/11 14:47,26.93,26.93,26.92,26.93,71200
2025/2/11 14:48,26.93,26.93,26.92,26.93,67300
2025/2/11 14:49,26.93,26.93,26.92,26.92,135000
2025/2/11 14:50,26.92,26.93,26.92,26.92,161700
2025/2/11 14:51,26.92,26.93,26.92,26.93,312400
2025/2/11 14:52,26.93,26.94,26.92,26.93,124100
2025/2/11 14:53,26.94,26.94,26.93,26.94,80600
2025/2/11 14:54,26.94,26.94,26.93,26.94,134900
2025/2/11 14:55,26.93,26.94,26.93,26.94,86100
2025/2/11 14:56,26.93,26.95,26.93,26.95,167100
2025/2/11 14:57,26.95,26.95,26.93,26.95,118700
2025/2/11 15:00,26.95,26.95,26.95,26.95,294300
2025/2/12 9:31,26.89,26.92,26.85,26.9,890100
2025/2/12 9:32,26.9,26.94,26.87,26.89,312700
2025/2/12 9:33,26.89,26.97,26.87,26.97,341000
2025/2/12 9:34,26.96,26.98,26.92,26.97,212200
2025/2/12 9:35,26.97,26.98,26.92,26.94,244300
2025/2/12 9:36,26.94,26.95,26.91,26.92,94500
2025/2/12 9:37,26.92,26.93,26.89,26.91,223800
2025/2/12 9:38,26.92,26.93,26.89,26.89,269400
2025/2/12 9:39,26.89,26.9,26.82,26.83,1010000
2025/2/12 9:40,26.84,26.87,26.82,26.87,125300
2025/2/12 9:41,26.87,26.87,26.83,26.85,158100
2025/2/12 9:42,26.85,26.86,26.84,26.86,165600
2025/2/12 9:43,26.85,26.86,26.84,26.86,179200
2025/2/12 9:44,26.86,26.88,26.84,26.87,157400
2025/2/12 9:45,26.87,26.87,26.86,26.87,109600
2025/2/12 9:46,26.87,26.87,26.85,26.85,185500
2025/2/12 9:47,26.85,26.86,26.84,26.85,188200
2025/2/12 9:48,26.85,26.87,26.84,26.86,151000
2025/2/12 9:49,26.87,26.87,26.85,26.87,114500
2025/2/12 9:50,26.87,26.87,26.85,26.85,135300
2025/2/12 9:51,26.85,26.86,26.85,26.86,109700
2025/2/12 9:52,26.86,26.87,26.85,26.87,95000
2025/2/12 9:53,26.87,26.88,26.86,26.87,155400
2025/2/12 9:54,26.87,26.88,26.86,26.88,60400
2025/2/12 9:55,26.88,26.9,26.87,26.88,131600
2025/2/12 9:56,26.89,26.9,26.87,26.9,58200
2025/2/12 9:57,26.9,26.9,26.89,26.9,58200
2025/2/12 9:58,26.89,26.91,26.89,26.91,75100
2025/2/12 9:59,26.9,26.93,26.9,26.93,112800
2025/2/12 10:00,26.93,26.95,26.92,26.94,170900
2025/2/12 10:01,26.96,26.99,26.96,26.99,180501
2025/2/12 10:02,26.99,26.99,26.97,26.97,252900
2025/2/12 10:03,26.97,27,26.96,26.98,311200
2025/2/12 10:04,26.98,27,26.97,26.99,130100
2025/2/12 10:05,26.98,27.01,26.98,27.01,147300
2025/2/12 10:06,27.01,27.05,27.01,27.05,277900
2025/2/12 10:07,27.05,27.05,27,27,390100
2025/2/12 10:08,27.01,27.02,27,27.02,202100
2025/2/12 10:09,27.02,27.02,27,27,84700
2025/2/12 10:10,27,27.01,26.98,26.99,162000
2025/2/12 10:11,26.98,27.02,26.98,27.01,221300
2025/2/12 10:12,27.01,27.01,27,27.01,93600
2025/2/12 10:13,27,27.01,26.98,27,217600
2025/2/12 10:14,27.01,27.01,26.98,26.98,76900
2025/2/12 10:15,26.98,27,26.98,26.99,67300
2025/2/12 10:16,26.99,27,26.98,26.99,62100
2025/2/12 10:17,27,27.01,26.99,27,67900
2025/2/12 10:18,27,27.01,26.98,26.98,126500
2025/2/12 10:19,26.98,26.98,26.96,26.97,42000
2025/2/12 10:20,26.97,26.97,26.96,26.96,56900
2025/2/12 10:21,26.97,26.97,26.95,26.96,58000
2025/2/12 10:22,26.96,26.98,26.95,26.98,87200
2025/2/12 10:23,26.97,26.99,26.97,26.98,44300
2025/2/12 10:24,26.97,26.98,26.96,26.96,69200
2025/2/12 10:25,26.96,26.97,26.95,26.96,52000
2025/2/12 10:26,26.95,26.97,26.95,26.97,69900
2025/2/12 10:27,26.97,26.98,26.96,26.98,63800
2025/2/12 10:28,26.97,26.98,26.96,26.98,46900
2025/2/12 10:29,26.97,26.98,26.97,26.97,50400
2025/2/12 10:30,26.97,26.98,26.97,26.98,36100
2025/2/12 10:31,26.98,26.98,26.96,26.97,85400
2025/2/12 10:32,26.96,26.97,26.95,26.96,82300
2025/2/12 10:33,26.95,26.95,26.92,26.93,183500
2025/2/12 10:34,26.94,26.94,26.92,26.94,37300
2025/2/12 10:35,26.94,26.94,26.93,26.94,21700
2025/2/12 10:36,26.94,26.95,26.93,26.94,53800
2025/2/12 10:37,26.93,26.94,26.92,26.93,56400
2025/2/12 10:38,26.93,26.93,26.91,26.92,69900
2025/2/12 10:39,26.92,26.93,26.92,26.93,63500
2025/2/12 10:40,26.93,26.94,26.93,26.94,25500
2025/2/12 10:41,26.94,26.94,26.93,26.94,39600
2025/2/12 10:42,26.94,26.95,26.93,26.95,31100
2025/2/12 10:43,26.95,26.96,26.94,26.96,44400
2025/2/12 10:44,26.96,26.98,26.95,26.98,113500
2025/2/12 10:45,26.98,26.98,26.96,26.97,33200
2025/2/12 10:46,26.97,26.98,26.97,26.97,37400
2025/2/12 10:47,26.97,26.99,26.97,26.98,63500
2025/2/12 10:48,26.97,26.99,26.97,26.98,28300
2025/2/12 10:49,26.99,26.99,26.98,26.99,37300
2025/2/12 10:50,26.99,26.99,26.98,26.99,25600
2025/2/12 10:51,26.98,26.99,26.98,26.98,47400
2025/2/12 10:52,26.98,26.99,26.97,26.97,51000
2025/2/12 10:53,26.98,26.98,26.97,26.97,28700
2025/2/12 10:54,26.98,26.99,26.97,26.98,53100
2025/2/12 10:55,26.98,26.99,26.97,26.98,43300
2025/2/12 10:56,26.98,26.98,26.97,26.98,43200
2025/2/12 10:57,26.98,26.99,26.97,26.98,57300
2025/2/12 10:58,26.98,26.99,26.97,26.98,23300
2025/2/12 10:59,26.97,26.98,26.97,26.97,53600
2025/2/12 11:00,26.98,26.98,26.97,26.97,47700
2025/2/12 11:01,26.98,26.98,26.96,26.98,59700
2025/2/12 11:02,26.97,26.98,26.96,26.97,43100
2025/2/12 11:03,26.97,26.97,26.95,26.95,59000
2025/2/12 11:04,26.95,26.96,26.95,26.96,28300
2025/2/12 11:05,26.96,26.96,26.95,26.96,29600
2025/2/12 11:06,26.95,26.98,26.95,26.98,106000
2025/2/12 11:07,26.98,27,26.98,27,87600
2025/2/12 11:08,27,27.03,26.99,27.03,287800
2025/2/12 11:09,27.03,27.04,27.02,27.03,158400
2025/2/12 11:10,27.03,27.03,27.01,27.01,71300
2025/2/12 11:11,27.02,27.02,27,27.01,109500
2025/2/12 11:12,27.01,27.02,26.99,27,108200
2025/2/12 11:13,27,27.01,26.99,26.99,112300
2025/2/12 11:14,27,27,26.98,26.99,63000
2025/2/12 11:15,26.99,27.01,26.99,27.01,145600
2025/2/12 11:16,27,27.05,27,27.04,455400
2025/2/12 11:17,27.02,27.04,27.02,27.03,127900
2025/2/12 11:18,27.03,27.03,27.02,27.02,36600
2025/2/12 11:19,27.02,27.03,27.01,27.01,36000
2025/2/12 11:20,27.01,27.02,27,27.01,52700
2025/2/12 11:21,27.01,27.02,27,27,34400
2025/2/12 11:22,27,27.01,26.99,26.99,65400
2025/2/12 11:23,26.99,27,26.99,26.99,69500
2025/2/12 11:24,26.98,26.99,26.98,26.99,50400
2025/2/12 11:25,26.99,26.99,26.97,26.99,56700
2025/2/12 11:26,26.99,27,26.98,26.99,92900
2025/2/12 11:27,26.99,27,26.99,26.99,23700
2025/2/12 11:28,26.99,27,26.97,26.98,84000
2025/2/12 11:29,26.97,26.98,26.96,26.97,82600
2025/2/12 11:30,26.97,26.98,26.96,26.98,37400
2025/2/12 13:01,26.98,26.98,26.95,26.95,289000
2025/2/12 13:02,26.95,26.97,26.95,26.96,43000
2025/2/12 13:03,26.97,26.98,26.96,26.98,85000
2025/2/12 13:04,26.98,26.98,26.96,26.97,64000
2025/2/12 13:05,26.98,26.98,26.97,26.97,30600
2025/2/12 13:06,26.97,26.99,26.97,26.99,116100
2025/2/12 13:07,26.99,27,26.98,26.99,45500
2025/2/12 13:08,26.99,27,26.99,27,41400
2025/2/12 13:09,26.99,27,26.98,26.99,65600
2025/2/12 13:10,26.98,26.99,26.97,26.98,78000
2025/2/12 13:11,26.97,26.98,26.95,26.95,73300
2025/2/12 13:12,26.95,26.97,26.95,26.96,84600
2025/2/12 13:13,26.97,26.97,26.95,26.96,56700
2025/2/12 13:14,26.96,26.97,26.95,26.96,33700
2025/2/12 13:15,26.96,26.96,26.95,26.95,25300
2025/2/12 13:16,26.95,26.97,26.95,26.96,80200
2025/2/12 13:17,26.97,26.97,26.95,26.96,53400
2025/2/12 13:18,26.97,26.98,26.96,26.98,64200
2025/2/12 13:19,26.98,26.98,26.96,26.97,122800
2025/2/12 13:20,26.97,26.99,26.97,26.98,62300
2025/2/12 13:21,26.98,27,26.98,26.99,124300
2025/2/12 13:22,26.99,27.03,26.99,27.01,499100
2025/2/12 13:23,27.01,27.02,26.99,27,110200
2025/2/12 13:24,26.99,27,26.98,26.98,143000
2025/2/12 13:25,26.98,26.99,26.97,26.99,41600
2025/2/12 13:26,26.99,26.99,26.98,26.99,60000
2025/2/12 13:27,26.99,26.99,26.96,26.97,67700
2025/2/12 13:28,26.97,27.01,26.96,26.99,191700
2025/2/12 13:29,27,27.02,26.99,27,107700
2025/2/12 13:30,27,27.02,26.99,26.99,83400
2025/2/12 13:31,27,27.01,26.98,26.98,106600
2025/2/12 13:32,26.98,26.99,26.97,26.98,165600
2025/2/12 13:33,26.97,26.98,26.96,26.96,152400
2025/2/12 13:34,26.96,26.97,26.94,26.95,142800
2025/2/12 13:35,26.94,26.96,26.94,26.95,140900
2025/2/12 13:36,26.95,26.96,26.93,26.94,124300
2025/2/12 13:37,26.94,26.95,26.93,26.93,103700
2025/2/12 13:38,26.94,26.96,26.93,26.94,195900
2025/2/12 13:39,26.94,26.95,26.93,26.93,111400
2025/2/12 13:40,26.94,26.95,26.93,26.94,28500
2025/2/12 13:41,26.94,26.95,26.92,26.94,169000
2025/2/12 13:42,26.93,26.96,26.92,26.96,81100
2025/2/12 13:43,26.96,26.97,26.95,26.96,46100
2025/2/12 13:44,26.96,26.97,26.95,26.96,46700
2025/2/12 13:45,26.96,26.96,26.94,26.95,87800
2025/2/12 13:46,26.94,26.97,26.93,26.95,96900
2025/2/12 13:47,26.95,26.96,26.94,26.94,43300
2025/2/12 13:48,26.94,26.96,26.94,26.94,53600
2025/2/12 13:49,26.95,26.96,26.94,26.94,39800
2025/2/12 13:50,26.95,26.96,26.94,26.96,16700
2025/2/12 13:51,26.95,26.96,26.95,26.95,22500
2025/2/12 13:52,26.95,26.96,26.95,26.95,39700
2025/2/12 13:53,26.95,26.96,26.94,26.95,45200
2025/2/12 13:54,26.94,26.95,26.94,26.95,32500
2025/2/12 13:55,26.94,26.96,26.94,26.95,37200
2025/2/12 13:56,26.95,26.96,26.95,26.95,25500
2025/2/12 13:57,26.95,26.96,26.95,26.96,35500
2025/2/12 13:58,26.95,26.96,26.95,26.95,43500
2025/2/12 13:59,26.95,26.96,26.94,26.94,62200
2025/2/12 14:00,26.94,26.95,26.94,26.95,22600
2025/2/12 14:01,26.94,26.96,26.94,26.96,111800
2025/2/12 14:02,26.95,26.96,26.94,26.95,37900
2025/2/12 14:03,26.96,26.96,26.95,26.95,59500
2025/2/12 14:04,26.96,26.96,26.95,26.96,29600
2025/2/12 14:05,26.96,26.96,26.95,26.96,65800
2025/2/12 14:06,26.96,26.98,26.95,26.97,118900
2025/2/12 14:07,26.98,26.98,26.96,26.96,78500
2025/2/12 14:08,26.97,26.97,26.95,26.96,32400
2025/2/12 14:09,26.95,26.96,26.95,26.96,55600
2025/2/12 14:10,26.96,26.97,26.95,26.97,53700
2025/2/12 14:11,26.97,26.97,26.96,26.97,31500
2025/2/12 14:12,26.97,26.97,26.94,26.95,225200
2025/2/12 14:13,26.95,26.95,26.92,26.95,267200
2025/2/12 14:14,26.95,26.95,26.9,26.95,263300
2025/2/12 14:15,26.93,26.95,26.9,26.95,202100
2025/2/12 14:16,26.95,26.95,26.94,26.95,28600
2025/2/12 14:17,26.95,26.95,26.9,26.93,404717
2025/2/12 14:18,26.93,26.94,26.92,26.93,88500
2025/2/12 14:19,26.93,26.97,26.93,26.96,369600
2025/2/12 14:20,26.96,26.96,26.94,26.95,83200
2025/2/12 14:21,26.94,26.98,26.94,26.97,718492
2025/2/12 14:22,26.98,26.98,26.96,26.98,109000
2025/2/12 14:23,26.98,26.99,26.97,26.99,92500
2025/2/12 14:24,26.99,27,26.98,26.99,89200
2025/2/12 14:25,27,27.01,26.98,27.01,181100
2025/2/12 14:26,27,27.01,27,27,109400
2025/2/12 14:27,27,27.01,26.98,26.99,147300
2025/2/12 14:28,26.99,27.01,26.97,26.98,263300
2025/2/12 14:29,26.98,27.01,26.97,27,135600
2025/2/12 14:30,27,27.01,27,27.01,93700
2025/2/12 14:31,27,27.01,26.99,27,111200
2025/2/12 14:32,27,27.01,26.99,27,43300
2025/2/12 14:33,26.99,27,26.98,26.98,52300
2025/2/12 14:34,26.99,27,26.98,26.99,136100
2025/2/12 14:35,27,27,26.98,26.98,100300
2025/2/12 14:36,26.99,26.99,26.98,26.99,66500
2025/2/12 14:37,26.99,27,26.98,26.98,193600
2025/2/12 14:38,26.98,27.01,26.98,27.01,254100
2025/2/12 14:39,27,27.03,27,27.02,244900
2025/2/12 14:40,27.02,27.03,27.02,27.03,92500
2025/2/12 14:41,27.02,27.05,27.01,27.04,469700
2025/2/12 14:42,27.04,27.05,27.02,27.05,184000
2025/2/12 14:43,27.04,27.07,27.02,27.07,540500
2025/2/12 14:44,27.06,27.1,27.04,27.06,544100
2025/2/12 14:45,27.06,27.12,27.06,27.12,602599
2025/2/12 14:46,27.12,27.19,27.11,27.18,852294
2025/2/12 14:47,27.18,27.19,27.14,27.16,527700
2025/2/12 14:48,27.16,27.2,27.15,27.19,778800
2025/2/12 14:49,27.19,27.19,27.15,27.16,262900
2025/2/12 14:50,27.16,27.17,27.14,27.15,232515
2025/2/12 14:51,27.15,27.16,27.12,27.13,192400
2025/2/12 14:52,27.13,27.14,27.1,27.1,230300
2025/2/12 14:53,27.1,27.14,27.09,27.14,368900
2025/2/12 14:54,27.13,27.15,27.13,27.15,250600
2025/2/12 14:55,27.15,27.17,27.14,27.14,335000
2025/2/12 14:56,27.14,27.15,27.13,27.15,264100
2025/2/12 14:57,27.15,27.16,27.14,27.14,243750
2025/2/12 15:00,27.14,27.14,27.14,27.14,511497
2025/2/13 9:31,27.14,27.22,27.08,27.11,2011200
2025/2/13 9:32,27.11,27.25,27.11,27.23,1328800
2025/2/13 9:33,27.23,27.25,27.18,27.23,671717
2025/2/13 9:34,27.23,27.25,27.21,27.24,614100
2025/2/13 9:35,27.23,27.29,27.22,27.28,886800
2025/2/13 9:36,27.28,27.3,27.24,27.26,503200
2025/2/13 9:37,27.26,27.26,27.16,27.16,390200
2025/2/13 9:38,27.16,27.18,27.13,27.14,324700
2025/2/13 9:39,27.13,27.18,27.13,27.15,246600
2025/2/13 9:40,27.16,27.2,27.14,27.14,254300
2025/2/13 9:41,27.15,27.2,27.14,27.17,214400
2025/2/13 9:42,27.17,27.21,27.16,27.19,225600
2025/2/13 9:43,27.19,27.24,27.18,27.22,381000
2025/2/13 9:44,27.22,27.25,27.21,27.22,286300
2025/2/13 9:45,27.22,27.26,27.21,27.23,598800
2025/2/13 9:46,27.23,27.29,27.23,27.29,701000
2025/2/13 9:47,27.3,27.32,27.25,27.26,879700
2025/2/13 9:48,27.26,27.29,27.22,27.23,331900
2025/2/13 9:49,27.23,27.23,27.18,27.2,286900
2025/2/13 9:50,27.19,27.2,27.13,27.15,410200
2025/2/13 9:51,27.15,27.17,27.14,27.17,224600
2025/2/13 9:52,27.17,27.21,27.16,27.2,178300
2025/2/13 9:53,27.2,27.22,27.19,27.21,231800
2025/2/13 9:54,27.21,27.26,27.2,27.25,219800
2025/2/13 9:55,27.26,27.32,27.25,27.3,668500
2025/2/13 9:56,27.3,27.38,27.29,27.37,1084900
2025/2/13 9:57,27.36,27.37,27.32,27.35,355100
2025/2/13 9:58,27.35,27.35,27.33,27.34,318400
2025/2/13 9:59,27.34,27.35,27.3,27.31,302100
2025/2/13 10:00,27.3,27.37,27.29,27.36,579700
2025/2/13 10:01,27.36,27.41,27.35,27.4,670400
2025/2/13 10:02,27.41,27.44,27.4,27.44,491900
2025/2/13 10:03,27.43,27.48,27.43,27.47,582000
2025/2/13 10:04,27.46,27.47,27.43,27.44,540100
2025/2/13 10:05,27.44,27.48,27.43,27.48,645600
2025/2/13 10:06,27.47,27.49,27.47,27.47,360200
2025/2/13 10:07,27.48,27.49,27.47,27.48,519000
2025/2/13 10:08,27.48,27.48,27.41,27.45,351600
2025/2/13 10:09,27.42,27.45,27.37,27.37,358900
2025/2/13 10:10,27.38,27.38,27.35,27.37,189100
2025/2/13 10:11,27.36,27.46,27.36,27.41,218200
2025/2/13 10:12,27.43,27.46,27.41,27.43,475100
2025/2/13 10:13,27.43,27.46,27.39,27.39,383100
2025/2/13 10:14,27.4,27.4,27.33,27.34,303100
2025/2/13 10:15,27.34,27.35,27.31,27.32,155500
2025/2/13 10:16,27.32,27.38,27.32,27.35,317700
2025/2/13 10:17,27.35,27.37,27.34,27.36,135390
2025/2/13 10:18,27.36,27.38,27.36,27.38,113800
2025/2/13 10:19,27.39,27.44,27.39,27.42,235600
2025/2/13 10:20,27.43,27.43,27.4,27.4,123700
2025/2/13 10:21,27.41,27.42,27.39,27.4,152400
2025/2/13 10:22,27.39,27.44,27.39,27.43,285500
2025/2/13 10:23,27.43,27.45,27.43,27.45,216700
2025/2/13 10:24,27.45,27.46,27.43,27.44,172000
2025/2/13 10:25,27.44,27.45,27.43,27.44,190900
2025/2/13 10:26,27.43,27.47,27.43,27.47,353400
2025/2/13 10:27,27.47,27.5,27.44,27.47,1003900
2025/2/13 10:28,27.47,27.47,27.44,27.46,256400
2025/2/13 10:29,27.46,27.52,27.46,27.51,705072
2025/2/13 10:30,27.51,27.52,27.47,27.48,473528
2025/2/13 10:31,27.48,27.48,27.44,27.44,339500
2025/2/13 10:32,27.44,27.45,27.42,27.42,198900
2025/2/13 10:33,27.43,27.44,27.41,27.42,151600
2025/2/13 10:34,27.41,27.42,27.37,27.38,221647
2025/2/13 10:35,27.39,27.4,27.37,27.38,238000
2025/2/13 10:36,27.38,27.39,27.37,27.38,114300
2025/2/13 10:37,27.38,27.39,27.36,27.37,354500
2025/2/13 10:38,27.37,27.37,27.35,27.37,175700
2025/2/13 10:39,27.37,27.38,27.36,27.37,95400
2025/2/13 10:40,27.36,27.37,27.35,27.36,358600
2025/2/13 10:41,27.36,27.37,27.34,27.34,141200
2025/2/13 10:42,27.34,27.36,27.33,27.35,232110
2025/2/13 10:43,27.35,27.39,27.35,27.39,111396
2025/2/13 10:44,27.39,27.41,27.39,27.4,75400
2025/2/13 10:45,27.41,27.41,27.39,27.4,126000
2025/2/13 10:46,27.4,27.4,27.36,27.36,258000
2025/2/13 10:47,27.36,27.37,27.35,27.37,83500
2025/2/13 10:48,27.36,27.37,27.33,27.34,210700
2025/2/13 10:49,27.34,27.35,27.33,27.35,61300
2025/2/13 10:50,27.35,27.36,27.34,27.36,109600
2025/2/13 10:51,27.36,27.37,27.35,27.37,182700
2025/2/13 10:52,27.36,27.39,27.36,27.38,117600
2025/2/13 10:53,27.38,27.39,27.37,27.39,58000
2025/2/13 10:54,27.39,27.39,27.37,27.38,77100
2025/2/13 10:55,27.37,27.38,27.34,27.35,250700
2025/2/13 10:56,27.35,27.36,27.34,27.35,73500
2025/2/13 10:57,27.34,27.36,27.34,27.36,82800
2025/2/13 10:58,27.35,27.36,27.34,27.35,82400
2025/2/13 10:59,27.34,27.35,27.31,27.31,384500
2025/2/13 11:00,27.31,27.4,27.31,27.34,386000
2025/2/13 11:01,27.34,27.36,27.33,27.34,97900
2025/2/13 11:02,27.34,27.34,27.33,27.34,51000
2025/2/13 11:03,27.34,27.35,27.33,27.33,150400
2025/2/13 11:04,27.33,27.33,27.3,27.32,218600
2025/2/13 11:05,27.31,27.33,27.31,27.32,109300
2025/2/13 11:06,27.32,27.32,27.3,27.3,82100
2025/2/13 11:07,27.31,27.32,27.3,27.31,84600
2025/2/13 11:08,27.32,27.33,27.31,27.33,65300
2025/2/13 11:09,27.33,27.35,27.32,27.35,55200
2025/2/13 11:10,27.35,27.35,27.33,27.35,88700
2025/2/13 11:11,27.35,27.36,27.34,27.36,56800
2025/2/13 11:12,27.36,27.37,27.35,27.37,115900
2025/2/13 11:13,27.36,27.38,27.36,27.38,72100
2025/2/13 11:14,27.38,27.38,27.36,27.38,69100
2025/2/13 11:15,27.37,27.38,27.36,27.37,85600
2025/2/13 11:16,27.37,27.38,27.37,27.38,85600
2025/2/13 11:17,27.37,27.39,27.37,27.38,97600
2025/2/13 11:18,27.39,27.39,27.37,27.39,121600
2025/2/13 11:19,27.39,27.4,27.38,27.4,58900
2025/2/13 11:20,27.4,27.41,27.39,27.41,107500
2025/2/13 11:21,27.41,27.42,27.4,27.42,138500
2025/2/13 11:22,27.43,27.45,27.42,27.42,117500
2025/2/13 11:23,27.42,27.43,27.41,27.42,83300
2025/2/13 11:24,27.41,27.41,27.36,27.38,129400
2025/2/13 11:25,27.39,27.4,27.36,27.4,71400
2025/2/13 11:26,27.38,27.4,27.37,27.37,102900
2025/2/13 11:27,27.39,27.4,27.36,27.38,80100
2025/2/13 11:28,27.38,27.4,27.36,27.36,148500
2025/2/13 11:29,27.36,27.39,27.35,27.36,92100
2025/2/13 11:30,27.35,27.36,27.32,27.36,219300
2025/2/13 13:01,27.36,27.41,27.33,27.41,358100
2025/2/13 13:02,27.41,27.43,27.39,27.41,159800
2025/2/13 13:03,27.42,27.43,27.36,27.39,154700
2025/2/13 13:04,27.39,27.41,27.36,27.39,80200
2025/2/13 13:05,27.4,27.44,27.38,27.43,123900
2025/2/13 13:06,27.44,27.47,27.43,27.46,216800
2025/2/13 13:07,27.47,27.49,27.46,27.48,246200
2025/2/13 13:08,27.48,27.5,27.47,27.48,254200
2025/2/13 13:09,27.49,27.5,27.48,27.48,241600
2025/2/13 13:10,27.49,27.54,27.48,27.53,578500
2025/2/13 13:11,27.54,27.56,27.53,27.56,413500
2025/2/13 13:12,27.56,27.58,27.52,27.52,428900
2025/2/13 13:13,27.53,27.54,27.52,27.54,125800
2025/2/13 13:14,27.54,27.54,27.52,27.52,121700
2025/2/13 13:15,27.53,27.55,27.52,27.54,161300
2025/2/13 13:16,27.55,27.56,27.54,27.55,211900
2025/2/13 13:17,27.55,27.55,27.53,27.54,180200
2025/2/13 13:18,27.54,27.55,27.51,27.52,188700
2025/2/13 13:19,27.53,27.53,27.51,27.52,101100
2025/2/13 13:20,27.52,27.54,27.51,27.52,118600
2025/2/13 13:21,27.53,27.54,27.51,27.51,104400
2025/2/13 13:22,27.52,27.52,27.5,27.51,175700
2025/2/13 13:23,27.51,27.52,27.5,27.51,97700
2025/2/13 13:24,27.51,27.52,27.5,27.51,94600
2025/2/13 13:25,27.52,27.52,27.51,27.52,83300
2025/2/13 13:26,27.52,27.54,27.51,27.53,112300
2025/2/13 13:27,27.54,27.54,27.5,27.51,274100
2025/2/13 13:28,27.52,27.53,27.51,27.53,136100
2025/2/13 13:29,27.52,27.53,27.51,27.53,85000
2025/2/13 13:30,27.53,27.54,27.5,27.51,189500
2025/2/13 13:31,27.52,27.53,27.51,27.52,63800
2025/2/13 13:32,27.52,27.53,27.5,27.51,115700
2025/2/13 13:33,27.52,27.52,27.5,27.51,81700
2025/2/13 13:34,27.51,27.54,27.51,27.54,189600
2025/2/13 13:35,27.54,27.55,27.5,27.51,268600
2025/2/13 13:36,27.52,27.53,27.5,27.51,156400
2025/2/13 13:37,27.53,27.55,27.51,27.55,233600
2025/2/13 13:38,27.55,27.57,27.54,27.57,362100
2025/2/13 13:39,27.57,27.63,27.56,27.62,1152500
2025/2/13 13:40,27.62,27.64,27.61,27.63,328200
2025/2/13 13:41,27.64,27.68,27.64,27.68,672200
2025/2/13 13:42,27.68,27.69,27.66,27.68,329900
2025/2/13 13:43,27.68,27.68,27.67,27.67,310800
2025/2/13 13:44,27.68,27.68,27.63,27.63,297700
2025/2/13 13:45,27.64,27.67,27.62,27.66,240000
2025/2/13 13:46,27.67,27.68,27.65,27.65,319700
2025/2/13 13:47,27.67,27.69,27.66,27.69,366000
2025/2/13 13:48,27.69,27.72,27.68,27.7,583600
2025/2/13 13:49,27.7,27.72,27.68,27.71,264900
2025/2/13 13:50,27.71,27.72,27.68,27.69,277800
2025/2/13 13:51,27.7,27.71,27.68,27.71,171100
2025/2/13 13:52,27.71,27.72,27.7,27.72,170800
2025/2/13 13:53,27.72,27.73,27.71,27.72,420300
2025/2/13 13:54,27.73,27.73,27.69,27.7,354200
2025/2/13 13:55,27.7,27.7,27.65,27.65,277400
2025/2/13 13:56,27.66,27.68,27.65,27.67,146500
2025/2/13 13:57,27.68,27.7,27.66,27.7,214716
2025/2/13 13:58,27.7,27.7,27.69,27.69,158200
2025/2/13 13:59,27.7,27.72,27.69,27.72,584200
2025/2/13 14:00,27.72,27.72,27.71,27.71,220800
2025/2/13 14:01,27.72,27.72,27.71,27.72,175900
2025/2/13 14:02,27.72,27.73,27.71,27.72,290900
2025/2/13 14:03,27.73,27.74,27.72,27.73,245400
2025/2/13 14:04,27.74,27.74,27.72,27.74,270300
2025/2/13 14:05,27.74,27.74,27.72,27.73,210700
2025/2/13 14:06,27.73,27.75,27.72,27.75,288100
2025/2/13 14:07,27.75,27.75,27.73,27.74,217900
2025/2/13 14:08,27.74,27.75,27.73,27.73,138700
2025/2/13 14:09,27.74,27.75,27.73,27.75,195000
2025/2/13 14:10,27.75,27.75,27.74,27.74,212000
2025/2/13 14:11,27.75,27.76,27.74,27.76,385600
2025/2/13 14:12,27.76,27.77,27.75,27.76,354300
2025/2/13 14:13,27.76,27.78,27.76,27.78,321400
2025/2/13 14:14,27.78,27.78,27.76,27.76,236100
2025/2/13 14:15,27.77,27.77,27.73,27.74,314000
2025/2/13 14:16,27.75,27.76,27.73,27.75,115800
2025/2/13 14:17,27.76,27.76,27.72,27.72,238100
2025/2/13 14:18,27.73,27.73,27.69,27.69,182300
2025/2/13 14:19,27.7,27.72,27.68,27.71,151400
2025/2/13 14:20,27.72,27.72,27.65,27.67,260900
2025/2/13 14:21,27.66,27.67,27.63,27.65,224400
2025/2/13 14:22,27.65,27.66,27.62,27.63,217200
2025/2/13 14:23,27.64,27.65,27.63,27.64,122000
2025/2/13 14:24,27.65,27.65,27.63,27.63,112300
2025/2/13 14:25,27.64,27.64,27.6,27.6,266100
2025/2/13 14:26,27.61,27.63,27.6,27.62,82100
2025/2/13 14:27,27.63,27.63,27.6,27.61,210600
2025/2/13 14:28,27.61,27.61,27.6,27.61,99100
2025/2/13 14:29,27.61,27.61,27.6,27.61,93600
2025/2/13 14:30,27.61,27.61,27.56,27.56,250800
2025/2/13 14:31,27.57,27.57,27.55,27.56,306000
2025/2/13 14:32,27.56,27.56,27.54,27.55,208500
2025/2/13 14:33,27.55,27.55,27.52,27.54,340600
2025/2/13 14:34,27.54,27.54,27.51,27.51,187000
2025/2/13 14:35,27.52,27.54,27.51,27.54,221200
2025/2/13 14:36,27.54,27.58,27.53,27.57,292300
2025/2/13 14:37,27.57,27.61,27.56,27.57,224400
2025/2/13 14:38,27.57,27.58,27.55,27.55,265500
2025/2/13 14:39,27.56,27.56,27.53,27.54,240600
2025/2/13 14:40,27.55,27.56,27.53,27.55,228200
2025/2/13 14:41,27.55,27.56,27.53,27.53,234800
2025/2/13 14:42,27.54,27.55,27.5,27.5,434500
2025/2/13 14:43,27.51,27.52,27.48,27.5,495300
2025/2/13 14:44,27.5,27.5,27.47,27.47,188400
2025/2/13 14:45,27.48,27.48,27.46,27.46,201200
2025/2/13 14:46,27.47,27.49,27.46,27.49,275117
2025/2/13 14:47,27.49,27.53,27.48,27.52,239900
2025/2/13 14:48,27.52,27.53,27.46,27.47,248183
2025/2/13 14:49,27.47,27.47,27.45,27.46,199000
2025/2/13 14:50,27.46,27.49,27.46,27.46,310232
2025/2/13 14:51,27.48,27.49,27.46,27.48,176400
2025/2/13 14:52,27.48,27.48,27.46,27.48,341200
2025/2/13 14:53,27.47,27.48,27.46,27.48,376400
2025/2/13 14:54,27.48,27.49,27.47,27.49,312400
2025/2/13 14:55,27.49,27.5,27.47,27.47,267200
2025/2/13 14:56,27.47,27.49,27.47,27.48,243500
2025/2/13 14:57,27.47,27.5,27.46,27.48,317630
2025/2/13 15:00,27.5,27.5,27.5,27.5,371700
2025/2/14 9:31,,,,,1169900
2025/2/14 9:32,,,,,426462
2025/2/14 9:33,,,,,1025700
2025/2/14 9:34,,,,,436100
2025/2/14 9:35,,,,,250952
2025/2/14 9:36,,,,,216348
2025/2/14 9:37,,,,,183600
2025/2/14 9:38,,,,,246100
2025/2/14 9:39,,,,,259500
2025/2/14 9:40,,,,,188800
2025/2/14 9:41,,,,,245900
2025/2/14 9:42,,,,,207800
2025/2/14 9:43,,,,,116500
2025/2/14 9:44,,,,,177400
2025/2/14 9:45,,,,,155400
2025/2/14 9:46,,,,,101400
2025/2/14 9:47,,,,,162903
2025/2/14 9:48,,,,,213100
2025/2/14 9:49,,,,,225097
2025/2/14 9:50,,,,,194600
2025/2/14 9:51,,,,,203400
2025/2/14 9:52,,,,,150600
2025/2/14 9:53,,,,,411700
2025/2/14 9:54,,,,,180500
2025/2/14 9:55,,,,,217700
2025/2/14 9:56,,,,,167600
2025/2/14 9:57,,,,,320400
2025/2/14 9:58,,,,,202200
2025/2/14 9:59,,,,,187500
2025/2/14 10:00,,,,,136500
2025/2/14 10:01,,,,,115600
2025/2/14 10:02,,,,,138300
2025/2/14 10:03,,,,,108700
2025/2/14 10:04,,,,,171200
2025/2/14 10:05,,,,,129500
2025/2/14 10:06,,,,,165800
2025/2/14 10:07,,,,,176588
2025/2/14 10:08,,,,,141100
2025/2/14 10:09,,,,,149000
2025/2/14 10:10,,,,,176500
2025/2/14 10:11,,,,,104200
2025/2/14 10:12,,,,,77600
2025/2/14 10:13,,,,,256600
2025/2/14 10:14,,,,,54600
2025/2/14 10:15,,,,,98700
2025/2/14 10:16,,,,,100300
2025/2/14 10:17,,,,,110400
2025/2/14 10:18,,,,,129300
2025/2/14 10:19,,,,,131400
2025/2/14 10:20,,,,,77100
2025/2/14 10:21,,,,,95500
2025/2/14 10:22,,,,,149000
2025/2/14 10:23,,,,,91300
2025/2/14 10:24,,,,,203300
2025/2/14 10:25,,,,,81600
2025/2/14 10:26,,,,,57200
2025/2/14 10:27,,,,,103400
2025/2/14 10:28,,,,,161800
2025/2/14 10:29,,,,,88400
2025/2/14 10:30,,,,,95500
2025/2/14 10:31,,,,,238000
2025/2/14 10:32,,,,,157000
2025/2/14 10:33,,,,,68300
2025/2/14 10:34,,,,,118700
2025/2/14 10:35,,,,,91200
2025/2/14 10:36,,,,,77300
2025/2/14 10:37,,,,,71600
2025/2/14 10:38,,,,,90800
2025/2/14 10:39,,,,,39800
2025/2/14 10:40,,,,,124900
2025/2/14 10:41,,,,,75700
2025/2/14 10:42,,,,,129900
2025/2/14 10:43,,,,,74400
2025/2/14 10:44,,,,,55200
2025/2/14 10:45,,,,,336900
2025/2/14 10:46,,,,,153800
2025/2/14 10:47,,,,,126300
2025/2/14 10:48,,,,,167500
2025/2/14 10:49,,,,,192900
2025/2/14 10:50,,,,,81300
2025/2/14 10:51,,,,,78500
2025/2/14 10:52,,,,,116300
2025/2/14 10:53,,,,,68200
2025/2/14 10:54,,,,,75000
2025/2/14 10:55,,,,,187100
2025/2/14 10:56,,,,,125600
2025/2/14 10:57,,,,,101300
2025/2/14 10:58,,,,,91200
2025/2/14 10:59,,,,,62900
2025/2/14 11:00,,,,,58000
2025/2/14 11:01,,,,,44100
2025/2/14 11:02,,,,,83900
2025/2/14 11:03,,,,,36500
2025/2/14 11:04,,,,,34200
2025/2/14 11:05,,,,,65600
2025/2/14 11:06,,,,,119600
2025/2/14 11:07,,,,,124800
2025/2/14 11:08,,,,,244900
2025/2/14 11:09,,,,,35300
2025/2/14 11:10,,,,,137400
2025/2/14 11:11,,,,,108500
2025/2/14 11:12,,,,,145400
2025/2/14 11:13,,,,,211100
2025/2/14 11:14,,,,,227800
2025/2/14 11:15,,,,,201100
2025/2/14 11:16,,,,,123400
2025/2/14 11:17,,,,,215400
2025/2/14 11:18,,,,,61000
2025/2/14 11:19,,,,,109000
2025/2/14 11:20,,,,,96300
2025/2/14 11:21,,,,,62200
2025/2/14 11:22,,,,,179800
2025/2/14 11:23,,,,,77300
2025/2/14 11:24,,,,,136400
2025/2/14 11:25,,,,,49700
2025/2/14 11:26,,,,,191100
2025/2/14 11:27,,,,,71600
2025/2/14 11:28,,,,,80200
2025/2/14 11:29,,,,,137048
2025/2/14 11:30,,,,,84400
2025/2/14 13:01,,,,,286600
2025/2/14 13:02,,,,,56300
2025/2/14 13:03,,,,,61400
2025/2/14 13:04,,,,,92600
2025/2/14 13:05,,,,,138800
2025/2/14 13:06,,,,,111100
2025/2/14 13:07,,,,,130400
2025/2/14 13:08,,,,,102400
2025/2/14 13:09,,,,,103300
2025/2/14 13:10,,,,,150700
2025/2/14 13:11,,,,,46000
2025/2/14 13:12,,,,,63900
2025/2/14 13:13,,,,,72400
2025/2/14 13:14,,,,,218400
2025/2/14 13:15,,,,,205000
2025/2/14 13:16,,,,,66900
2025/2/14 13:17,,,,,65800
2025/2/14 13:18,,,,,76600
2025/2/14 13:19,,,,,411800
2025/2/14 13:20,,,,,114100
2025/2/14 13:21,,,,,132900
2025/2/14 13:22,,,,,54400
2025/2/14 13:23,,,,,76400
2025/2/14 13:24,,,,,64100
2025/2/14 13:25,,,,,121200
2025/2/14 13:26,,,,,53100
2025/2/14 13:27,,,,,52200
2025/2/14 13:28,,,,,97100
2025/2/14 13:29,,,,,74400
2025/2/14 13:30,,,,,32727
2025/2/14 13:31,,,,,92073
2025/2/14 13:32,,,,,71600
2025/2/14 13:33,,,,,235000
2025/2/14 13:34,,,,,171200
2025/2/14 13:35,,,,,106100
2025/2/14 13:36,,,,,74500
2025/2/14 13:37,,,,,336100
2025/2/14 13:38,,,,,67500
2025/2/14 13:39,,,,,128300
2025/2/14 13:40,,,,,170000
2025/2/14 13:41,,,,,129400
2025/2/14 13:42,,,,,73100
2025/2/14 13:43,,,,,61500
2025/2/14 13:44,,,,,109100
2025/2/14 13:45,,,,,156700
2025/2/14 13:46,,,,,80500
2025/2/14 13:47,,,,,73500
2025/2/14 13:48,,,,,87800
2025/2/14 13:49,,,,,85300
2025/2/14 13:50,,,,,126300
2025/2/14 13:51,,,,,109600
2025/2/14 13:52,,,,,131500
2025/2/14 13:53,,,,,77300
2025/2/14 13:54,,,,,120000
2025/2/14 13:55,,,,,98700
2025/2/14 13:56,,,,,126900
2025/2/14 13:57,,,,,87900
2025/2/14 13:58,,,,,80800
2025/2/14 13:59,,,,,64500
2025/2/14 14:00,,,,,68900
2025/2/14 14:01,,,,,139500
2025/2/14 14:02,,,,,125200
2025/2/14 14:03,,,,,52600
2025/2/14 14:04,,,,,116000
2025/2/14 14:05,,,,,64100
2025/2/14 14:06,,,,,73700
2025/2/14 14:07,,,,,92700
2025/2/14 14:08,,,,,60500
2025/2/14 14:09,,,,,52600
2025/2/14 14:10,,,,,70100
2025/2/14 14:11,,,,,112600
2025/2/14 14:12,,,,,90100
2025/2/14 14:13,,,,,233627
2025/2/14 14:14,,,,,238800
2025/2/14 14:15,,,,,216358
2025/2/14 14:16,,,,,94400
2025/2/14 14:17,,,,,97300
2025/2/14 14:18,,,,,59900
2025/2/14 14:19,,,,,79400
2025/2/14 14:20,,,,,88000
2025/2/14 14:21,,,,,182900
2025/2/14 14:22,,,,,93600
2025/2/14 14:23,,,,,128100
2025/2/14 14:24,,,,,62100
2025/2/14 14:25,,,,,81600
2025/2/14 14:26,,,,,109500
2025/2/14 14:27,,,,,86800
2025/2/14 14:28,,,,,187100
2025/2/14 14:29,,,,,54000
2025/2/14 14:30,,,,,64300
2025/2/14 14:31,,,,,152300
2025/2/14 14:32,,,,,128793
2025/2/14 14:33,,,,,238300
2025/2/14 14:34,,,,,147600
2025/2/14 14:35,,,,,177000
2025/2/14 14:36,,,,,117394
2025/2/14 14:37,,,,,233000
2025/2/14 14:38,,,,,363551
2025/2/14 14:39,,,,,290900
2025/2/14 14:40,,,,,336600
2025/2/14 14:41,,,,,223528
2025/2/14 14:42,,,,,141800
2025/2/14 14:43,,,,,153000
2025/2/14 14:44,,,,,227616
2025/2/14 14:45,,,,,145300
2025/2/14 14:46,,,,,300600
2025/2/14 14:47,,,,,166800
2025/2/14 14:48,,,,,241600
2025/2/14 14:49,,,,,251600
2025/2/14 14:50,,,,,152700
2025/2/14 14:51,,,,,263000
2025/2/14 14:52,,,,,236300
2025/2/14 14:53,,,,,287500
2025/2/14 14:54,,,,,161000
2025/2/14 14:55,,,,,289700
2025/2/14 14:56,,,,,352300
2025/2/14 14:57,,,,,158263
2025/2/14 15:00,,,,,556400
