时间,开盘,收盘,最高,最低,成交量,成交额,均价
2025-02-10 09:30:00,0.0,1438.0,1438.0,1438.0,327,47022600.0,1438.0
2025-02-10 09:31:00,0.0,1436.1,1438.36,1436.0,601,86374471.0,1437.468
2025-02-10 09:32:00,0.0,1436.0,1437.9,1436.0,306,43974472.0,1437.371
2025-02-10 09:33:00,0.0,1437.79,1437.79,1433.95,317,45570194.0,1437.129
2025-02-10 09:34:00,0.0,1437.02,1437.36,1435.05,237,34038823.0,1437.01
2025-02-10 09:35:00,0.0,1435.26,1437.0,1435.26,168,24127151.0,1436.936
2025-02-10 09:36:00,0.0,1436.5,1436.5,1435.24,178,25553426.0,1436.823
2025-02-10 09:37:00,0.0,1436.42,1436.96,1436.33,138,19824155.0,1436.805
2025-02-10 09:38:00,0.0,1435.06,1437.8,1435.05,298,42809633.0,1436.778
2025-02-10 09:39:00,0.0,1432.01,1435.07,1432.01,294,42167212.0,1436.519
2025-02-10 09:40:00,0.0,1431.01,1432.02,1430.02,273,39057096.0,1436.009
2025-02-10 09:41:00,0.0,1429.8,1431.01,1429.01,355,50761183.0,1435.388
2025-02-10 09:42:00,0.0,1429.35,1429.78,1429.05,158,22584940.0,1435.13
2025-02-10 09:43:00,0.0,1429.36,1429.74,1429.29,144,20584082.0,1434.914
2025-02-10 09:44:00,0.0,1427.5,1429.39,1427.5,317,45298047.0,1434.42
2025-02-10 09:45:00,0.0,1427.5,1428.0,1427.09,139,19839762.0,1434.188
2025-02-10 09:46:00,0.0,1429.23,1429.51,1427.2,206,29418851.0,1433.907
2025-02-10 09:47:00,0.0,1431.24,1431.24,1429.0,114,16301519.0,1433.808
2025-02-10 09:48:00,0.0,1430.5,1431.25,1429.3,84,12013103.0,1433.742
2025-02-10 09:49:00,0.0,1430.0,1431.2,1430.0,161,23035117.0,1433.642
2025-02-10 09:50:00,0.0,1429.19,1430.04,1429.19,88,12581830.0,1433.572
2025-02-10 09:51:00,0.0,1428.8,1429.0,1427.87,137,19566650.0,1433.427
2025-02-10 09:52:00,0.0,1428.84,1429.0,1428.26,71,10169240.0,1433.357
2025-02-10 09:53:00,0.0,1429.97,1429.98,1428.33,57,8147917.0,1433.315
2025-02-10 09:54:00,0.0,1429.09,1429.99,1429.0,95,13577561.0,1433.241
2025-02-10 09:55:00,0.0,1428.43,1429.12,1428.28,132,18859786.0,1433.131
2025-02-10 09:56:00,0.0,1429.26,1429.44,1428.25,173,24712139.0,1432.986
2025-02-10 09:57:00,0.0,1430.99,1431.0,1429.99,81,11587445.0,1432.951
2025-02-10 09:58:00,0.0,1431.68,1432.0,1430.99,164,23473567.0,1432.905
2025-02-10 09:59:00,0.0,1433.0,1433.0,1431.51,98,14037391.0,1432.896
2025-02-10 10:00:00,0.0,1433.0,1434.43,1433.0,128,18352200.0,1432.914
2025-02-10 10:01:00,0.0,1434.81,1435.9,1434.43,173,24829594.0,1432.979
2025-02-10 10:02:00,0.0,1437.33,1437.75,1434.79,211,30314424.0,1433.101
2025-02-10 10:03:00,0.0,1437.74,1437.74,1437.23,183,26308197.0,1433.226
2025-02-10 10:04:00,0.0,1437.98,1439.0,1437.68,371,53365015.0,1433.502
2025-02-10 10:05:00,0.0,1437.32,1437.68,1437.32,101,14519056.0,1433.559
2025-02-10 10:06:00,0.0,1438.59,1438.59,1437.32,189,27177869.0,1433.674
2025-02-10 10:07:00,0.0,1439.38,1440.0,1438.49,251,36121521.0,1433.856
2025-02-10 10:08:00,0.0,1437.28,1439.9,1437.28,144,20719197.0,1433.949
2025-02-10 10:09:00,0.0,1437.0,1437.29,1436.0,107,15372443.0,1433.987
2025-02-10 10:10:00,0.0,1436.8,1437.31,1436.17,51,7326672.0,1434.004
2025-02-10 10:11:00,0.0,1436.9,1436.93,1436.8,60,8602381.0,1434.025
2025-02-10 10:12:00,0.0,1435.17,1436.87,1435.17,96,13786882.0,1434.051
2025-02-10 10:13:00,0.0,1433.18,1435.0,1433.08,103,14772691.0,1434.053
2025-02-10 10:14:00,0.0,1433.5,1433.95,1433.18,56,8027397.0,1434.049
2025-02-10 10:15:00,0.0,1433.45,1433.52,1433.0,93,13330390.0,1434.042
2025-02-10 10:16:00,0.0,1432.15,1433.48,1431.98,107,15328209.0,1434.022
2025-02-10 10:17:00,0.0,1433.01,1433.44,1432.15,56,8024463.0,1434.015
2025-02-10 10:18:00,0.0,1432.06,1433.0,1432.0,145,20770003.0,1433.988
2025-02-10 10:19:00,0.0,1431.21,1433.0,1431.08,139,19902331.0,1433.953
2025-02-10 10:20:00,0.0,1431.51,1432.84,1431.15,101,14461672.0,1433.929
2025-02-10 10:21:00,0.0,1432.1,1433.0,1432.0,54,7736752.0,1433.922
2025-02-10 10:22:00,0.0,1433.51,1433.8,1432.94,58,8342266.0,1433.916
2025-02-10 10:23:00,0.0,1434.73,1434.76,1433.51,107,15343832.0,1433.918
2025-02-10 10:24:00,0.0,1435.76,1435.76,1433.59,149,21380306.0,1433.934
2025-02-10 10:25:00,0.0,1436.32,1436.32,1435.0,125,17950939.0,1433.963
2025-02-10 10:26:00,0.0,1437.95,1438.01,1436.86,154,22137624.0,1434.021
2025-02-10 10:27:00,0.0,1436.32,1437.97,1436.31,101,14519728.0,1434.059
2025-02-10 10:28:00,0.0,1437.91,1437.93,1436.31,129,18537787.0,1434.098
2025-02-10 10:29:00,0.0,1437.3,1437.99,1437.1,82,11789545.0,1434.129
2025-02-10 10:30:00,0.0,1437.5,1437.67,1437.3,70,10062306.0,1434.153
2025-02-10 10:31:00,0.0,1437.23,1437.6,1437.09,43,6180825.0,1434.167
2025-02-10 10:32:00,0.0,1436.0,1437.16,1435.9,57,8187747.0,1434.18
2025-02-10 10:33:00,0.0,1434.45,1435.9,1434.45,66,9472356.0,1434.187
2025-02-10 10:34:00,0.0,1434.0,1434.57,1434.0,46,6597401.0,1434.187
2025-02-10 10:35:00,0.0,1433.58,1434.56,1433.42,61,8746547.0,1434.185
2025-02-10 10:36:00,0.0,1433.2,1433.52,1433.1,47,6736961.0,1434.182
2025-02-10 10:37:00,0.0,1433.97,1434.56,1433.3,58,8316581.0,1434.18
2025-02-10 10:38:00,0.0,1433.94,1434.0,1433.56,31,4445025.0,1434.179
2025-02-10 10:39:00,0.0,1434.69,1434.69,1433.66,36,5162627.0,1434.179
2025-02-10 10:40:00,0.0,1433.58,1434.7,1433.58,59,8461140.0,1434.178
2025-02-10 10:41:00,0.0,1433.16,1433.57,1433.11,117,16770492.0,1434.169
2025-02-10 10:42:00,0.0,1433.01,1433.13,1433.0,32,4585804.0,1434.166
2025-02-10 10:43:00,0.0,1433.61,1434.7,1433.0,72,10321256.0,1434.161
2025-02-10 10:44:00,0.0,1433.62,1434.7,1433.62,32,4588057.0,1434.16
2025-02-10 10:45:00,0.0,1435.82,1435.85,1433.63,52,7492310.0,1434.164
2025-02-10 10:46:00,0.0,1435.92,1435.92,1435.8,62,8901971.0,1434.174
2025-02-10 10:47:00,0.0,1435.82,1435.91,1435.1,22,3158374.0,1434.177
2025-02-10 10:48:00,0.0,1435.86,1435.97,1435.85,35,5025542.0,1434.182
2025-02-10 10:49:00,0.0,1436.23,1436.37,1435.86,57,8185770.0,1434.192
2025-02-10 10:50:00,0.0,1436.4,1436.4,1436.23,36,5170818.0,1434.2
2025-02-10 10:51:00,0.0,1436.07,1436.5,1436.06,44,6319509.0,1434.208
2025-02-10 10:52:00,0.0,1435.05,1436.0,1435.0,39,5598714.0,1434.213
2025-02-10 10:53:00,0.0,1435.02,1435.05,1434.37,26,3730708.0,1434.214
2025-02-10 10:54:00,0.0,1435.8,1435.8,1434.48,45,6457194.0,1434.217
2025-02-10 10:55:00,0.0,1435.29,1435.65,1435.19,23,3301231.0,1434.22
2025-02-10 10:56:00,0.0,1435.69,1435.69,1435.2,39,5591253.0,1434.224
2025-02-10 10:57:00,0.0,1436.14,1436.16,1435.69,54,7754122.0,1434.233
2025-02-10 10:58:00,0.0,1436.17,1436.17,1435.77,56,8041607.0,1434.241
2025-02-10 10:59:00,0.0,1435.99,1436.18,1435.75,40,5759632.0,1434.248
2025-02-10 11:00:00,0.0,1436.0,1436.29,1435.65,79,11380008.0,1434.26
2025-02-10 11:01:00,0.0,1436.33,1436.38,1436.0,47,6750480.0,1434.268
2025-02-10 11:02:00,0.0,1436.01,1436.5,1436.0,67,9623036.0,1434.28
2025-02-10 11:03:00,0.0,1435.49,1435.99,1435.41,63,9045185.0,1434.288
2025-02-10 11:04:00,0.0,1435.27,1435.49,1435.26,44,6315627.0,1434.292
2025-02-10 11:05:00,0.0,1435.98,1436.01,1435.29,60,8542327.0,1434.299
2025-02-10 11:06:00,0.0,1437.16,1437.16,1435.89,105,15085038.0,1434.321
2025-02-10 11:07:00,0.0,1437.96,1438.0,1437.16,119,17110981.0,1434.357
2025-02-10 11:08:00,0.0,1439.48,1439.5,1437.9,204,29347935.0,1434.429
2025-02-10 11:09:00,0.0,1439.31,1439.5,1437.85,79,11368163.0,1434.459
2025-02-10 11:10:00,0.0,1438.64,1439.19,1438.28,51,7337166.0,1434.477
2025-02-10 11:11:00,0.0,1438.43,1438.6,1438.42,61,8774699.0,1434.497
2025-02-10 11:12:00,0.0,1437.89,1438.46,1437.89,55,7909713.0,1434.513
2025-02-10 11:13:00,0.0,1437.29,1437.9,1437.16,59,8483118.0,1434.529
2025-02-10 11:14:00,0.0,1436.36,1437.52,1436.36,42,6036553.0,1434.539
2025-02-10 11:15:00,0.0,1436.89,1437.0,1436.55,18,2629458.0,1434.542
2025-02-10 11:16:00,0.0,1436.57,1436.9,1436.55,24,3447806.0,1434.546
2025-02-10 11:17:00,0.0,1436.52,1436.59,1436.39,66,9481245.0,1434.557
2025-02-10 11:18:00,0.0,1436.88,1436.9,1436.51,22,3160966.0,1434.561
2025-02-10 11:19:00,0.0,1436.54,1436.89,1436.53,43,6177723.0,1434.568
2025-02-10 11:20:00,0.0,1436.62,1436.69,1436.55,24,3447848.0,1434.572
2025-02-10 11:21:00,0.0,1436.07,1436.6,1436.07,71,10197915.0,1434.582
2025-02-10 11:22:00,0.0,1435.13,1436.09,1435.1,20,2870600.0,1434.583
2025-02-10 11:23:00,0.0,1435.1,1435.99,1435.09,29,4162181.0,1434.584
2025-02-10 11:24:00,0.0,1435.89,1435.89,1435.12,18,2583348.0,1434.585
2025-02-10 11:25:00,0.0,1435.0,1435.89,1435.0,54,7749749.0,1434.588
2025-02-10 11:26:00,0.0,1435.02,1435.81,1435.0,34,4879182.0,1434.589
2025-02-10 11:27:00,0.0,1435.8,1435.8,1435.0,13,1865979.0,1434.59
2025-02-10 11:28:00,0.0,1435.84,1435.84,1435.0,17,2440077.0,1434.591
2025-02-10 11:29:00,0.0,1435.85,1435.85,1435.0,18,2583869.0,1434.592
2025-02-10 11:30:00,0.0,1435.03,1435.9,1435.03,29,4163308.0,1434.594
2025-02-10 13:01:00,0.0,1432.5,1435.03,1432.5,325,46608627.0,1434.582
2025-02-10 13:02:00,0.0,1432.6,1432.71,1431.01,132,18899352.0,1434.554
2025-02-10 13:03:00,0.0,1433.48,1433.51,1432.51,87,12466631.0,1434.544
2025-02-10 13:04:00,0.0,1433.47,1433.99,1432.72,16,2293052.0,1434.542
2025-02-10 13:05:00,0.0,1433.0,1433.9,1432.54,131,18778979.0,1434.532
2025-02-10 13:06:00,0.0,1433.49,1433.5,1432.52,28,4012554.0,1434.529
2025-02-10 13:07:00,0.0,1433.89,1433.89,1432.89,38,5482746.0,1434.526
2025-02-10 13:08:00,0.0,1434.36,1434.79,1433.89,50,7170594.0,1434.524
2025-02-10 13:09:00,0.0,1433.59,1435.0,1433.59,58,8317656.0,1434.523
2025-02-10 13:10:00,0.0,1434.99,1434.99,1433.9,23,3298330.0,1434.522
2025-02-10 13:11:00,0.0,1435.0,1435.0,1434.17,34,4878443.0,1434.523
2025-02-10 13:12:00,0.0,1435.09,1435.09,1434.3,47,6743973.0,1434.524
2025-02-10 13:13:00,0.0,1434.44,1435.09,1434.18,39,5594482.0,1434.524
2025-02-10 13:14:00,0.0,1434.35,1435.08,1434.28,20,2869039.0,1434.524
2025-02-10 13:15:00,0.0,1434.28,1435.0,1434.28,49,7028301.0,1434.523
2025-02-10 13:16:00,0.0,1433.5,1434.2,1433.5,65,9322561.0,1434.521
2025-02-10 13:17:00,0.0,1433.42,1433.66,1433.38,18,2580341.0,1434.519
2025-02-10 13:18:00,0.0,1433.43,1434.19,1433.4,43,6165736.0,1434.518
2025-02-10 13:19:00,0.0,1435.0,1435.0,1433.5,24,3442293.0,1434.517
2025-02-10 13:20:00,0.0,1435.0,1435.0,1433.77,34,4876519.0,1434.517
2025-02-10 13:21:00,0.0,1433.9,1434.05,1433.81,41,5879417.0,1434.515
2025-02-10 13:22:00,0.0,1433.81,1434.99,1433.8,82,11758611.0,1434.512
2025-02-10 13:23:00,0.0,1434.08,1434.08,1434.01,22,3154903.0,1434.511
2025-02-10 13:24:00,0.0,1434.06,1434.88,1434.01,22,3155418.0,1434.511
2025-02-10 13:25:00,0.0,1434.0,1434.78,1434.0,21,3011853.0,1434.51
2025-02-10 13:26:00,0.0,1434.02,1434.77,1434.0,24,3442349.0,1434.51
2025-02-10 13:27:00,0.0,1434.0,1434.79,1434.0,44,6310778.0,1434.509
2025-02-10 13:28:00,0.0,1434.0,1434.0,1433.78,97,13909035.0,1434.505
2025-02-10 13:29:00,0.0,1433.85,1434.0,1433.81,41,5879264.0,1434.504
2025-02-10 13:30:00,0.0,1434.68,1434.68,1433.86,33,4732587.0,1434.503
2025-02-10 13:31:00,0.0,1434.66,1434.67,1433.9,48,6885575.0,1434.503
2025-02-10 13:32:00,0.0,1434.52,1434.67,1434.0,63,9037800.0,1434.503
2025-02-10 13:33:00,0.0,1433.86,1434.51,1433.85,47,6739809.0,1434.502
2025-02-10 13:34:00,0.0,1434.0,1434.43,1433.98,19,2724683.0,1434.501
2025-02-10 13:35:00,0.0,1433.15,1434.55,1433.15,102,14625751.0,1434.497
2025-02-10 13:36:00,0.0,1433.31,1433.6,1433.06,55,7883089.0,1434.492
2025-02-10 13:37:00,0.0,1433.1,1433.15,1433.04,58,8266092.0,1434.487
2025-02-10 13:38:00,0.0,1432.66,1433.1,1432.5,152,21789458.0,1434.471
2025-02-10 13:39:00,0.0,1433.09,1433.2,1432.66,52,7451321.0,1434.465
2025-02-10 13:40:00,0.0,1433.08,1433.14,1432.8,39,5588799.0,1434.462
2025-02-10 13:41:00,0.0,1433.01,1433.09,1432.85,38,5445486.0,1434.458
2025-02-10 13:42:00,0.0,1433.16,1433.17,1433.0,38,5445646.0,1434.455
2025-02-10 13:43:00,0.0,1433.06,1433.16,1433.02,37,5302391.0,1434.451
2025-02-10 13:44:00,0.0,1433.0,1433.02,1433.0,64,9171235.0,1434.445
2025-02-10 13:45:00,0.0,1433.08,1433.1,1433.0,31,4442489.0,1434.442
2025-02-10 13:46:00,0.0,1433.05,1433.11,1433.02,49,7022091.0,1434.438
2025-02-10 13:47:00,0.0,1433.02,1433.08,1433.02,38,5445589.0,1434.435
2025-02-10 13:48:00,0.0,1433.01,1433.04,1433.01,56,8024934.0,1434.43
2025-02-10 13:49:00,0.0,1433.0,1433.02,1433.0,61,8741348.0,1434.424
2025-02-10 13:50:00,0.0,1432.55,1433.0,1432.54,94,13468048.0,1434.414
2025-02-10 13:51:00,0.0,1431.74,1432.51,1431.2,240,34369615.0,1434.379
2025-02-10 13:52:00,0.0,1432.34,1432.34,1431.5,49,7020157.0,1434.371
2025-02-10 13:53:00,0.0,1432.6,1433.0,1432.3,23,3295125.0,1434.368
2025-02-10 13:54:00,0.0,1432.64,1433.0,1432.49,29,4154645.0,1434.365
2025-02-10 13:55:00,0.0,1432.02,1432.48,1431.62,66,9452758.0,1434.356
2025-02-10 13:56:00,0.0,1431.93,1432.02,1431.64,21,3006711.0,1434.353
2025-02-10 13:57:00,0.0,1432.88,1432.97,1431.66,33,4726688.0,1434.349
2025-02-10 13:58:00,0.0,1432.8,1432.9,1432.03,29,4154389.0,1434.346
2025-02-10 13:59:00,0.0,1432.16,1432.95,1432.04,34,4870063.0,1434.341
2025-02-10 14:00:00,0.0,1432.06,1432.8,1432.06,51,7303849.0,1434.334
2025-02-10 14:01:00,0.0,1432.8,1432.8,1432.03,35,5012379.0,1434.33
2025-02-10 14:02:00,0.0,1432.92,1432.92,1432.2,15,2148970.0,1434.328
2025-02-10 14:03:00,0.0,1432.68,1432.7,1432.2,27,3867813.0,1434.325
2025-02-10 14:04:00,0.0,1432.21,1432.7,1432.2,41,5873377.0,1434.321
2025-02-10 14:05:00,0.0,1432.96,1432.97,1432.21,26,3746539.0,1434.318
2025-02-10 14:06:00,0.0,1433.0,1433.0,1432.4,23,3295679.0,1434.316
2025-02-10 14:07:00,0.0,1432.73,1433.0,1432.5,27,3868308.0,1434.313
2025-02-10 14:08:00,0.0,1432.57,1432.95,1432.51,18,2578846.0,1434.312
2025-02-10 14:09:00,0.0,1432.9,1432.9,1432.53,28,4011583.0,1434.309
2025-02-10 14:10:00,0.0,1432.92,1433.0,1432.88,32,4585434.0,1434.306
2025-02-10 14:11:00,0.0,1432.57,1433.0,1432.57,41,5874871.0,1434.303
2025-02-10 14:12:00,0.0,1432.89,1432.96,1432.57,38,5444636.0,1434.299
2025-02-10 14:13:00,0.0,1432.54,1432.9,1432.5,61,8738898.0,1434.293
2025-02-10 14:14:00,0.0,1432.67,1432.67,1432.5,30,4297720.0,1434.29
2025-02-10 14:15:00,0.0,1432.67,1432.84,1432.5,22,3152113.0,1434.288
2025-02-10 14:16:00,0.0,1432.89,1432.89,1432.51,24,3438357.0,1434.286
2025-02-10 14:17:00,0.0,1432.6,1432.9,1432.56,29,4154864.0,1434.283
2025-02-10 14:18:00,0.0,1432.96,1432.96,1432.6,21,3009019.0,1434.281
2025-02-10 14:19:00,0.0,1433.09,1433.1,1432.95,38,5445382.0,1434.278
2025-02-10 14:20:00,0.0,1432.65,1433.09,1432.62,46,6591597.0,1434.275
2025-02-10 14:21:00,0.0,1432.78,1432.97,1432.63,31,4441350.0,1434.272
2025-02-10 14:22:00,0.0,1432.82,1433.18,1432.63,106,15188770.0,1434.263
2025-02-10 14:23:00,0.0,1433.32,1433.33,1432.8,49,7022845.0,1434.26
2025-02-10 14:24:00,0.0,1434.12,1434.19,1433.49,64,9176958.0,1434.259
2025-02-10 14:25:00,0.0,1432.79,1434.0,1432.6,112,16049252.0,1434.251
2025-02-10 14:26:00,0.0,1433.8,1434.19,1432.9,41,5877547.0,1434.249
2025-02-10 14:27:00,0.0,1433.8,1434.19,1433.33,30,4301547.0,1434.248
2025-02-10 14:28:00,0.0,1434.9,1434.9,1433.9,61,8750615.0,1434.249
2025-02-10 14:29:00,0.0,1433.9,1435.0,1433.9,66,9469261.0,1434.251
2025-02-10 14:30:00,0.0,1433.05,1434.25,1433.05,82,11754338.0,1434.247
2025-02-10 14:31:00,0.0,1432.96,1433.71,1432.53,139,19916647.0,1434.236
2025-02-10 14:32:00,0.0,1432.51,1432.91,1432.51,91,13037016.0,1434.228
2025-02-10 14:33:00,0.0,1432.18,1432.32,1431.43,244,34940049.0,1434.197
2025-02-10 14:34:00,0.0,1432.5,1432.57,1432.01,56,8020774.0,1434.192
2025-02-10 14:35:00,0.0,1432.4,1432.42,1432.01,44,6301941.0,1434.187
2025-02-10 14:36:00,0.0,1432.34,1432.4,1432.15,56,8021129.0,1434.181
2025-02-10 14:37:00,0.0,1432.4,1432.49,1432.34,39,5586357.0,1434.177
2025-02-10 14:38:00,0.0,1432.0,1432.42,1432.0,114,16326245.0,1434.164
2025-02-10 14:39:00,0.0,1432.06,1432.27,1432.0,68,9737872.0,1434.157
2025-02-10 14:40:00,0.0,1431.51,1432.04,1431.5,140,20045075.0,1434.139
2025-02-10 14:41:00,0.0,1431.65,1431.65,1431.44,172,24622243.0,1434.115
2025-02-10 14:42:00,0.0,1431.52,1431.53,1431.44,86,12310821.0,1434.103
2025-02-10 14:43:00,0.0,1431.46,1431.54,1431.46,72,10306653.0,1434.093
2025-02-10 14:44:00,0.0,1431.16,1431.54,1431.16,93,13312085.0,1434.079
2025-02-10 14:45:00,0.0,1431.19,1431.2,1431.02,88,12593681.0,1434.066
2025-02-10 14:46:00,0.0,1431.49,1431.49,1431.18,84,12022851.0,1434.053
2025-02-10 14:47:00,0.0,1431.58,1431.65,1431.46,112,16033090.0,1434.039
2025-02-10 14:48:00,0.0,1431.7,1432.23,1431.59,54,7731993.0,1434.032
2025-02-10 14:49:00,0.0,1431.65,1431.99,1431.6,108,15462441.0,1434.019
2025-02-10 14:50:00,0.0,1431.77,1431.77,1431.58,70,10021534.0,1434.011
2025-02-10 14:51:00,0.0,1431.52,1431.77,1431.52,132,18897317.0,1433.995
2025-02-10 14:52:00,0.0,1431.52,1431.65,1431.5,90,12883854.0,1433.984
2025-02-10 14:53:00,0.0,1431.52,1431.61,1431.51,97,13886150.0,1433.972
2025-02-10 14:54:00,0.0,1431.78,1431.78,1431.53,116,16607261.0,1433.958
2025-02-10 14:55:00,0.0,1431.56,1431.77,1431.53,195,27915827.0,1433.935
2025-02-10 14:56:00,0.0,1431.7,1431.7,1431.51,158,22618611.0,1433.916
2025-02-10 14:57:00,0.0,1431.52,1431.56,1431.5,190,27199374.0,1433.894
2025-02-10 14:58:00,0.0,1431.55,1431.55,1431.55,4,572623.0,1433.894
2025-02-10 14:59:00,0.0,1431.55,1431.55,1431.55,0,0.0,1433.894
2025-02-10 15:00:00,0.0,1431.51,1431.51,1431.51,432,61785404.0,1433.845
2025-02-11 09:30:00,0.0,1434.95,1434.95,1434.95,229,32860355.0,1434.95
2025-02-11 09:31:00,0.0,1433.99,1435.96,1432.96,475,68142250.0,1434.696
2025-02-11 09:32:00,0.0,1430.38,1433.99,1430.01,325,46521689.0,1433.667
2025-02-11 09:33:00,0.0,1429.68,1432.95,1429.23,326,46641996.0,1432.962
2025-02-11 09:34:00,0.0,1428.01,1429.05,1428.0,234,33462659.0,1432.268
2025-02-11 09:35:00,0.0,1428.0,1428.12,1427.17,250,35658480.0,1431.688
2025-02-11 09:36:00,0.0,1428.15,1428.15,1426.01,231,32965950.0,1431.176
2025-02-11 09:37:00,0.0,1427.85,1429.87,1427.85,183,26143592.0,1430.968
2025-02-11 09:38:00,0.0,1426.1,1428.0,1426.1,183,26113242.0,1430.666
2025-02-11 09:39:00,0.0,1425.1,1426.28,1425.03,297,42349351.0,1430.148
2025-02-11 09:40:00,0.0,1425.4,1426.0,1425.25,156,22239874.0,1429.905
2025-02-11 09:41:00,0.0,1425.3,1425.91,1425.15,231,32928308.0,1429.576
2025-02-11 09:42:00,0.0,1425.7,1427.45,1425.3,164,23386314.0,1429.397
2025-02-11 09:43:00,0.0,1426.42,1427.45,1425.67,109,15547395.0,1429.3
2025-02-11 09:44:00,0.0,1425.51,1426.42,1425.5,158,22528821.0,1429.148
2025-02-11 09:45:00,0.0,1426.43,1426.43,1425.53,148,21104785.0,1429.022
2025-02-11 09:46:00,0.0,1425.52,1426.49,1425.16,343,48900844.0,1428.738
2025-02-11 09:47:00,0.0,1425.3,1425.96,1425.3,120,17104929.0,1428.642
2025-02-11 09:48:00,0.0,1425.01,1425.37,1425.01,216,30783927.0,1428.471
2025-02-11 09:49:00,0.0,1426.4,1427.49,1425.01,206,29360150.0,1428.327
2025-02-11 09:50:00,0.0,1425.01,1426.4,1425.01,138,19673702.0,1428.248
2025-02-11 09:51:00,0.0,1424.15,1425.07,1424.1,390,55568042.0,1427.986
2025-02-11 09:52:00,0.0,1422.11,1424.05,1422.1,253,36001959.0,1427.751
2025-02-11 09:53:00,0.0,1422.59,1422.94,1422.27,141,20056068.0,1427.615
2025-02-11 09:54:00,0.0,1422.44,1423.0,1422.35,122,17354539.0,1427.504
2025-02-11 09:55:00,0.0,1422.09,1422.41,1422.0,239,33989975.0,1427.287
2025-02-11 09:56:00,0.0,1421.0,1422.11,1420.99,391,55581332.0,1426.926
2025-02-11 09:57:00,0.0,1420.17,1420.9,1420.08,167,23718899.0,1426.754
2025-02-11 09:58:00,0.0,1420.02,1420.2,1420.01,194,27522099.0,1426.56
2025-02-11 09:59:00,0.0,1420.09,1420.33,1420.0,167,23715705.0,1426.401
2025-02-11 10:00:00,0.0,1421.0,1421.0,1420.0,128,18178347.0,1426.286
2025-02-11 10:01:00,0.0,1420.25,1420.82,1420.2,89,12641825.0,1426.212
2025-02-11 10:02:00,0.0,1418.6,1420.78,1418.6,371,52679437.0,1425.896
2025-02-11 10:03:00,0.0,1418.01,1418.6,1418.01,153,21698449.0,1425.739
2025-02-11 10:04:00,0.0,1419.02,1420.0,1418.01,108,15325814.0,1425.645
2025-02-11 10:05:00,0.0,1420.64,1420.65,1419.04,71,10082102.0,1425.593
2025-02-11 10:06:00,0.0,1420.88,1421.0,1420.64,118,16701903.0,1425.521
2025-02-11 10:07:00,0.0,1420.94,1421.66,1420.94,94,13359666.0,1425.47
2025-02-11 10:08:00,0.0,1420.85,1421.35,1420.4,99,14125411.0,1425.414
2025-02-11 10:09:00,0.0,1420.86,1420.86,1420.77,44,6251753.0,1425.389
2025-02-11 10:10:00,0.0,1420.4,1420.79,1420.0,62,8812311.0,1425.351
2025-02-11 10:11:00,0.0,1420.45,1420.45,1420.0,150,21231656.0,1425.258
2025-02-11 10:12:00,0.0,1419.44,1420.21,1419.44,170,24069367.0,1425.153
2025-02-11 10:13:00,0.0,1419.15,1419.44,1419.15,82,11638306.0,1425.096
2025-02-11 10:14:00,0.0,1419.0,1419.11,1418.83,128,18163376.0,1425.006
2025-02-11 10:15:00,0.0,1419.14,1419.28,1419.0,65,9154427.0,1424.962
2025-02-11 10:16:00,0.0,1418.81,1419.02,1418.8,109,15466081.0,1424.888
2025-02-11 10:17:00,0.0,1418.18,1418.8,1418.18,66,9362559.0,1424.841
2025-02-11 10:18:00,0.0,1418.03,1418.18,1418.03,144,20420361.0,1424.733
2025-02-11 10:19:00,0.0,1418.03,1418.03,1418.0,155,21979118.0,1424.62
2025-02-11 10:20:00,0.0,1418.05,1418.05,1418.01,80,11344199.0,1424.563
2025-02-11 10:21:00,0.0,1418.16,1418.16,1418.03,44,6239537.0,1424.532
2025-02-11 10:22:00,0.0,1419.38,1419.38,1418.1,67,9503604.0,1424.489
2025-02-11 10:23:00,0.0,1419.35,1419.39,1419.3,48,6812922.0,1424.462
2025-02-11 10:24:00,0.0,1420.0,1420.0,1419.38,36,5111314.0,1424.445
2025-02-11 10:25:00,0.0,1419.97,1420.01,1419.85,53,7471873.0,1424.42
2025-02-11 10:26:00,0.0,1419.78,1419.85,1419.38,37,5252873.0,1424.402
2025-02-11 10:27:00,0.0,1419.38,1419.78,1419.38,47,6671639.0,1424.378
2025-02-11 10:28:00,0.0,1419.38,1419.5,1419.38,106,15046004.0,1424.324
2025-02-11 10:29:00,0.0,1419.98,1420.0,1419.36,89,12634347.0,1424.281
2025-02-11 10:30:00,0.0,1419.91,1420.0,1419.89,67,9513416.0,1424.251
2025-02-11 10:31:00,0.0,1420.23,1420.49,1419.9,85,12133896.0,1424.215
2025-02-11 10:32:00,0.0,1420.06,1420.28,1420.06,57,8095005.0,1424.192
2025-02-11 10:33:00,0.0,1420.12,1420.14,1419.99,32,4585243.0,1424.178
2025-02-11 10:34:00,0.0,1419.38,1420.08,1419.38,93,13162838.0,1424.138
2025-02-11 10:35:00,0.0,1419.58,1419.58,1419.2,54,7664621.0,1424.113
2025-02-11 10:36:00,0.0,1419.55,1419.6,1419.45,58,8233531.0,1424.087
2025-02-11 10:37:00,0.0,1420.86,1420.92,1419.84,121,17184729.0,1424.042
2025-02-11 10:38:00,0.0,1420.0,1420.87,1420.0,40,5680970.0,1424.027
2025-02-11 10:39:00,0.0,1420.11,1420.73,1420.0,36,5112544.0,1424.014
2025-02-11 10:40:00,0.0,1419.02,1420.01,1419.01,95,13484993.0,1423.973
2025-02-11 10:41:00,0.0,1418.18,1419.0,1418.16,206,29218985.0,1423.866
2025-02-11 10:42:00,0.0,1418.2,1418.84,1418.2,85,12055260.0,1423.822
2025-02-11 10:43:00,0.0,1418.8,1418.94,1418.2,50,7092416.0,1423.798
2025-02-11 10:44:00,0.0,1418.81,1418.84,1418.75,33,4681954.0,1423.782
2025-02-11 10:45:00,0.0,1418.82,1418.83,1418.77,42,5958982.0,1423.763
2025-02-11 10:46:00,0.0,1418.63,1418.82,1418.05,115,16311224.0,1423.707
2025-02-11 10:47:00,0.0,1418.08,1418.63,1418.08,107,15174963.0,1423.655
2025-02-11 10:48:00,0.0,1419.94,1419.94,1418.13,65,9223931.0,1423.628
2025-02-11 10:49:00,0.0,1420.18,1420.18,1419.93,48,6816146.0,1423.613
2025-02-11 10:50:00,0.0,1420.68,1420.68,1420.31,41,5824324.0,1423.602
2025-02-11 10:51:00,0.0,1420.21,1420.68,1420.2,52,7386423.0,1423.587
2025-02-11 10:52:00,0.0,1420.21,1420.28,1420.21,66,9373748.0,1423.568
2025-02-11 10:53:00,0.0,1420.31,1420.31,1420.11,91,12924367.0,1423.542
2025-02-11 10:54:00,0.0,1420.15,1420.28,1420.11,48,6817046.0,1423.528
2025-02-11 10:55:00,0.0,1420.26,1420.26,1420.0,75,10650635.0,1423.506
2025-02-11 10:56:00,0.0,1419.88,1420.28,1419.88,61,8662393.0,1423.488
2025-02-11 10:57:00,0.0,1420.24,1420.24,1419.87,76,10791580.0,1423.466
2025-02-11 10:58:00,0.0,1419.52,1420.24,1419.5,113,16044775.0,1423.432
2025-02-11 10:59:00,0.0,1419.87,1419.9,1419.33,45,6388662.0,1423.418
2025-02-11 11:00:00,0.0,1419.49,1420.0,1419.22,48,6813649.0,1423.402
2025-02-11 11:01:00,0.0,1419.5,1419.99,1419.01,27,3832337.0,1423.393
2025-02-11 11:02:00,0.0,1419.05,1419.5,1419.02,58,8230801.0,1423.372
2025-02-11 11:03:00,0.0,1419.01,1419.16,1419.0,64,9081966.0,1423.35
2025-02-11 11:04:00,0.0,1418.08,1419.15,1418.01,206,29217398.0,1423.266
2025-02-11 11:05:00,0.0,1418.95,1418.95,1418.01,63,8925023.0,1423.24
2025-02-11 11:06:00,0.0,1418.15,1418.95,1418.15,56,7942631.0,1423.218
2025-02-11 11:07:00,0.0,1418.08,1418.17,1418.08,61,8650416.0,1423.193
2025-02-11 11:08:00,0.0,1418.08,1418.09,1418.08,52,7374056.0,1423.172
2025-02-11 11:09:00,0.0,1418.09,1418.1,1418.08,68,9643010.0,1423.145
2025-02-11 11:10:00,0.0,1418.61,1418.83,1418.08,51,7233044.0,1423.125
2025-02-11 11:11:00,0.0,1418.1,1418.6,1418.1,56,7941945.0,1423.104
2025-02-11 11:12:00,0.0,1416.53,1418.12,1416.53,520,73734750.0,1422.896
2025-02-11 11:13:00,0.0,1416.0,1416.45,1415.9,184,26055625.0,1422.802
2025-02-11 11:14:00,0.0,1416.55,1417.55,1415.99,80,11330420.0,1422.764
2025-02-11 11:15:00,0.0,1416.13,1416.53,1416.1,94,13312005.0,1422.718
2025-02-11 11:16:00,0.0,1416.26,1416.47,1416.11,18,2549284.0,1422.71
2025-02-11 11:17:00,0.0,1416.18,1416.46,1416.18,46,6514698.0,1422.688
2025-02-11 11:18:00,0.0,1417.55,1417.55,1416.11,155,21956271.0,1422.616
2025-02-11 11:19:00,0.0,1417.53,1417.53,1416.91,34,4819307.0,1422.604
2025-02-11 11:20:00,0.0,1417.58,1418.0,1417.01,31,4394880.0,1422.593
2025-02-11 11:21:00,0.0,1417.68,1418.0,1417.61,25,3544546.0,1422.584
2025-02-11 11:22:00,0.0,1417.68,1417.97,1417.67,22,3118931.0,1422.577
2025-02-11 11:23:00,0.0,1417.6,1417.91,1417.58,51,7230134.0,1422.559
2025-02-11 11:24:00,0.0,1417.97,1417.97,1417.6,29,4111463.0,1422.549
2025-02-11 11:25:00,0.0,1417.98,1417.98,1417.63,37,5246320.0,1422.537
2025-02-11 11:26:00,0.0,1417.79,1417.93,1417.6,49,6937088.0,1422.52
2025-02-11 11:27:00,0.0,1417.94,1417.94,1417.8,28,3970075.0,1422.511
2025-02-11 11:28:00,0.0,1418.1,1418.11,1417.94,33,4679568.0,1422.501
2025-02-11 11:29:00,0.0,1418.5,1418.5,1418.1,47,6665207.0,1422.486
2025-02-11 11:30:00,0.0,1419.0,1419.0,1418.11,40,5714887.0,1422.475
2025-02-11 13:01:00,0.0,1417.0,1419.5,1416.98,269,38166886.0,1422.4
2025-02-11 13:02:00,0.0,1416.44,1417.01,1416.22,53,7507702.0,1422.379
2025-02-11 13:03:00,0.0,1416.74,1416.74,1416.35,50,7082610.0,1422.359
2025-02-11 13:04:00,0.0,1416.7,1416.7,1416.66,30,4250040.0,1422.347
2025-02-11 13:05:00,0.0,1417.89,1417.89,1416.77,29,4109916.0,1422.337
2025-02-11 13:06:00,0.0,1418.53,1418.53,1417.99,43,6098465.0,1422.325
2025-02-11 13:07:00,0.0,1417.57,1418.46,1417.57,52,7373538.0,1422.31
2025-02-11 13:08:00,0.0,1417.65,1417.66,1417.53,54,7655072.0,1422.293
2025-02-11 13:09:00,0.0,1416.99,1417.62,1416.99,78,11053816.0,1422.266
2025-02-11 13:10:00,0.0,1417.47,1417.49,1417.0,59,8361504.0,1422.246
2025-02-11 13:11:00,0.0,1417.06,1417.59,1417.03,55,7795094.0,1422.228
2025-02-11 13:12:00,0.0,1417.01,1417.16,1417.0,108,15304454.0,1422.191
2025-02-11 13:13:00,0.0,1417.05,1417.16,1417.01,45,6376869.0,1422.176
2025-02-11 13:14:00,0.0,1417.06,1417.14,1417.0,74,10485974.0,1422.151
2025-02-11 13:15:00,0.0,1417.28,1417.48,1417.06,70,9919981.0,1422.128
2025-02-11 13:16:00,0.0,1417.2,1417.34,1417.06,104,14739086.0,1422.095
2025-02-11 13:17:00,0.0,1417.08,1417.34,1417.08,122,17290076.0,1422.057
2025-02-11 13:18:00,0.0,1417.02,1417.15,1417.02,88,12470220.0,1422.029
2025-02-11 13:19:00,0.0,1417.02,1417.09,1417.01,90,12753304.0,1422.001
2025-02-11 13:20:00,0.0,1417.02,1417.57,1417.02,87,12328914.0,1421.974
2025-02-11 13:21:00,0.0,1417.07,1417.07,1417.01,96,13603570.0,1421.944
2025-02-11 13:22:00,0.0,1416.95,1417.08,1416.88,298,42226374.0,1421.853
2025-02-11 13:23:00,0.0,1416.95,1416.95,1416.88,77,10900121.0,1421.83
2025-02-11 13:24:00,0.0,1416.99,1416.99,1416.9,30,4250782.0,1421.821
2025-02-11 13:25:00,0.0,1416.91,1417.0,1416.91,47,6659733.0,1421.807
2025-02-11 13:26:00,0.0,1416.99,1416.99,1416.9,35,4959327.0,1421.797
2025-02-11 13:27:00,0.0,1416.91,1417.0,1416.91,67,9493785.0,1421.777
2025-02-11 13:28:00,0.0,1416.97,1417.12,1416.88,256,36310771.0,1421.702
2025-02-11 13:29:00,0.0,1416.82,1416.97,1416.75,99,13988644.0,1421.674
2025-02-11 13:30:00,0.0,1416.89,1416.9,1416.74,50,7082630.0,1421.66
2025-02-11 13:31:00,0.0,1416.92,1417.11,1416.9,44,6234751.0,1421.647
2025-02-11 13:32:00,0.0,1416.92,1417.0,1416.84,30,4213940.0,1421.639
2025-02-11 13:33:00,0.0,1416.79,1417.09,1416.68,101,14309827.0,1421.611
2025-02-11 13:34:00,0.0,1417.12,1417.12,1416.8,41,5809763.0,1421.6
2025-02-11 13:35:00,0.0,1417.08,1417.11,1417.05,38,5384876.0,1421.59
2025-02-11 13:36:00,0.0,1417.22,1417.22,1417.01,36,5101507.0,1421.58
2025-02-11 13:37:00,0.0,1417.97,1418.82,1417.21,49,6947172.0,1421.569
2025-02-11 13:38:00,0.0,1418.0,1418.85,1417.42,57,8080800.0,1421.557
2025-02-11 13:39:00,0.0,1418.16,1418.43,1418.0,24,3403690.0,1421.552
2025-02-11 13:40:00,0.0,1418.05,1418.05,1418.0,20,2836114.0,1421.548
2025-02-11 13:41:00,0.0,1417.34,1418.0,1417.34,55,7797213.0,1421.536
2025-02-11 13:42:00,0.0,1417.1,1417.29,1417.08,35,4959917.0,1421.527
2025-02-11 13:43:00,0.0,1417.32,1417.38,1417.09,54,7652836.0,1421.513
2025-02-11 13:44:00,0.0,1417.3,1417.35,1417.1,53,7511674.0,1421.501
2025-02-11 13:45:00,0.0,1417.02,1417.23,1417.0,111,15729242.0,1421.473
2025-02-11 13:46:00,0.0,1417.09,1417.2,1417.0,75,10627851.0,1421.454
2025-02-11 13:47:00,0.0,1417.0,1417.2,1416.96,66,9352494.0,1421.438
2025-02-11 13:48:00,0.0,1416.92,1417.01,1416.9,50,7084789.0,1421.425
2025-02-11 13:49:00,0.0,1417.0,1417.2,1416.88,54,7651519.0,1421.411
2025-02-11 13:50:00,0.0,1417.17,1417.3,1417.0,40,5668610.0,1421.402
2025-02-11 13:51:00,0.0,1417.27,1417.94,1417.1,60,8503776.0,1421.388
2025-02-11 13:52:00,0.0,1418.0,1418.88,1418.0,53,7517699.0,1421.38
2025-02-11 13:53:00,0.0,1419.01,1419.83,1417.27,76,10786844.0,1421.371
2025-02-11 13:54:00,0.0,1419.0,1419.8,1419.0,32,4541693.0,1421.367
2025-02-11 13:55:00,0.0,1419.01,1419.56,1419.0,29,4115778.0,1421.364
2025-02-11 13:56:00,0.0,1419.02,1419.55,1419.0,20,2838530.0,1421.362
2025-02-11 13:57:00,0.0,1419.15,1419.55,1419.02,19,2696584.0,1421.359
2025-02-11 13:58:00,0.0,1419.05,1419.48,1419.01,20,2838285.0,1421.357
2025-02-11 13:59:00,0.0,1419.28,1419.47,1419.05,20,2838624.0,1421.355
2025-02-11 14:00:00,0.0,1419.79,1419.79,1419.28,34,4826328.0,1421.351
2025-02-11 14:01:00,0.0,1419.32,1419.79,1419.29,25,3548596.0,1421.349
2025-02-11 14:02:00,0.0,1418.2,1419.32,1418.0,80,11351791.0,1421.338
2025-02-11 14:03:00,0.0,1417.4,1418.85,1417.4,76,10774098.0,1421.323
2025-02-11 14:04:00,0.0,1417.36,1417.97,1417.3,48,6803665.0,1421.313
2025-02-11 14:05:00,0.0,1417.5,1417.97,1417.43,22,3118954.0,1421.309
2025-02-11 14:06:00,0.0,1417.31,1417.76,1417.3,44,6236653.0,1421.3
2025-02-11 14:07:00,0.0,1417.33,1417.5,1417.31,50,7087238.0,1421.289
2025-02-11 14:08:00,0.0,1417.2,1417.34,1417.2,39,5527479.0,1421.281
2025-02-11 14:09:00,0.0,1417.3,1417.3,1417.17,53,7511392.0,1421.27
2025-02-11 14:10:00,0.0,1417.33,1417.33,1417.18,28,3968383.0,1421.264
2025-02-11 14:11:00,0.0,1417.19,1417.33,1417.18,45,6377494.0,1421.254
2025-02-11 14:12:00,0.0,1417.18,1417.24,1417.17,60,8503121.0,1421.241
2025-02-11 14:13:00,0.0,1417.95,1417.96,1417.17,49,6946001.0,1421.231
2025-02-11 14:14:00,0.0,1417.9,1417.95,1417.43,24,3402723.0,1421.227
2025-02-11 14:15:00,0.0,1418.0,1418.0,1417.54,69,9821989.0,1421.215
2025-02-11 14:16:00,0.0,1418.08,1418.47,1418.01,42,5956686.0,1421.209
2025-02-11 14:17:00,0.0,1417.87,1418.47,1417.86,41,5814359.0,1421.202
2025-02-11 14:18:00,0.0,1417.35,1417.95,1417.35,55,7796692.0,1421.192
2025-02-11 14:19:00,0.0,1417.17,1417.35,1417.17,116,16439761.0,1421.168
2025-02-11 14:20:00,0.0,1417.18,1417.44,1417.17,63,8928343.0,1421.155
2025-02-11 14:21:00,0.0,1417.15,1417.19,1417.15,71,10061938.0,1421.14
2025-02-11 14:22:00,0.0,1417.02,1417.17,1417.0,39,5526463.0,1421.132
2025-02-11 14:23:00,0.0,1417.01,1417.02,1417.0,61,8643787.0,1421.119
2025-02-11 14:24:00,0.0,1417.11,1417.11,1417.02,42,5951666.0,1421.11
2025-02-11 14:25:00,0.0,1417.16,1417.17,1417.09,63,8927822.0,1421.097
2025-02-11 14:26:00,0.0,1417.17,1417.17,1417.1,112,15872033.0,1421.075
2025-02-11 14:27:00,0.0,1417.1,1417.17,1417.1,78,11080558.0,1421.059
2025-02-11 14:28:00,0.0,1417.12,1417.17,1417.12,60,8502827.0,1421.048
2025-02-11 14:29:00,0.0,1417.14,1417.14,1417.1,37,5243392.0,1421.04
2025-02-11 14:30:00,0.0,1417.18,1417.2,1417.11,93,13179468.0,1421.022
2025-02-11 14:31:00,0.0,1417.48,1417.48,1417.18,32,4577982.0,1421.016
2025-02-11 14:32:00,0.0,1417.13,1417.48,1417.11,81,11436660.0,1421.001
2025-02-11 14:33:00,0.0,1417.05,1417.1,1417.05,60,8502459.0,1420.989
2025-02-11 14:34:00,0.0,1417.09,1417.1,1417.07,58,8219108.0,1420.978
2025-02-11 14:35:00,0.0,1417.06,1417.09,1417.06,123,17430044.0,1420.954
2025-02-11 14:36:00,0.0,1417.05,1417.06,1417.05,78,11053030.0,1420.939
2025-02-11 14:37:00,0.0,1416.92,1417.05,1416.8,296,41943466.0,1420.883
2025-02-11 14:38:00,0.0,1416.77,1416.91,1416.77,169,23943983.0,1420.85
2025-02-11 14:39:00,0.0,1416.83,1416.83,1416.77,167,23660342.0,1420.818
2025-02-11 14:40:00,0.0,1416.8,1416.83,1416.78,45,6375586.0,1420.809
2025-02-11 14:41:00,0.0,1416.8,1416.8,1416.77,97,13742790.0,1420.791
2025-02-11 14:42:00,0.0,1416.77,1416.8,1416.77,115,16341117.0,1420.769
2025-02-11 14:43:00,0.0,1416.8,1416.8,1416.77,136,19282431.0,1420.744
2025-02-11 14:44:00,0.0,1417.03,1418.0,1416.8,137,19415208.0,1420.721
2025-02-11 14:45:00,0.0,1416.96,1418.4,1416.84,80,11380749.0,1420.709
2025-02-11 14:46:00,0.0,1417.02,1417.52,1416.86,67,9493520.0,1420.697
2025-02-11 14:47:00,0.0,1418.31,1418.46,1417.0,81,11481570.0,1420.685
2025-02-11 14:48:00,0.0,1418.08,1418.29,1417.33,76,10792004.0,1420.675
2025-02-11 14:49:00,0.0,1418.41,1418.41,1417.98,109,15457582.0,1420.663
2025-02-11 14:50:00,0.0,1419.0,1419.16,1418.4,94,13336150.0,1420.655
2025-02-11 14:51:00,0.0,1418.98,1419.23,1418.53,118,16742496.0,1420.645
2025-02-11 14:52:00,0.0,1419.71,1419.96,1419.24,107,15189658.0,1420.64
2025-02-11 14:53:00,0.0,1420.0,1420.0,1419.73,154,21867496.0,1420.635
2025-02-11 14:54:00,0.0,1419.88,1420.0,1419.76,181,25701016.0,1420.63
2025-02-11 14:55:00,0.0,1419.97,1419.97,1419.8,103,14624469.0,1420.626
2025-02-11 14:56:00,0.0,1419.99,1420.77,1418.97,254,36069559.0,1420.62
2025-02-11 14:57:00,0.0,1418.04,1419.8,1417.8,181,25680419.0,1420.606
2025-02-11 14:58:00,0.0,1418.04,1418.04,1418.04,0,0.0,1420.606
2025-02-11 14:59:00,0.0,1418.04,1418.04,1418.04,0,0.0,1420.606
2025-02-11 15:00:00,0.0,1418.0,1418.0,1418.0,389,55181470.0,1420.563
2025-02-12 09:30:00,0.0,1418.0,1418.0,1418.0,185,26224492.0,1418.0
2025-02-12 09:31:00,0.0,1419.9,1419.91,1416.88,324,45951873.0,1418.17
2025-02-12 09:32:00,0.0,1420.01,1421.0,1419.35,243,34442587.0,1418.843
2025-02-12 09:33:00,0.0,1422.98,1423.87,1420.05,232,32994035.0,1419.625
2025-02-12 09:34:00,0.0,1423.45,1424.2,1422.97,272,38715019.0,1420.431
2025-02-12 09:35:00,0.0,1422.5,1424.0,1422.32,216,30748195.0,1420.886
2025-02-12 09:36:00,0.0,1423.43,1423.95,1422.5,241,34304551.0,1421.243
2025-02-12 09:37:00,0.0,1426.0,1426.5,1423.77,446,63544700.0,1421.866
2025-02-12 09:38:00,0.0,1423.47,1427.9,1423.47,291,41483053.0,1422.302
2025-02-12 09:39:00,0.0,1421.62,1423.13,1421.0,199,28295531.0,1422.271
2025-02-12 09:40:00,0.0,1422.5,1422.78,1421.17,110,15641434.0,1422.258
2025-02-12 09:41:00,0.0,1421.0,1422.5,1421.0,111,15780737.0,1422.236
2025-02-12 09:42:00,0.0,1418.88,1421.01,1418.88,158,22432962.0,1422.109
2025-02-12 09:43:00,0.0,1419.83,1419.83,1418.96,123,17457288.0,1421.999
2025-02-12 09:44:00,0.0,1421.02,1422.0,1419.84,137,19466267.0,1421.953
2025-02-12 09:45:00,0.0,1420.6,1422.45,1420.1,111,15774693.0,1421.927
2025-02-12 09:46:00,0.0,1420.99,1421.6,1420.49,44,6251247.0,1421.912
2025-02-12 09:47:00,0.0,1420.49,1420.49,1419.24,70,9939890.0,1421.873
2025-02-12 09:48:00,0.0,1420.67,1421.5,1419.76,81,11466261.0,1421.842
2025-02-12 09:49:00,0.0,1421.4,1421.58,1421.0,37,5259217.0,1421.838
2025-02-12 09:50:00,0.0,1421.07,1421.6,1421.02,39,5543159.0,1421.832
2025-02-12 09:51:00,0.0,1421.55,1421.57,1421.06,44,6254054.0,1421.827
2025-02-12 09:52:00,0.0,1421.05,1421.8,1420.84,88,12506859.0,1421.813
2025-02-12 09:53:00,0.0,1420.99,1421.09,1420.25,46,6535243.0,1421.8
2025-02-12 09:54:00,0.0,1420.98,1420.99,1420.38,32,4546892.0,1421.793
2025-02-12 09:55:00,0.0,1420.43,1420.99,1420.41,69,9803471.0,1421.775
2025-02-12 09:56:00,0.0,1420.39,1420.43,1420.04,50,7143034.0,1421.757
2025-02-12 09:57:00,0.0,1420.07,1420.41,1420.0,71,10041555.0,1421.729
2025-02-12 09:58:00,0.0,1421.47,1421.47,1420.01,66,9376873.0,1421.713
2025-02-12 09:59:00,0.0,1422.92,1422.93,1421.55,63,8960884.0,1421.723
2025-02-12 10:00:00,0.0,1425.38,1425.97,1423.11,183,26078381.0,1421.862
2025-02-12 10:01:00,0.0,1426.8,1427.58,1425.9,334,47656605.0,1422.214
2025-02-12 10:02:00,0.0,1426.19,1426.65,1423.7,114,16262883.0,1422.288
2025-02-12 10:03:00,0.0,1425.4,1426.19,1425.01,110,15684041.0,1422.367
2025-02-12 10:04:00,0.0,1426.48,1426.78,1425.0,206,29378147.0,1422.517
2025-02-12 10:05:00,0.0,1428.44,1428.52,1426.35,421,60151479.0,1422.906
2025-02-12 10:06:00,0.0,1428.57,1429.66,1428.36,280,40009217.0,1423.193
2025-02-12 10:07:00,0.0,1426.8,1428.79,1426.54,107,15276403.0,1423.274
2025-02-12 10:08:00,0.0,1426.84,1428.15,1426.8,93,13278990.0,1423.344
2025-02-12 10:09:00,0.0,1426.8,1427.91,1426.8,64,9133950.0,1423.385
2025-02-12 10:10:00,0.0,1426.3,1427.0,1426.0,116,16546238.0,1423.441
2025-02-12 10:11:00,0.0,1427.02,1427.02,1426.35,55,7846792.0,1423.469
2025-02-12 10:12:00,0.0,1425.0,1427.0,1425.0,67,9551797.0,1423.492
2025-02-12 10:13:00,0.0,1426.04,1426.04,1424.5,61,8692722.0,1423.507
2025-02-12 10:14:00,0.0,1424.85,1426.35,1424.5,42,5986413.0,1423.519
2025-02-12 10:15:00,0.0,1425.08,1425.08,1424.32,45,6412091.0,1423.528
2025-02-12 10:16:00,0.0,1425.98,1425.99,1425.0,48,6840894.0,1423.541
2025-02-12 10:17:00,0.0,1425.0,1426.05,1425.0,74,10550170.0,1423.565
2025-02-12 10:18:00,0.0,1425.02,1425.03,1424.18,111,15815148.0,1423.585
2025-02-12 10:19:00,0.0,1423.68,1425.03,1423.68,173,24641564.0,1423.604
2025-02-12 10:20:00,0.0,1423.85,1424.21,1423.6,47,6692046.0,1423.606
2025-02-12 10:21:00,0.0,1423.8,1423.93,1423.69,21,2990118.0,1423.607
2025-02-12 10:22:00,0.0,1423.11,1423.7,1423.11,34,4839813.0,1423.606
2025-02-12 10:23:00,0.0,1423.67,1423.7,1423.38,40,5708754.0,1423.606
2025-02-12 10:24:00,0.0,1423.66,1423.7,1423.42,32,4555545.0,1423.606
2025-02-12 10:25:00,0.0,1423.8,1423.83,1423.63,22,3132120.0,1423.607
2025-02-12 10:26:00,0.0,1424.27,1424.89,1423.95,25,3560935.0,1423.609
2025-02-12 10:27:00,0.0,1424.7,1424.88,1424.27,108,15386906.0,1423.626
2025-02-12 10:28:00,0.0,1424.72,1424.76,1424.66,43,6126287.0,1423.632
2025-02-12 10:29:00,0.0,1424.31,1424.72,1424.3,38,5413112.0,1423.637
2025-02-12 10:30:00,0.0,1424.27,1424.41,1424.27,34,4842669.0,1423.64
2025-02-12 10:31:00,0.0,1423.66,1424.31,1423.66,28,3987462.0,1423.642
2025-02-12 10:32:00,0.0,1422.01,1423.7,1422.0,67,9520062.0,1423.634
2025-02-12 10:33:00,0.0,1421.98,1422.0,1421.5,61,8671553.0,1423.619
2025-02-12 10:34:00,0.0,1421.62,1422.0,1421.58,21,2985513.0,1423.614
2025-02-12 10:35:00,0.0,1421.98,1421.98,1421.64,16,2274766.0,1423.61
2025-02-12 10:36:00,0.0,1421.71,1421.78,1421.7,41,5829187.0,1423.6
2025-02-12 10:37:00,0.0,1421.71,1421.78,1421.69,24,3412192.0,1423.594
2025-02-12 10:38:00,0.0,1421.69,1421.84,1421.69,45,6397753.0,1423.583
2025-02-12 10:39:00,0.0,1421.74,1422.0,1421.68,84,11942593.0,1423.563
2025-02-12 10:40:00,0.0,1423.0,1423.0,1421.75,33,4693280.0,1423.557
2025-02-12 10:41:00,0.0,1423.97,1424.0,1423.37,33,4697991.0,1423.557
2025-02-12 10:42:00,0.0,1423.36,1423.97,1422.97,52,7400996.0,1423.556
2025-02-12 10:43:00,0.0,1422.21,1423.0,1422.2,16,2276247.0,1423.554
2025-02-12 10:44:00,0.0,1423.0,1423.0,1422.23,11,1565145.0,1423.553
2025-02-12 10:45:00,0.0,1422.3,1423.0,1422.3,20,2845572.0,1423.551
2025-02-12 10:46:00,0.0,1423.0,1423.0,1422.3,26,3699419.0,1423.549
2025-02-12 10:47:00,0.0,1423.0,1423.0,1422.5,16,2276596.0,1423.547
2025-02-12 10:48:00,0.0,1422.53,1423.05,1422.53,44,6259972.0,1423.543
2025-02-12 10:49:00,0.0,1423.0,1423.0,1422.54,7,995872.0,1423.542
2025-02-12 10:50:00,0.0,1423.05,1423.05,1422.55,16,2276565.0,1423.54
2025-02-12 10:51:00,0.0,1423.12,1423.12,1423.05,35,4980513.0,1423.538
2025-02-12 10:52:00,0.0,1423.03,1423.19,1422.62,28,3984595.0,1423.537
2025-02-12 10:53:00,0.0,1422.65,1423.03,1422.62,19,2703485.0,1423.535
2025-02-12 10:54:00,0.0,1423.1,1423.1,1423.0,30,4269077.0,1423.533
2025-02-12 10:55:00,0.0,1422.98,1423.1,1422.5,67,9533188.0,1423.528
2025-02-12 10:56:00,0.0,1423.0,1423.1,1422.93,43,6118755.0,1423.525
2025-02-12 10:57:00,0.0,1422.9,1423.1,1422.9,29,4126745.0,1423.523
2025-02-12 10:58:00,0.0,1422.93,1423.01,1422.85,33,4695707.0,1423.521
2025-02-12 10:59:00,0.0,1424.0,1424.0,1422.66,49,6974040.0,1423.519
2025-02-12 11:00:00,0.0,1424.53,1424.53,1424.0,33,4700329.0,1423.522
2025-02-12 11:01:00,0.0,1424.5,1424.53,1424.0,34,4842251.0,1423.525
2025-02-12 11:02:00,0.0,1423.08,1424.13,1423.03,53,7542716.0,1423.523
2025-02-12 11:03:00,0.0,1423.0,1423.13,1422.51,69,9818467.0,1423.518
2025-02-12 11:04:00,0.0,1423.0,1423.0,1422.5,13,1849612.0,1423.517
2025-02-12 11:05:00,0.0,1423.0,1423.0,1422.51,17,2418828.0,1423.516
2025-02-12 11:06:00,0.0,1422.87,1422.99,1422.5,41,5833262.0,1423.512
2025-02-12 11:07:00,0.0,1424.48,1424.48,1422.96,34,4839981.0,1423.512
2025-02-12 11:08:00,0.0,1425.6,1425.7,1424.45,141,20092855.0,1423.537
2025-02-12 11:09:00,0.0,1426.6,1427.0,1425.57,142,20252861.0,1423.58
2025-02-12 11:10:00,0.0,1425.0,1426.59,1425.0,60,8555088.0,1423.595
2025-02-12 11:11:00,0.0,1425.79,1425.79,1424.63,38,5415703.0,1423.602
2025-02-12 11:12:00,0.0,1425.68,1425.77,1425.05,55,7839848.0,1423.613
2025-02-12 11:13:00,0.0,1425.0,1425.68,1424.99,32,4560916.0,1423.619
2025-02-12 11:14:00,0.0,1424.78,1425.59,1424.45,26,3704654.0,1423.622
2025-02-12 11:15:00,0.0,1425.31,1425.31,1424.78,18,2564768.0,1423.625
2025-02-12 11:16:00,0.0,1425.31,1425.64,1424.99,29,4133497.0,1423.63
2025-02-12 11:17:00,0.0,1425.44,1425.49,1424.99,9,1282720.0,1423.632
2025-02-12 11:18:00,0.0,1425.0,1425.39,1425.0,16,2280216.0,1423.634
2025-02-12 11:19:00,0.0,1425.0,1425.01,1424.95,22,3134973.0,1423.638
2025-02-12 11:20:00,0.0,1424.98,1425.0,1424.86,40,5699676.0,1423.643
2025-02-12 11:21:00,0.0,1425.01,1425.24,1424.92,41,5842515.0,1423.649
2025-02-12 11:22:00,0.0,1425.69,1425.69,1425.0,66,9408259.0,1423.662
2025-02-12 11:23:00,0.0,1425.66,1425.75,1424.79,102,14538858.0,1423.681
2025-02-12 11:24:00,0.0,1425.02,1425.6,1425.01,21,2992998.0,1423.684
2025-02-12 11:25:00,0.0,1425.25,1425.59,1425.25,42,5987088.0,1423.692
2025-02-12 11:26:00,0.0,1425.24,1425.24,1425.0,27,3847851.0,1423.696
2025-02-12 11:27:00,0.0,1425.06,1425.25,1425.0,29,4201339.0,1423.7
2025-02-12 11:28:00,0.0,1424.96,1425.4,1424.45,85,12043292.0,1423.711
2025-02-12 11:29:00,0.0,1424.42,1425.0,1424.02,73,10468600.0,1423.718
2025-02-12 11:30:00,0.0,1423.97,1424.85,1423.84,54,7690894.0,1423.721
2025-02-12 13:01:00,0.0,1427.4,1429.51,1423.84,723,103189837.0,1424.004
2025-02-12 13:02:00,0.0,1427.99,1428.53,1427.26,74,10566281.0,1424.031
2025-02-12 13:03:00,0.0,1426.28,1428.03,1426.28,49,6992617.0,1424.045
2025-02-12 13:04:00,0.0,1426.01,1426.55,1426.0,30,4279149.0,1424.051
2025-02-12 13:05:00,0.0,1426.4,1426.5,1425.67,31,4420860.0,1424.057
2025-02-12 13:06:00,0.0,1425.64,1426.4,1425.64,27,3849944.0,1424.062
2025-02-12 13:07:00,0.0,1425.62,1425.99,1425.62,39,5560382.0,1424.068
2025-02-12 13:08:00,0.0,1425.08,1425.73,1425.0,50,7126594.0,1424.074
2025-02-12 13:09:00,0.0,1425.88,1426.4,1425.12,29,4134836.0,1424.078
2025-02-12 13:10:00,0.0,1425.87,1426.0,1425.31,24,3422146.0,1424.082
2025-02-12 13:11:00,0.0,1426.38,1426.38,1425.32,24,3422337.0,1424.087
2025-02-12 13:12:00,0.0,1426.39,1426.87,1425.9,62,8843281.0,1424.099
2025-02-12 13:13:00,0.0,1426.78,1426.99,1426.41,32,4494178.0,1424.107
2025-02-12 13:14:00,0.0,1427.0,1427.38,1426.5,57,8133877.0,1424.122
2025-02-12 13:15:00,0.0,1426.36,1426.86,1426.0,37,5278466.0,1424.13
2025-02-12 13:16:00,0.0,1425.89,1426.75,1425.87,81,11551105.0,1424.144
2025-02-12 13:17:00,0.0,1425.94,1426.59,1425.93,42,5989813.0,1424.152
2025-02-12 13:18:00,0.0,1426.54,1426.6,1425.97,57,8131127.0,1424.164
2025-02-12 13:19:00,0.0,1426.5,1426.52,1425.83,29,4135124.0,1424.168
2025-02-12 13:20:00,0.0,1426.4,1426.79,1426.0,59,8416546.0,1424.18
2025-02-12 13:21:00,0.0,1426.9,1426.9,1426.4,53,7631693.0,1424.192
2025-02-12 13:22:00,0.0,1428.06,1428.2,1426.92,153,21844139.0,1424.239
2025-02-12 13:23:00,0.0,1428.49,1428.64,1428.05,108,15426669.0,1424.277
2025-02-12 13:24:00,0.0,1428.2,1428.55,1428.05,65,9291537.0,1424.3
2025-02-12 13:25:00,0.0,1428.17,1428.4,1428.13,68,9712430.0,1424.323
2025-02-12 13:26:00,0.0,1428.16,1428.34,1428.05,71,10140503.0,1424.347
2025-02-12 13:27:00,0.0,1428.05,1428.27,1428.05,57,8140599.0,1424.365
2025-02-12 13:28:00,0.0,1428.04,1428.18,1428.01,62,8854210.0,1424.384
2025-02-12 13:29:00,0.0,1427.5,1428.05,1427.5,43,6140411.0,1424.397
2025-02-12 13:30:00,0.0,1427.51,1427.8,1427.5,48,6852370.0,1424.41
2025-02-12 13:31:00,0.0,1427.16,1427.55,1427.16,48,6796318.0,1424.422
2025-02-12 13:32:00,0.0,1426.46,1427.15,1426.46,51,7275550.0,1424.431
2025-02-12 13:33:00,0.0,1426.79,1426.79,1426.46,31,4422283.0,1424.436
2025-02-12 13:34:00,0.0,1426.0,1427.0,1426.0,58,8273900.0,1424.446
2025-02-12 13:35:00,0.0,1425.8,1426.45,1425.8,27,3850060.0,1424.449
2025-02-12 13:36:00,0.0,1426.44,1426.44,1425.82,54,7700602.0,1424.456
2025-02-12 13:37:00,0.0,1426.47,1426.6,1426.04,20,2852693.0,1424.459
2025-02-12 13:38:00,0.0,1426.09,1426.48,1426.06,24,3422906.0,1424.463
2025-02-12 13:39:00,0.0,1425.99,1426.08,1425.99,59,8413573.0,1424.47
2025-02-12 13:40:00,0.0,1425.93,1426.0,1425.72,19,2709331.0,1424.472
2025-02-12 13:41:00,0.0,1425.51,1425.88,1425.44,24,3421644.0,1424.475
2025-02-12 13:42:00,0.0,1425.84,1425.86,1425.08,105,14965080.0,1424.481
2025-02-12 13:43:00,0.0,1425.22,1426.03,1425.09,47,6700294.0,1424.485
2025-02-12 13:44:00,0.0,1425.1,1425.99,1425.07,42,5988149.0,1424.49
2025-02-12 13:45:00,0.0,1425.21,1426.0,1425.11,28,3991933.0,1424.492
2025-02-12 13:46:00,0.0,1425.93,1426.0,1425.2,98,13972037.0,1424.502
2025-02-12 13:47:00,0.0,1425.2,1426.03,1425.11,26,3706275.0,1424.504
2025-02-12 13:48:00,0.0,1425.99,1425.99,1425.11,33,4704286.0,1424.506
2025-02-12 13:49:00,0.0,1426.0,1426.05,1425.93,18,2566788.0,1424.508
2025-02-12 13:50:00,0.0,1426.05,1426.06,1425.19,74,10549012.0,1424.514
2025-02-12 13:51:00,0.0,1426.12,1426.12,1425.11,47,6702154.0,1424.52
2025-02-12 13:52:00,0.0,1426.09,1426.45,1426.0,45,6418165.0,1424.526
2025-02-12 13:53:00,0.0,1426.07,1426.08,1425.87,28,3992610.0,1424.529
2025-02-12 13:54:00,0.0,1426.27,1426.27,1425.87,22,3137417.0,1424.531
2025-02-12 13:55:00,0.0,1425.98,1426.27,1425.98,40,5704776.0,1424.536
2025-02-12 13:56:00,0.0,1426.66,1426.66,1425.9,99,14118480.0,1424.548
2025-02-12 13:57:00,0.0,1426.69,1427.47,1426.69,70,9989200.0,1424.561
2025-02-12 13:58:00,0.0,1426.71,1427.03,1426.5,41,5849858.0,1424.568
2025-02-12 13:59:00,0.0,1427.0,1427.48,1426.7,60,8562454.0,1424.579
2025-02-12 14:00:00,0.0,1426.44,1426.99,1426.1,36,5135404.0,1424.584
2025-02-12 14:01:00,0.0,1427.14,1427.14,1426.11,42,5991417.0,1424.59
2025-02-12 14:02:00,0.0,1427.21,1427.21,1426.61,21,2996157.0,1424.594
2025-02-12 14:03:00,0.0,1427.41,1427.56,1427.24,68,9706294.0,1424.608
2025-02-12 14:04:00,0.0,1427.52,1427.52,1427.36,24,3425881.0,1424.613
2025-02-12 14:05:00,0.0,1427.53,1427.66,1427.5,47,6709551.0,1424.623
2025-02-12 14:06:00,0.0,1427.0,1427.64,1427.0,41,5852242.0,1424.631
2025-02-12 14:07:00,0.0,1426.84,1427.2,1426.72,48,6849564.0,1424.639
2025-02-12 14:08:00,0.0,1426.13,1426.72,1426.0,53,7558755.0,1424.645
2025-02-12 14:09:00,0.0,1426.6,1426.66,1426.0,44,6274917.0,1424.65
2025-02-12 14:10:00,0.0,1426.19,1426.6,1426.19,20,2852649.0,1424.652
2025-02-12 14:11:00,0.0,1426.04,1426.28,1426.02,35,4991580.0,1424.656
2025-02-12 14:12:00,0.0,1426.03,1426.53,1426.0,134,19119456.0,1424.67
2025-02-12 14:13:00,0.0,1426.6,1426.6,1426.0,120,17116826.0,1424.684
2025-02-12 14:14:00,0.0,1426.9,1426.98,1426.52,44,6277914.0,1424.691
2025-02-12 14:15:00,0.0,1427.0,1427.0,1426.43,51,7276286.0,1424.698
2025-02-12 14:16:00,0.0,1427.0,1427.0,1426.51,50,7133949.0,1424.706
2025-02-12 14:17:00,0.0,1427.38,1427.41,1427.0,99,14128833.0,1424.722
2025-02-12 14:18:00,0.0,1427.3,1427.38,1426.51,25,3567603.0,1424.726
2025-02-12 14:19:00,0.0,1427.24,1427.3,1427.01,33,4709823.0,1424.732
2025-02-12 14:20:00,0.0,1427.1,1427.12,1426.52,38,5422545.0,1424.738
2025-02-12 14:21:00,0.0,1427.38,1427.5,1427.07,121,17268952.0,1424.758
2025-02-12 14:22:00,0.0,1427.23,1427.49,1426.73,80,11417793.0,1424.772
2025-02-12 14:23:00,0.0,1427.23,1427.23,1426.91,41,5851087.0,1424.778
2025-02-12 14:24:00,0.0,1427.21,1427.23,1427.05,41,5851389.0,1424.785
2025-02-12 14:25:00,0.0,1428.0,1428.0,1427.21,243,34623430.0,1424.833
2025-02-12 14:26:00,0.0,1427.88,1428.0,1427.57,81,11566070.0,1424.849
2025-02-12 14:27:00,0.0,1428.4,1428.48,1427.88,123,17567304.0,1424.877
2025-02-12 14:28:00,0.0,1428.0,1428.3,1428.0,142,20282051.0,1424.909
2025-02-12 14:29:00,0.0,1427.94,1428.03,1427.94,58,8282440.0,1424.92
2025-02-12 14:30:00,0.0,1428.0,1428.0,1427.93,70,9995675.0,1424.934
2025-02-12 14:31:00,0.0,1428.22,1428.23,1427.99,104,14851382.0,1424.954
2025-02-12 14:32:00,0.0,1428.09,1428.27,1428.0,83,11853330.0,1424.971
2025-02-12 14:33:00,0.0,1428.2,1428.2,1428.0,84,11996269.0,1424.988
2025-02-12 14:34:00,0.0,1428.2,1428.22,1428.02,73,10425499.0,1425.003
2025-02-12 14:35:00,0.0,1428.2,1428.21,1428.12,88,12567841.0,1425.02
2025-02-12 14:36:00,0.0,1428.2,1428.22,1428.19,79,11309906.0,1425.036
2025-02-12 14:37:00,0.0,1428.72,1428.99,1428.2,215,30715103.0,1425.083
2025-02-12 14:38:00,0.0,1429.5,1429.5,1428.72,263,37583470.0,1425.146
2025-02-12 14:39:00,0.0,1432.02,1432.38,1429.5,629,89937670.0,1425.341
2025-02-12 14:40:00,0.0,1431.0,1432.4,1430.99,198,28343722.0,1425.411
2025-02-12 14:41:00,0.0,1433.88,1434.0,1431.42,360,51569281.0,1425.555
2025-02-12 14:42:00,0.0,1433.73,1435.0,1433.63,323,46336887.0,1425.717
2025-02-12 14:43:00,0.0,1435.0,1435.0,1433.74,273,39167925.0,1425.852
2025-02-12 14:44:00,0.0,1439.04,1439.88,1435.06,950,136513223.0,1426.411
2025-02-12 14:45:00,0.0,1441.15,1441.2,1438.93,741,106688796.0,1426.908
2025-02-12 14:46:00,0.0,1444.94,1445.0,1441.5,1023,147746290.0,1427.753
2025-02-12 14:47:00,0.0,1443.0,1444.72,1441.0,482,69561122.0,1428.099
2025-02-12 14:48:00,0.0,1445.0,1445.0,1443.0,750,108323765.0,1428.647
2025-02-12 14:49:00,0.0,1443.0,1444.98,1442.12,276,39846420.0,1428.832
2025-02-12 14:50:00,0.0,1442.4,1443.04,1442.0,190,27405417.0,1428.946
2025-02-12 14:51:00,0.0,1441.93,1442.02,1441.0,349,50308941.0,1429.136
2025-02-12 14:52:00,0.0,1441.95,1442.38,1441.92,201,28984407.0,1429.248
2025-02-12 14:53:00,0.0,1442.0,1442.14,1441.21,277,39935270.0,1429.394
2025-02-12 14:54:00,0.0,1442.99,1443.0,1442.0,366,52822025.0,1429.601
2025-02-12 14:55:00,0.0,1443.46,1443.8,1442.99,264,38133235.0,1429.75
2025-02-12 14:56:00,0.0,1443.01,1443.11,1442.7,279,40261654.0,1429.903
2025-02-12 14:57:00,0.0,1442.97,1442.99,1442.0,297,42851553.0,1430.058
2025-02-12 14:58:00,0.0,1442.97,1442.97,1442.97,4,577170.0,1430.06
2025-02-12 14:59:00,0.0,1442.97,1442.97,1442.97,0,0.0,1430.06
2025-02-12 15:00:00,0.0,1443.0,1443.0,1443.0,758,109310136.0,1430.445
2025-02-13 09:30:00,0.0,1443.02,1443.02,1443.02,302,43554673.0,1443.02
2025-02-13 09:31:00,0.0,1439.99,1443.05,1434.51,633,91148760.0,1440.771
2025-02-13 09:32:00,0.0,1443.26,1445.19,1440.07,767,110648444.0,1441.745
2025-02-13 09:33:00,0.0,1446.0,1446.0,1443.04,376,54313647.0,1442.246
2025-02-13 09:34:00,0.0,1448.59,1448.88,1446.0,357,51690658.0,1443.078
2025-02-13 09:35:00,0.0,1448.0,1448.62,1445.03,505,73124790.0,1443.926
2025-02-13 09:36:00,0.0,1447.0,1449.58,1447.0,401,58075746.0,1444.448
2025-02-13 09:37:00,0.0,1448.0,1449.1,1447.59,374,54178503.0,1444.868
2025-02-13 09:38:00,0.0,1447.83,1448.38,1446.0,234,33875062.0,1445.033
2025-02-13 09:39:00,0.0,1449.8,1449.99,1447.67,366,53075715.0,1445.37
2025-02-13 09:40:00,0.0,1451.01,1451.88,1449.8,439,63665812.0,1445.851
2025-02-13 09:41:00,0.0,1449.45,1451.84,1449.45,432,62689528.0,1446.264
2025-02-13 09:42:00,0.0,1452.8,1452.88,1449.5,586,85013962.0,1446.795
2025-02-13 09:43:00,0.0,1452.1,1453.58,1451.47,422,61314150.0,1447.19
2025-02-13 09:44:00,0.0,1454.99,1455.0,1452.1,479,69645343.0,1447.677
2025-02-13 09:45:00,0.0,1454.05,1455.0,1453.83,540,78552168.0,1448.201
2025-02-13 09:46:00,0.0,1457.15,1457.15,1453.22,525,76429093.0,1448.678
2025-02-13 09:47:00,0.0,1457.34,1458.88,1456.0,588,85724653.0,1449.33
2025-02-13 09:48:00,0.0,1453.0,1457.34,1453.0,605,88098504.0,1449.793
2025-02-13 09:49:00,0.0,1450.86,1452.08,1450.01,249,36142445.0,1449.84
2025-02-13 09:50:00,0.0,1450.83,1450.91,1449.01,308,44654651.0,1449.839
2025-02-13 09:51:00,0.0,1451.99,1452.0,1449.19,237,34407969.0,1449.856
2025-02-13 09:52:00,0.0,1451.0,1451.99,1451.0,165,23952531.0,1449.886
2025-02-13 09:53:00,0.0,1451.42,1451.77,1450.82,115,16690665.0,1449.903
2025-02-13 09:54:00,0.0,1453.0,1453.0,1451.42,125,18184625.0,1449.931
2025-02-13 09:55:00,0.0,1452.54,1454.94,1452.54,190,27622957.0,1450.003
2025-02-13 09:56:00,0.0,1454.0,1454.09,1452.54,109,15845691.0,1450.042
2025-02-13 09:57:00,0.0,1454.0,1454.87,1453.12,165,23993828.0,1450.106
2025-02-13 09:58:00,0.0,1452.67,1454.0,1452.66,220,31973802.0,1450.172
2025-02-13 09:59:00,0.0,1452.58,1453.0,1452.01,141,20495411.0,1450.205
2025-02-13 10:00:00,0.0,1452.98,1453.0,1452.59,66,9588655.0,1450.221
2025-02-13 10:01:00,0.0,1454.0,1454.0,1452.6,170,24704279.0,1450.266
2025-02-13 10:02:00,0.0,1453.01,1454.4,1452.88,115,16719515.0,1450.303
2025-02-13 10:03:00,0.0,1455.45,1455.48,1453.96,211,30693158.0,1450.382
2025-02-13 10:04:00,0.0,1456.08,1456.1,1455.6,141,20527780.0,1450.449
2025-02-13 10:05:00,0.0,1456.02,1456.19,1456.02,139,20240036.0,1450.516
2025-02-13 10:06:00,0.0,1456.38,1456.5,1456.0,187,27229682.0,1450.603
2025-02-13 10:07:00,0.0,1456.1,1456.37,1456.1,93,13543337.0,1450.647
2025-02-13 10:08:00,0.0,1455.98,1456.18,1455.0,249,36251431.0,1450.753
2025-02-13 10:09:00,0.0,1455.0,1456.01,1454.81,289,42065508.0,1450.863
2025-02-13 10:10:00,0.0,1454.9,1455.02,1454.83,119,17313901.0,1450.901
2025-02-13 10:11:00,0.0,1456.87,1456.9,1455.5,252,36698498.0,1451.005
2025-02-13 10:12:00,0.0,1457.02,1457.5,1456.87,168,24479163.0,1451.083
2025-02-13 10:13:00,0.0,1456.01,1457.05,1456.0,157,22865980.0,1451.146
2025-02-13 10:14:00,0.0,1456.11,1456.11,1455.02,259,37712220.0,1451.24
2025-02-13 10:15:00,0.0,1456.0,1456.0,1454.0,198,28813674.0,1451.298
2025-02-13 10:16:00,0.0,1456.01,1456.09,1455.33,146,21257683.0,1451.347
2025-02-13 10:17:00,0.0,1457.8,1457.8,1456.01,159,23161639.0,1451.408
2025-02-13 10:18:00,0.0,1458.5,1458.5,1457.0,423,61671519.0,1451.599
2025-02-13 10:19:00,0.0,1460.0,1460.03,1458.73,1051,153405791.0,1452.141
2025-02-13 10:20:00,0.0,1461.2,1461.66,1460.0,329,48060614.0,1452.32
2025-02-13 10:21:00,0.0,1460.94,1461.24,1459.95,227,33160045.0,1452.44
2025-02-13 10:22:00,0.0,1464.44,1464.66,1460.6,594,86865216.0,1452.793
2025-02-13 10:23:00,0.0,1463.1,1464.87,1463.1,287,42023184.0,1452.986
2025-02-13 10:24:00,0.0,1462.08,1463.11,1460.69,184,26906675.0,1453.086
2025-02-13 10:25:00,0.0,1461.69,1462.19,1461.0,137,20024231.0,1453.154
2025-02-13 10:26:00,0.0,1462.99,1462.99,1460.99,174,25437709.0,1453.241
2025-02-13 10:27:00,0.0,1461.99,1464.0,1460.04,321,46953234.0,1453.412
2025-02-13 10:28:00,0.0,1464.0,1464.0,1461.08,226,33051465.0,1453.526
2025-02-13 10:29:00,0.0,1464.87,1464.87,1462.5,229,33534157.0,1453.662
2025-02-13 10:30:00,0.0,1463.0,1465.0,1461.48,346,50665201.0,1453.86
2025-02-13 10:31:00,0.0,1463.2,1463.24,1462.1,148,21648592.0,1453.93
2025-02-13 10:32:00,0.0,1462.46,1463.5,1462.46,243,35557687.0,1454.046
2025-02-13 10:33:00,0.0,1460.02,1462.99,1460.02,137,20027641.0,1454.102
2025-02-13 10:34:00,0.0,1459.05,1460.0,1459.0,130,18973367.0,1454.138
2025-02-13 10:35:00,0.0,1458.0,1459.0,1457.53,130,18956707.0,1454.165
2025-02-13 10:36:00,0.0,1458.0,1458.01,1456.68,137,19969460.0,1454.19
2025-02-13 10:37:00,0.0,1458.5,1458.6,1457.1,137,19972575.0,1454.215
2025-02-13 10:38:00,0.0,1456.78,1458.04,1456.78,128,18656575.0,1454.237
2025-02-13 10:39:00,0.0,1458.77,1458.77,1456.05,197,28710616.0,1454.268
2025-02-13 10:40:00,0.0,1458.0,1458.77,1457.5,133,19391355.0,1454.293
2025-02-13 10:41:00,0.0,1457.11,1458.0,1457.1,253,36881896.0,1454.336
2025-02-13 10:42:00,0.0,1457.85,1458.0,1457.06,91,13263295.0,1454.35
2025-02-13 10:43:00,0.0,1459.0,1459.0,1457.85,108,15734988.0,1454.371
2025-02-13 10:44:00,0.0,1461.9,1461.9,1459.04,122,17816384.0,1454.406
2025-02-13 10:45:00,0.0,1460.09,1461.9,1460.02,77,11247785.0,1454.429
2025-02-13 10:46:00,0.0,1459.0,1459.02,1458.0,69,10068792.0,1454.445
2025-02-13 10:47:00,0.0,1458.07,1459.0,1457.22,89,12977008.0,1454.461
2025-02-13 10:48:00,0.0,1457.96,1458.12,1457.5,81,11809597.0,1454.474
2025-02-13 10:49:00,0.0,1458.29,1458.29,1457.46,94,13705499.0,1454.49
2025-02-13 10:50:00,0.0,1458.67,1459.41,1458.29,92,13421608.0,1454.509
2025-02-13 10:51:00,0.0,1458.0,1458.74,1458.0,100,14582198.0,1454.527
2025-02-13 10:52:00,0.0,1458.0,1458.32,1457.86,69,10060404.0,1454.538
2025-02-13 10:53:00,0.0,1457.48,1458.0,1457.45,106,15450617.0,1454.553
2025-02-13 10:54:00,0.0,1457.31,1457.44,1457.27,46,6703904.0,1454.559
2025-02-13 10:55:00,0.0,1455.86,1457.34,1455.59,154,22429701.0,1454.573
2025-02-13 10:56:00,0.0,1456.6,1456.64,1455.85,72,10483270.0,1454.578
2025-02-13 10:57:00,0.0,1456.65,1456.65,1456.01,79,11547503.0,1454.583
2025-02-13 10:58:00,0.0,1456.96,1457.0,1456.61,51,7430355.0,1454.589
2025-02-13 10:59:00,0.0,1456.59,1456.97,1456.16,70,10195880.0,1454.595
2025-02-13 11:00:00,0.0,1458.89,1458.89,1456.59,210,30603178.0,1454.621
2025-02-13 11:01:00,0.0,1457.72,1458.44,1456.65,62,9036354.0,1454.629
2025-02-13 11:02:00,0.0,1456.72,1457.71,1456.72,50,7285607.0,1454.634
2025-02-13 11:03:00,0.0,1455.16,1456.71,1455.16,87,12668650.0,1454.64
2025-02-13 11:04:00,0.0,1454.81,1455.08,1454.29,123,17894654.0,1454.641
2025-02-13 11:05:00,0.0,1455.5,1455.74,1454.56,45,6547956.0,1454.642
2025-02-13 11:06:00,0.0,1455.03,1455.44,1455.02,69,10041374.0,1454.644
2025-02-13 11:07:00,0.0,1455.49,1455.49,1455.19,28,4075094.0,1454.645
2025-02-13 11:08:00,0.0,1455.74,1455.74,1455.54,39,5677015.0,1454.647
2025-02-13 11:09:00,0.0,1456.98,1457.0,1456.0,39,5680107.0,1454.65
2025-02-13 11:10:00,0.0,1458.0,1458.0,1457.02,64,9327307.0,1454.658
2025-02-13 11:11:00,0.0,1457.99,1458.0,1457.81,26,3790479.0,1454.661
2025-02-13 11:12:00,0.0,1457.68,1457.85,1456.8,88,12825343.0,1454.672
2025-02-13 11:13:00,0.0,1458.6,1458.69,1457.66,101,14726572.0,1454.687
2025-02-13 11:14:00,0.0,1458.69,1458.69,1458.26,67,9771335.0,1454.698
2025-02-13 11:15:00,0.0,1459.72,1459.72,1458.2,75,10942017.0,1454.712
2025-02-13 11:16:00,0.0,1459.88,1459.94,1459.7,79,11532673.0,1454.729
2025-02-13 11:17:00,0.0,1461.43,1461.43,1459.94,259,37817514.0,1454.789
2025-02-13 11:18:00,0.0,1461.86,1462.12,1461.02,120,17541194.0,1454.824
2025-02-13 11:19:00,0.0,1461.85,1462.77,1461.02,168,24560275.0,1454.874
2025-02-13 11:20:00,0.0,1462.23,1462.85,1461.76,89,13015655.0,1454.903
2025-02-13 11:21:00,0.0,1462.5,1462.58,1461.2,92,13448874.0,1454.929
2025-02-13 11:22:00,0.0,1462.49,1462.58,1462.48,82,11992735.0,1454.955
2025-02-13 11:23:00,0.0,1461.5,1462.58,1461.03,67,9796535.0,1454.975
2025-02-13 11:24:00,0.0,1460.0,1461.1,1459.17,70,10221044.0,1454.99
2025-02-13 11:25:00,0.0,1460.72,1460.96,1459.5,58,8469248.0,1455.003
2025-02-13 11:26:00,0.0,1460.6,1460.79,1460.01,50,7302351.0,1455.014
2025-02-13 11:27:00,0.0,1460.0,1460.98,1459.99,50,7302049.0,1455.025
2025-02-13 11:28:00,0.0,1457.6,1460.25,1457.6,86,12550051.0,1455.04
2025-02-13 11:29:00,0.0,1459.99,1460.0,1457.61,60,8804122.0,1455.051
2025-02-13 11:30:00,0.0,1457.0,1460.24,1457.0,94,13665416.0,1455.066
2025-02-13 13:01:00,0.0,1460.7,1460.7,1457.0,211,30821893.0,1455.095
2025-02-13 13:02:00,0.0,1460.0,1461.3,1459.29,216,31501315.0,1455.142
2025-02-13 13:03:00,0.0,1458.92,1459.54,1457.58,155,22612927.0,1455.166
2025-02-13 13:04:00,0.0,1458.8,1458.87,1457.48,56,8167739.0,1455.173
2025-02-13 13:05:00,0.0,1458.7,1458.78,1458.01,46,6707524.0,1455.178
2025-02-13 13:06:00,0.0,1460.88,1460.88,1458.69,81,11821707.0,1455.192
2025-02-13 13:07:00,0.0,1460.13,1461.5,1460.13,122,17826856.0,1455.221
2025-02-13 13:08:00,0.0,1459.77,1460.6,1459.0,64,9341985.0,1455.232
2025-02-13 13:09:00,0.0,1459.83,1459.99,1458.33,59,8608821.0,1455.241
2025-02-13 13:10:00,0.0,1460.0,1460.58,1459.82,64,9345007.0,1455.254
2025-02-13 13:11:00,0.0,1459.99,1460.54,1459.13,46,6717040.0,1455.263
2025-02-13 13:12:00,0.0,1458.38,1460.52,1458.32,91,13282660.0,1455.278
2025-02-13 13:13:00,0.0,1458.97,1459.5,1458.3,38,5543895.0,1455.283
2025-02-13 13:14:00,0.0,1460.0,1460.0,1458.97,56,8173703.0,1455.293
2025-02-13 13:15:00,0.0,1460.0,1460.03,1459.04,116,16934624.0,1455.313
2025-02-13 13:16:00,0.0,1459.82,1460.49,1459.0,102,14890450.0,1455.331
2025-02-13 13:17:00,0.0,1460.87,1460.87,1460.0,70,10222614.0,1455.344
2025-02-13 13:18:00,0.0,1460.0,1460.85,1460.0,51,7448579.0,1455.354
2025-02-13 13:19:00,0.0,1460.61,1460.61,1459.82,93,13581523.0,1455.372
2025-02-13 13:20:00,0.0,1460.77,1460.8,1460.04,47,6864912.0,1455.382
2025-02-13 13:21:00,0.0,1460.05,1460.79,1460.01,34,4965418.0,1455.388
2025-02-13 13:22:00,0.0,1460.02,1460.62,1460.01,82,11973968.0,1455.403
2025-02-13 13:23:00,0.0,1459.98,1460.62,1459.98,82,11972723.0,1455.418
2025-02-13 13:24:00,0.0,1460.58,1460.6,1459.93,112,16352808.0,1455.437
2025-02-13 13:25:00,0.0,1460.7,1460.79,1460.03,64,9348205.0,1455.45
2025-02-13 13:26:00,0.0,1460.73,1460.8,1460.71,58,8472348.0,1455.461
2025-02-13 13:27:00,0.0,1461.35,1461.35,1460.73,135,19722511.0,1455.489
2025-02-13 13:28:00,0.0,1461.38,1461.5,1461.0,50,7307177.0,1455.5
2025-02-13 13:29:00,0.0,1462.0,1462.0,1461.39,96,14033529.0,1455.522
2025-02-13 13:30:00,0.0,1464.0,1464.15,1461.99,388,56774206.0,1455.632
2025-02-13 13:31:00,0.0,1463.8,1464.0,1463.27,86,12589217.0,1455.657
2025-02-13 13:32:00,0.0,1464.6,1464.69,1463.91,189,27704304.0,1455.716
2025-02-13 13:33:00,0.0,1464.95,1464.99,1464.79,185,27100917.0,1455.777
2025-02-13 13:34:00,0.0,1468.0,1468.0,1464.9,1381,202429060.0,1456.248
2025-02-13 13:35:00,0.0,1468.79,1469.1,1468.0,670,98338515.0,1456.525
2025-02-13 13:36:00,0.0,1468.25,1468.79,1468.23,269,39503203.0,1456.632
2025-02-13 13:37:00,0.0,1469.08,1469.2,1468.08,268,39362093.0,1456.738
2025-02-13 13:38:00,0.0,1469.99,1469.99,1469.38,319,46887015.0,1456.874
2025-02-13 13:39:00,0.0,1469.8,1470.0,1469.8,396,58211443.0,1457.04
2025-02-13 13:40:00,0.0,1468.01,1469.75,1468.01,97,14246023.0,1457.076
2025-02-13 13:41:00,0.0,1469.8,1469.8,1468.59,151,22184249.0,1457.134
2025-02-13 13:42:00,0.0,1469.8,1469.9,1468.94,143,21016474.0,1457.191
2025-02-13 13:43:00,0.0,1470.11,1470.3,1469.9,262,38514462.0,1457.297
2025-02-13 13:44:00,0.0,1469.49,1470.5,1469.0,398,58506388.0,1457.454
2025-02-13 13:45:00,0.0,1469.87,1469.87,1468.03,135,19829384.0,1457.501
2025-02-13 13:46:00,0.0,1469.04,1470.41,1469.0,163,23958405.0,1457.563
2025-02-13 13:47:00,0.0,1468.78,1469.08,1468.73,60,8813479.0,1457.584
2025-02-13 13:48:00,0.0,1469.96,1469.96,1468.07,115,16897513.0,1457.625
2025-02-13 13:49:00,0.0,1470.0,1470.05,1469.96,183,26900827.0,1457.694
2025-02-13 13:50:00,0.0,1469.0,1469.99,1468.8,83,12191996.0,1457.722
2025-02-13 13:51:00,0.0,1468.99,1469.62,1468.85,94,13809184.0,1457.754
2025-02-13 13:52:00,0.0,1468.99,1469.6,1468.8,76,11165233.0,1457.78
2025-02-13 13:53:00,0.0,1468.99,1469.95,1468.99,97,14255450.0,1457.815
2025-02-13 13:54:00,0.0,1467.9,1469.46,1467.65,152,22318653.0,1457.863
2025-02-13 13:55:00,0.0,1466.06,1467.74,1466.06,65,9535872.0,1457.881
2025-02-13 13:56:00,0.0,1465.13,1466.54,1465.0,189,27696167.0,1457.923
2025-02-13 13:57:00,0.0,1467.99,1468.0,1465.43,122,17891090.0,1457.954
2025-02-13 13:58:00,0.0,1468.41,1468.82,1467.73,96,14092911.0,1457.982
2025-02-13 13:59:00,0.0,1469.0,1469.0,1468.15,75,11015680.0,1458.006
2025-02-13 14:00:00,0.0,1469.4,1469.42,1468.8,91,13339790.0,1458.036
2025-02-13 14:01:00,0.0,1469.81,1469.81,1469.1,74,10875222.0,1458.061
2025-02-13 14:02:00,0.0,1469.67,1470.0,1469.48,161,23665311.0,1458.117
2025-02-13 14:03:00,0.0,1469.97,1469.98,1469.0,106,15581158.0,1458.153
2025-02-13 14:04:00,0.0,1470.0,1470.0,1469.96,126,18521783.0,1458.196
2025-02-13 14:05:00,0.0,1469.91,1470.0,1469.9,96,14111668.0,1458.229
2025-02-13 14:06:00,0.0,1470.65,1470.65,1469.91,376,55268000.0,1458.356
2025-02-13 14:07:00,0.0,1471.83,1471.83,1470.66,195,28685653.0,1458.427
2025-02-13 14:08:00,0.0,1471.47,1471.87,1471.47,140,20605350.0,1458.48
2025-02-13 14:09:00,0.0,1471.57,1471.57,1471.0,86,12652942.0,1458.511
2025-02-13 14:10:00,0.0,1473.0,1473.0,1471.57,359,52853826.0,1458.649
2025-02-13 14:11:00,0.0,1474.98,1475.0,1473.11,410,60447728.0,1458.827
2025-02-13 14:12:00,0.0,1474.56,1475.25,1474.5,386,56934442.0,1458.997
2025-02-13 14:13:00,0.0,1475.1,1475.1,1474.51,242,35693468.0,1459.102
2025-02-13 14:14:00,0.0,1474.57,1475.22,1474.56,174,25663820.0,1459.177
2025-02-13 14:15:00,0.0,1474.67,1474.92,1473.8,169,24913083.0,1459.245
2025-02-13 14:16:00,0.0,1474.94,1475.0,1474.51,118,17402621.0,1459.294
2025-02-13 14:17:00,0.0,1475.06,1475.08,1474.98,185,27287745.0,1459.372
2025-02-13 14:18:00,0.0,1472.38,1475.05,1472.38,182,26828963.0,1459.443
2025-02-13 14:19:00,0.0,1473.22,1474.0,1472.3,145,21363203.0,1459.496
2025-02-13 14:20:00,0.0,1473.07,1473.9,1473.07,116,17092098.0,1459.539
2025-02-13 14:21:00,0.0,1471.99,1472.5,1471.9,144,21198785.0,1459.587
2025-02-13 14:22:00,0.0,1472.29,1472.29,1471.5,126,18545971.0,1459.628
2025-02-13 14:23:00,0.0,1471.82,1472.56,1471.82,78,11482946.0,1459.653
2025-02-13 14:24:00,0.0,1471.3,1471.77,1471.3,109,16039315.0,1459.687
2025-02-13 14:25:00,0.0,1469.75,1471.3,1469.75,125,18389952.0,1459.722
2025-02-13 14:26:00,0.0,1469.65,1469.75,1469.03,74,10873333.0,1459.741
2025-02-13 14:27:00,0.0,1469.1,1469.65,1469.07,85,12489064.0,1459.762
2025-02-13 14:28:00,0.0,1468.87,1469.02,1468.22,129,18948601.0,1459.792
2025-02-13 14:29:00,0.0,1467.77,1468.77,1467.77,102,14975208.0,1459.814
2025-02-13 14:30:00,0.0,1467.5,1468.03,1467.06,163,23924520.0,1459.847
2025-02-13 14:31:00,0.0,1467.0,1467.0,1465.52,152,22288840.0,1459.873
2025-02-13 14:32:00,0.0,1467.05,1467.05,1466.42,100,14594765.0,1459.89
2025-02-13 14:33:00,0.0,1466.04,1467.34,1466.04,179,26185315.0,1459.922
2025-02-13 14:34:00,0.0,1465.31,1466.39,1465.25,139,20372677.0,1459.942
2025-02-13 14:35:00,0.0,1467.0,1467.0,1465.3,117,17150252.0,1459.96
2025-02-13 14:36:00,0.0,1468.03,1468.03,1466.6,104,15264638.0,1459.98
2025-02-13 14:37:00,0.0,1468.5,1468.5,1468.05,88,12920629.0,1459.998
2025-02-13 14:38:00,0.0,1466.67,1468.5,1466.67,120,17612435.0,1460.022
2025-02-13 14:39:00,0.0,1466.59,1467.05,1466.58,73,10707616.0,1460.034
2025-02-13 14:40:00,0.0,1466.11,1466.58,1466.1,107,15689521.0,1460.051
2025-02-13 14:41:00,0.0,1465.5,1466.5,1465.5,140,20524063.0,1460.071
2025-02-13 14:42:00,0.0,1464.5,1466.0,1464.5,225,32970156.0,1460.1
2025-02-13 14:43:00,0.0,1464.06,1464.69,1464.02,160,23429544.0,1460.117
2025-02-13 14:44:00,0.0,1464.14,1464.69,1464.01,140,20499309.0,1460.131
2025-02-13 14:45:00,0.0,1463.01,1464.19,1463.0,265,38783188.0,1460.153
2025-02-13 14:46:00,0.0,1463.1,1464.15,1463.0,161,23560852.0,1460.166
2025-02-13 14:47:00,0.0,1466.0,1466.0,1464.18,123,18016884.0,1460.179
2025-02-13 14:48:00,0.0,1463.22,1466.0,1463.22,276,40425026.0,1460.209
2025-02-13 14:49:00,0.0,1463.29,1463.48,1463.11,94,13754820.0,1460.216
2025-02-13 14:50:00,0.0,1464.58,1464.58,1463.18,120,17567636.0,1460.227
2025-02-13 14:51:00,0.0,1465.34,1465.5,1464.51,129,18897084.0,1460.241
2025-02-13 14:52:00,0.0,1465.0,1465.69,1464.9,169,24764071.0,1460.262
2025-02-13 14:53:00,0.0,1465.22,1465.22,1464.9,148,21681593.0,1460.278
2025-02-13 14:54:00,0.0,1465.38,1465.87,1465.35,114,16706638.0,1460.292
2025-02-13 14:55:00,0.0,1465.3,1465.88,1465.3,152,22276089.0,1460.311
2025-02-13 14:56:00,0.0,1465.33,1465.5,1465.3,196,28704031.0,1460.334
2025-02-13 14:57:00,0.0,1465.1,1465.3,1465.0,150,21977183.0,1460.351
2025-02-13 14:58:00,0.0,1465.06,1465.06,1465.06,8,1172030.0,1460.352
2025-02-13 14:59:00,0.0,1465.06,1465.06,1465.06,0,0.0,1460.352
2025-02-13 15:00:00,0.0,1465.06,1465.06,1465.06,420,61532520.0,1460.397
2025-02-14 09:30:00,1465.06,1465.06,1465.06,1465.06,333,48760127.0,1465.06
2025-02-14 09:31:00,1465.06,1463.98,1465.09,1461.5,839,122910530.0,1464.517
2025-02-14 09:32:00,1462.34,1463.86,1465.0,1462.29,437,63949375.0,1464.206
2025-02-14 09:33:00,1463.05,1465.88,1465.99,1463.05,378,55369484.0,1464.305
2025-02-14 09:34:00,1465.94,1466.52,1467.49,1465.0,217,31812245.0,1464.472
2025-02-14 09:35:00,1466.59,1464.04,1467.5,1464.04,185,27116851.0,1464.573
2025-02-14 09:36:00,1463.57,1462.14,1463.57,1462.12,206,30117229.0,1464.425
2025-02-14 09:37:00,1462.12,1462.16,1463.04,1461.24,244,35670026.0,1464.207
2025-02-14 09:38:00,1463.0,1465.0,1465.0,1462.01,191,27945324.0,1464.137
2025-02-14 09:39:00,1464.88,1464.64,1464.88,1463.11,89,13030416.0,1464.136
2025-02-14 09:40:00,1464.87,1466.53,1467.0,1464.45,518,75902107.0,1464.301
2025-02-14 09:41:00,1466.91,1466.95,1467.48,1465.55,158,23174268.0,1464.402
2025-02-14 09:42:00,1467.0,1469.59,1469.6,1467.0,236,34658389.0,1464.646
2025-02-14 09:43:00,1469.59,1468.99,1469.87,1468.0,154,22627192.0,1464.817
2025-02-14 09:44:00,1468.0,1467.45,1468.9,1467.02,120,17617932.0,1464.91
2025-02-14 09:45:00,1468.0,1467.99,1468.14,1467.0,84,12328368.0,1464.963
2025-02-14 09:46:00,1467.99,1467.81,1468.0,1467.0,132,19374272.0,1465.044
2025-02-14 09:47:00,1468.4,1470.6,1470.89,1468.4,189,27835429.0,1465.227
2025-02-14 09:48:00,1470.99,1472.0,1474.0,1470.99,356,52433587.0,1465.763
2025-02-14 09:49:00,1471.19,1469.03,1472.8,1468.45,258,37948904.0,1466.011
2025-02-14 09:50:00,1468.47,1467.05,1468.47,1466.03,203,29788555.0,1466.063
2025-02-14 09:51:00,1467.0,1468.76,1469.4,1466.58,338,49639727.0,1466.211
2025-02-14 09:52:00,1467.95,1465.02,1467.95,1465.02,195,28598727.0,1466.223
2025-02-14 09:53:00,1465.01,1465.0,1466.18,1465.0,219,32111323.0,1466.192
2025-02-14 09:54:00,1465.0,1463.85,1465.0,1463.83,86,12591685.0,1466.165
2025-02-14 09:55:00,1463.0,1463.12,1463.87,1462.15,256,37446697.0,1466.033
2025-02-14 09:56:00,1462.98,1462.36,1463.76,1462.36,110,16092266.0,1465.983
2025-02-14 09:57:00,1462.55,1462.74,1464.35,1462.51,144,21072620.0,1465.928
2025-02-14 09:58:00,1463.8,1462.81,1463.8,1462.56,92,13459817.0,1465.89
2025-02-14 09:59:00,1462.81,1461.31,1462.81,1461.2,197,28803658.0,1465.786
2025-02-14 10:00:00,1461.01,1461.28,1461.5,1460.01,204,29801716.0,1465.648
2025-02-14 10:01:00,1461.33,1462.67,1462.94,1461.01,127,18566953.0,1465.585
2025-02-14 10:02:00,1462.67,1463.0,1463.05,1462.67,50,7325905.0,1465.567
2025-02-14 10:03:00,1463.0,1462.0,1463.0,1462.0,104,15214828.0,1465.53
2025-02-14 10:04:00,1461.59,1460.12,1462.0,1460.09,105,15336135.0,1465.463
2025-02-14 10:05:00,1460.12,1458.22,1461.0,1458.22,300,43794487.0,1465.253
2025-02-14 10:06:00,1458.22,1459.24,1460.25,1458.22,194,28318042.0,1465.122
2025-02-14 10:07:00,1459.4,1461.0,1461.98,1459.4,173,25267495.0,1465.028
2025-02-14 10:08:00,1460.9,1460.02,1461.07,1459.34,94,13724510.0,1464.973
2025-02-14 10:09:00,1459.64,1459.11,1460.03,1459.1,126,18391672.0,1464.895
2025-02-14 10:10:00,1459.1,1460.8,1460.94,1459.1,113,16497030.0,1464.831
2025-02-14 10:11:00,1460.04,1461.99,1461.99,1460.04,53,7741978.0,1464.807
2025-02-14 10:12:00,1461.8,1462.0,1462.0,1461.09,56,8186089.0,1464.788
2025-02-14 10:13:00,1461.98,1462.1,1462.1,1461.2,50,7309267.0,1464.771
2025-02-14 10:14:00,1462.23,1462.15,1462.68,1462.15,39,5703081.0,1464.76
2025-02-14 10:15:00,1462.15,1462.0,1462.15,1461.27,48,7016459.0,1464.744
2025-02-14 10:16:00,1462.15,1463.6,1463.75,1462.02,52,7606067.0,1464.733
2025-02-14 10:17:00,1463.6,1462.37,1463.6,1462.25,34,4973341.0,1464.725
2025-02-14 10:18:00,1462.26,1462.22,1462.65,1462.22,30,4386925.0,1464.717
2025-02-14 10:19:00,1462.2,1461.8,1462.26,1461.8,56,8188085.0,1464.702
2025-02-14 10:20:00,1461.99,1461.7,1462.3,1461.7,45,6579129.0,1464.689
2025-02-14 10:21:00,1461.7,1461.5,1461.7,1461.08,41,6039601.0,1464.674
2025-02-14 10:22:00,1461.7,1461.7,1461.7,1461.13,42,6138430.0,1464.659
2025-02-14 10:23:00,1461.7,1461.69,1461.7,1461.15,37,5407632.0,1464.647
2025-02-14 10:24:00,1461.7,1460.88,1461.7,1460.88,48,7014419.0,1464.63
2025-02-14 10:25:00,1460.88,1459.27,1460.88,1459.27,86,12556768.0,1464.589
2025-02-14 10:26:00,1460.0,1459.42,1460.07,1459.28,36,5254921.0,1464.57
2025-02-14 10:27:00,1459.41,1459.42,1460.05,1459.4,37,5400350.0,1464.551
2025-02-14 10:28:00,1459.42,1460.34,1460.34,1459.2,84,12259880.0,1464.507
2025-02-14 10:29:00,1460.34,1460.79,1461.5,1460.0,52,7595320.0,1464.486
2025-02-14 10:30:00,1460.79,1461.5,1461.5,1460.62,34,4968453.0,1464.475
2025-02-14 10:31:00,1460.95,1460.26,1461.1,1459.53,67,9784037.0,1464.446
2025-02-14 10:32:00,1459.64,1459.0,1459.64,1459.0,111,16197031.0,1464.388
2025-02-14 10:33:00,1459.0,1459.55,1459.55,1458.88,64,9277817.0,1464.355
2025-02-14 10:34:00,1459.55,1459.56,1459.64,1459.45,33,4816602.0,1464.339
2025-02-14 10:35:00,1459.56,1459.55,1459.56,1459.55,19,2773141.0,1464.33
2025-02-14 10:36:00,1459.55,1461.04,1461.18,1459.55,57,8322921.0,1464.306
2025-02-14 10:37:00,1461.05,1461.4,1461.57,1461.05,34,4969180.0,1464.297
2025-02-14 10:38:00,1461.4,1461.7,1461.7,1461.19,46,6722818.0,1464.284
2025-02-14 10:39:00,1461.61,1462.0,1462.0,1461.61,27,3947184.0,1464.278
2025-02-14 10:40:00,1462.0,1462.69,1462.69,1462.0,50,7360754.0,1464.268
2025-02-14 10:41:00,1462.65,1463.14,1463.14,1462.65,33,4827884.0,1464.263
2025-02-14 10:42:00,1463.6,1463.74,1464.0,1463.6,39,5709044.0,1464.262
2025-02-14 10:43:00,1463.74,1463.93,1463.96,1463.74,36,5270045.0,1464.261
2025-02-14 10:44:00,1463.83,1462.89,1463.92,1462.89,36,5268760.0,1464.258
2025-02-14 10:45:00,1463.0,1463.68,1463.68,1462.89,24,3512026.0,1464.256
2025-02-14 10:46:00,1463.26,1463.25,1463.5,1462.93,28,4097182.0,1464.253
2025-02-14 10:47:00,1463.33,1462.96,1463.34,1462.0,37,5412430.0,1464.248
2025-02-14 10:48:00,1462.96,1464.95,1464.95,1462.51,77,11269311.0,1464.243
2025-02-14 10:49:00,1464.62,1462.95,1465.0,1462.68,66,9664129.0,1464.243
2025-02-14 10:50:00,1463.47,1462.67,1464.06,1462.47,48,7022183.0,1464.238
2025-02-14 10:51:00,1462.69,1463.35,1463.66,1462.69,65,9509451.0,1464.23
2025-02-14 10:52:00,1463.45,1463.54,1463.66,1463.03,102,14927211.0,1464.223
2025-02-14 10:53:00,1463.54,1463.66,1463.91,1463.0,86,12586257.0,1464.217
2025-02-14 10:54:00,1463.99,1464.44,1464.44,1463.68,40,5856297.0,1464.217
2025-02-14 10:55:00,1464.69,1466.49,1467.14,1464.69,106,15537892.0,1464.232
2025-02-14 10:56:00,1466.5,1467.0,1467.0,1466.4,102,14958720.0,1464.253
2025-02-14 10:57:00,1467.02,1466.4,1467.02,1464.76,72,10555373.0,1464.265
2025-02-14 10:58:00,1465.26,1465.1,1466.03,1464.01,69,10111088.0,1464.271
2025-02-14 10:59:00,1466.29,1465.99,1466.29,1464.63,41,6008850.0,1464.276
2025-02-14 11:00:00,1465.03,1465.01,1465.1,1464.1,42,6151957.0,1464.278
2025-02-14 11:01:00,1464.05,1463.89,1464.05,1462.67,44,6440388.0,1464.276
2025-02-14 11:02:00,1463.89,1463.16,1463.95,1463.05,34,4975936.0,1464.273
2025-02-14 11:03:00,1463.95,1462.97,1463.97,1462.97,56,8194819.0,1464.269
2025-02-14 11:04:00,1463.88,1463.81,1463.88,1462.46,37,5413723.0,1464.266
2025-02-14 11:05:00,1463.0,1462.99,1463.82,1462.43,44,6436648.0,1464.26
2025-02-14 11:06:00,1462.86,1462.22,1464.01,1462.06,158,23123865.0,1464.25
2025-02-14 11:07:00,1462.23,1463.62,1463.78,1462.23,25,3658862.0,1464.249
2025-02-14 11:08:00,1463.62,1463.78,1464.01,1463.31,39,5708702.0,1464.247
2025-02-14 11:09:00,1463.79,1464.01,1464.01,1463.79,40,5855541.0,1464.246
2025-02-14 11:10:00,1464.03,1462.49,1464.03,1461.89,110,16089230.0,1464.232
2025-02-14 11:11:00,1462.49,1462.22,1463.2,1461.98,41,5996226.0,1464.226
2025-02-14 11:12:00,1463.21,1465.01,1465.01,1463.2,106,15520545.0,1464.225
2025-02-14 11:13:00,1465.57,1467.8,1469.49,1465.57,298,43748236.0,1464.318
2025-02-14 11:14:00,1467.07,1467.83,1468.0,1466.09,58,8510540.0,1464.332
2025-02-14 11:15:00,1467.98,1468.63,1469.29,1466.27,181,26585221.0,1464.396
2025-02-14 11:16:00,1466.74,1468.5,1469.3,1466.74,110,16157375.0,1464.434
2025-02-14 11:17:00,1468.58,1466.41,1468.58,1466.41,66,9687170.0,1464.451
2025-02-14 11:18:00,1466.94,1466.33,1466.94,1465.8,59,8651419.0,1464.46
2025-02-14 11:19:00,1466.36,1464.98,1466.36,1464.58,69,10110772.0,1464.464
2025-02-14 11:20:00,1464.59,1464.99,1465.84,1464.59,29,4249433.0,1464.466
2025-02-14 11:21:00,1465.84,1466.81,1467.82,1465.84,76,11146332.0,1464.479
2025-02-14 11:22:00,1466.81,1465.36,1466.81,1465.36,35,5131442.0,1464.483
2025-02-14 11:23:00,1465.37,1465.25,1465.37,1465.25,45,6594004.0,1464.486
2025-02-14 11:24:00,1465.25,1465.03,1465.37,1465.03,70,10257318.0,1464.491
2025-02-14 11:25:00,1465.24,1464.18,1465.35,1464.18,67,9813920.0,1464.492
2025-02-14 11:26:00,1464.2,1464.99,1464.99,1464.0,57,8345472.0,1464.49
2025-02-14 11:27:00,1465.0,1466.65,1466.66,1465.0,71,10409704.0,1464.499
2025-02-14 11:28:00,1466.63,1466.91,1467.7,1466.63,72,10561998.0,1464.512
2025-02-14 11:29:00,1466.91,1467.74,1468.14,1466.91,74,10861321.0,1464.53
2025-02-14 11:30:00,1467.7,1467.0,1467.74,1467.0,62,9096690.0,1464.542
2025-02-14 13:01:00,1466.63,1467.6,1468.19,1466.63,198,29050603.0,1464.58
2025-02-14 13:02:00,1467.3,1468.48,1468.49,1467.3,80,11810274.0,1464.6
2025-02-14 13:03:00,1468.5,1467.23,1469.0,1467.23,83,12188507.0,1464.623
2025-02-14 13:04:00,1467.01,1466.16,1467.37,1466.0,93,13643655.0,1464.64
2025-02-14 13:05:00,1467.12,1468.0,1469.2,1467.12,48,7046322.0,1464.651
2025-02-14 13:06:00,1468.98,1466.76,1468.98,1466.76,51,7483525.0,1464.661
2025-02-14 13:07:00,1466.76,1467.2,1467.2,1466.15,53,7773157.0,1464.668
2025-02-14 13:08:00,1466.21,1466.13,1467.15,1466.13,40,5865287.0,1464.673
2025-02-14 13:09:00,1466.02,1465.3,1466.15,1465.3,60,8793983.0,1464.677
2025-02-14 13:10:00,1465.12,1465.02,1465.64,1465.02,44,6447262.0,1464.679
2025-02-14 13:11:00,1465.45,1466.28,1466.28,1465.45,50,7330190.0,1464.683
2025-02-14 13:12:00,1466.01,1467.0,1467.0,1465.7,44,6451779.0,1464.688
2025-02-14 13:13:00,1467.0,1468.5,1468.67,1467.0,114,16727687.0,1464.709
2025-02-14 13:14:00,1468.66,1469.0,1469.35,1468.49,98,14394671.0,1464.737
2025-02-14 13:15:00,1469.33,1467.33,1469.33,1467.33,40,5873143.0,1464.746
2025-02-14 13:16:00,1468.0,1467.88,1468.0,1467.0,34,4988914.0,1464.752
2025-02-14 13:17:00,1467.88,1467.82,1468.3,1467.0,54,7926895.0,1464.764
2025-02-14 13:18:00,1467.0,1467.81,1468.0,1467.0,92,13503956.0,1464.783
2025-02-14 13:19:00,1467.21,1466.55,1467.21,1466.55,79,11590513.0,1464.796
2025-02-14 13:20:00,1466.35,1468.48,1468.48,1466.28,99,14522152.0,1464.809
2025-02-14 13:21:00,1468.66,1467.0,1468.96,1467.0,54,7925728.0,1464.82
2025-02-14 13:22:00,1467.26,1466.85,1467.26,1466.85,42,6161288.0,1464.826
2025-02-14 13:23:00,1466.86,1467.98,1468.65,1466.86,82,12031967.0,1464.839
2025-02-14 13:24:00,1466.95,1466.67,1467.99,1466.67,23,3374047.0,1464.842
2025-02-14 13:25:00,1467.88,1466.7,1468.0,1466.31,86,12614457.0,1464.853
2025-02-14 13:26:00,1468.0,1467.42,1468.43,1466.69,158,23182604.0,1464.878
2025-02-14 13:27:00,1468.69,1468.82,1468.88,1467.12,53,7781955.0,1464.889
2025-02-14 13:28:00,1468.76,1469.0,1469.49,1468.75,84,12339706.0,1464.911
2025-02-14 13:29:00,1469.0,1468.89,1469.32,1467.56,87,12779009.0,1464.933
2025-02-14 13:30:00,1468.99,1468.73,1468.99,1467.59,41,6020369.0,1464.942
2025-02-14 13:31:00,1468.73,1468.73,1468.73,1468.0,48,7048237.0,1464.953
2025-02-14 13:32:00,1468.73,1468.72,1468.9,1468.7,98,14392286.0,1464.975
2025-02-14 13:33:00,1468.03,1469.0,1469.0,1467.57,86,12630298.0,1464.995
2025-02-14 13:34:00,1468.97,1468.99,1468.99,1468.09,25,3671851.0,1465.001
2025-02-14 13:35:00,1468.98,1468.15,1468.98,1468.12,55,8076087.0,1465.012
2025-02-14 13:36:00,1468.15,1468.86,1468.86,1468.12,48,7047388.0,1465.022
2025-02-14 13:37:00,1468.15,1468.79,1468.8,1468.09,58,8516833.0,1465.034
2025-02-14 13:38:00,1468.7,1467.1,1468.78,1467.1,71,10422467.0,1465.047
2025-02-14 13:39:00,1467.04,1465.3,1467.04,1465.05,78,11433033.0,1465.05
2025-02-14 13:40:00,1464.88,1463.02,1465.06,1463.02,89,13031431.0,1465.046
2025-02-14 13:41:00,1463.21,1465.06,1465.06,1462.08,118,17270963.0,1465.036
2025-02-14 13:42:00,1465.6,1463.0,1465.88,1462.31,76,11133267.0,1465.035
2025-02-14 13:43:00,1462.31,1462.09,1463.12,1462.0,97,14184019.0,1465.019
2025-02-14 13:44:00,1462.03,1463.75,1463.75,1462.03,159,23255753.0,1464.996
2025-02-14 13:45:00,1463.75,1464.82,1464.83,1463.75,50,7320970.0,1464.994
2025-02-14 13:46:00,1463.46,1465.01,1465.87,1463.4,42,6152420.0,1464.994
2025-02-14 13:47:00,1464.39,1464.99,1465.8,1463.71,38,5566888.0,1464.994
2025-02-14 13:48:00,1464.98,1465.04,1465.77,1463.69,42,6154080.0,1464.993
2025-02-14 13:49:00,1464.21,1464.88,1465.03,1464.1,33,4832700.0,1464.992
2025-02-14 13:50:00,1464.88,1465.99,1466.65,1464.12,119,17440512.0,1464.996
2025-02-14 13:51:00,1465.01,1467.0,1467.0,1465.01,74,10849966.0,1465.002
2025-02-14 13:52:00,1467.69,1466.54,1468.3,1466.52,122,17907997.0,1465.022
2025-02-14 13:53:00,1467.93,1468.01,1468.01,1467.72,112,16440890.0,1465.04
2025-02-14 13:54:00,1467.85,1468.37,1469.0,1467.85,139,20439206.0,1465.07
2025-02-14 13:55:00,1468.35,1468.79,1468.98,1467.79,80,11749917.0,1465.086
2025-02-14 13:56:00,1468.85,1469.5,1469.5,1468.78,155,22770129.0,1465.121
2025-02-14 13:57:00,1469.5,1469.98,1470.0,1469.5,222,32628952.0,1465.178
2025-02-14 13:58:00,1469.99,1471.8,1472.0,1469.99,376,55291689.0,1465.286
2025-02-14 13:59:00,1471.65,1471.0,1471.91,1470.59,87,12802178.0,1465.316
2025-02-14 14:00:00,1470.61,1471.18,1471.18,1470.61,100,14708306.0,1465.345
2025-02-14 14:01:00,1471.18,1472.0,1472.0,1471.02,231,33997814.0,1465.424
2025-02-14 14:02:00,1472.0,1473.0,1473.17,1472.0,188,27688742.0,1465.496
2025-02-14 14:03:00,1473.0,1471.97,1473.01,1471.97,105,15462307.0,1465.535
2025-02-14 14:04:00,1471.93,1471.1,1472.0,1471.0,172,25309177.0,1465.588
2025-02-14 14:05:00,1471.88,1471.11,1472.4,1471.11,149,21932853.0,1465.637
2025-02-14 14:06:00,1471.77,1471.0,1472.11,1471.0,109,15967519.0,1465.67
2025-02-14 14:07:00,1471.0,1470.98,1471.0,1470.33,89,13090276.0,1465.693
2025-02-14 14:08:00,1470.75,1471.0,1471.02,1470.75,66,9709477.0,1465.712
2025-02-14 14:09:00,1471.0,1470.82,1471.02,1470.74,71,10443765.0,1465.73
2025-02-14 14:10:00,1470.82,1471.0,1471.0,1470.75,123,18092760.0,1465.762
2025-02-14 14:11:00,1470.76,1471.78,1471.83,1470.76,103,15154372.0,1465.791
2025-02-14 14:12:00,1471.77,1472.28,1472.28,1471.77,135,19873310.0,1465.833
2025-02-14 14:13:00,1472.28,1472.91,1473.01,1472.28,168,24742819.0,1465.89
2025-02-14 14:14:00,1472.6,1473.98,1474.0,1472.51,318,46867359.0,1466.007
2025-02-14 14:15:00,1474.0,1475.88,1475.89,1474.0,564,83192407.0,1466.243
2025-02-14 14:16:00,1475.88,1473.03,1475.93,1473.03,212,31270588.0,1466.33
2025-02-14 14:17:00,1473.03,1473.95,1473.99,1472.5,103,15171306.0,1466.362
2025-02-14 14:18:00,1473.52,1473.28,1474.0,1472.5,104,15322234.0,1466.395
2025-02-14 14:19:00,1473.0,1474.0,1474.0,1473.0,102,15012142.0,1466.428
2025-02-14 14:20:00,1473.96,1474.17,1474.48,1473.4,115,16952774.0,1466.469
2025-02-14 14:21:00,1474.85,1475.68,1475.68,1474.12,162,23942615.0,1466.533
2025-02-14 14:22:00,1475.7,1474.87,1475.97,1474.87,168,24792497.0,1466.603
2025-02-14 14:23:00,1474.99,1475.55,1475.55,1474.87,129,19059756.0,1466.653
2025-02-14 14:24:00,1475.52,1475.26,1475.52,1474.87,79,11655556.0,1466.683
2025-02-14 14:25:00,1475.26,1475.0,1475.26,1474.31,80,11798331.0,1466.712
2025-02-14 14:26:00,1475.0,1474.7,1475.28,1474.7,101,14825578.0,1466.75
2025-02-14 14:27:00,1475.0,1474.89,1475.0,1474.17,111,16369292.0,1466.789
2025-02-14 14:28:00,1474.98,1474.89,1475.11,1474.89,65,9587224.0,1466.812
2025-02-14 14:29:00,1474.99,1475.19,1475.2,1474.99,98,14455802.0,1466.847
2025-02-14 14:30:00,1475.2,1474.8,1475.2,1474.8,57,8407664.0,1466.868
2025-02-14 14:31:00,1474.93,1473.0,1474.93,1473.0,82,12089496.0,1466.894
2025-02-14 14:32:00,1473.0,1475.15,1475.15,1472.92,139,20492007.0,1466.938
2025-02-14 14:33:00,1475.0,1475.92,1476.0,1474.98,280,41319059.0,1467.043
2025-02-14 14:34:00,1475.53,1474.39,1475.9,1474.39,146,21536560.0,1467.093
2025-02-14 14:35:00,1474.96,1474.2,1475.0,1474.2,56,8258731.0,1467.111
2025-02-14 14:36:00,1474.2,1473.01,1474.2,1473.0,66,9724857.0,1467.129
2025-02-14 14:37:00,1473.89,1474.98,1475.0,1473.89,107,15778531.0,1467.162
2025-02-14 14:38:00,1474.98,1476.0,1476.0,1474.66,178,26262969.0,1467.224
2025-02-14 14:39:00,1475.48,1475.99,1476.0,1475.37,181,26712563.0,1467.288
2025-02-14 14:40:00,1475.99,1476.84,1476.84,1475.91,361,53289097.0,1467.419
2025-02-14 14:41:00,1476.91,1476.86,1477.0,1476.59,160,23630264.0,1467.48
2025-02-14 14:42:00,1476.86,1475.03,1476.86,1475.03,48,7085543.0,1467.497
2025-02-14 14:43:00,1475.05,1476.6,1476.6,1475.05,165,24356699.0,1467.554
2025-02-14 14:44:00,1476.8,1476.88,1476.88,1476.73,175,25846298.0,1467.619
2025-02-14 14:45:00,1476.88,1476.41,1476.9,1476.41,109,16097054.0,1467.659
2025-02-14 14:46:00,1476.4,1476.39,1476.89,1476.39,98,14470309.0,1467.693
2025-02-14 14:47:00,1475.91,1475.9,1475.99,1475.0,130,19185152.0,1467.735
2025-02-14 14:48:00,1475.89,1475.0,1475.89,1474.42,126,18584513.0,1467.77
2025-02-14 14:49:00,1474.93,1473.4,1474.93,1473.15,97,14301525.0,1467.795
2025-02-14 14:50:00,1473.4,1474.08,1474.8,1473.39,73,10760956.0,1467.813
2025-02-14 14:51:00,1474.35,1475.48,1475.48,1474.35,146,21533236.0,1467.853
2025-02-14 14:52:00,1475.23,1474.02,1475.26,1474.02,94,13817659.0,1467.878
2025-02-14 14:53:00,1474.01,1473.61,1474.01,1473.43,93,13705896.0,1467.899
2025-02-14 14:54:00,1473.52,1474.03,1474.05,1473.52,170,25057201.0,1467.938
2025-02-14 14:55:00,1474.01,1474.8,1474.86,1474.0,107,15777389.0,1467.965
2025-02-14 14:56:00,1474.86,1474.48,1474.86,1474.03,119,17544707.0,1467.994
2025-02-14 14:57:00,1474.48,1474.49,1474.5,1473.52,151,22270768.0,1468.029
2025-02-14 14:58:00,1474.0,1474.0,1474.0,1474.0,1,147400.0,1468.029
2025-02-14 14:59:00,1474.0,1474.0,1474.0,1474.0,0,0.0,1468.029
2025-02-14 15:00:00,1475.0,1475.0,1475.0,1475.0,499,73602500.0,1468.157
